Grip_Fact,fd,time75_s,score
0.5,2,7.26069533041219,0
0.6,2,6.19668535121709,0
0.7,2,6.19199313623768,0
0.8,2,6.19114662137073,0
0.9,2,6.19012122217198,0
0.5,2.08333333333333,7.29283158907081,0
0.6,2.08333333333333,6.07023764701559,0
0.7,2.08333333333333,6.06621053394122,0
0.8,2.08333333333333,6.06450755079781,0
0.9,2.08333333333333,6.0631340289113,0
0.5,2.16666666666667,7.30635170297602,0
0.6,2.16666666666667,5.95182838550353,0
0.7,2.16666666666667,5.94606362891648,0
0.8,2.16666666666667,5.9446258422996,0
0.9,2.16666666666667,5.94319639397765,0
0.5,2.25,7.33934285985506,0
0.6,2.25,5.8386775257126,0
0.7,2.25,5.83375405173795,0
0.8,2.25,5.8323769707261,0
0.9,2.25,5.83123244057764,0
0.5,2.33333333333333,7.30255339269346,0
0.6,2.33333333333333,5.73451614406509,0
0.7,2.33333333333333,5.72880919815374,0
0.8,2.33333333333333,5.72539439588511,0
0.9,2.33333333333333,5.72449880780909,0
0.5,2.41666666666667,7.29080719006084,0
0.6,2.41666666666667,6.1823449312072,0
0.7,2.41666666666667,5.62704121824372,1.88497158385064
0.8,2.41666666666667,5.62440442601351,1.97328885119777
0.9,2.41666666666667,5.62265906070933,2.03179404163796
0.5,2.5,7.29265398448617,0
0.6,2.5,6.51368308649553,0
0.7,2.5,5.53148627930364,5.13927134127324
0.8,2.5,5.52951932114705,5.20744117774446
0.9,2.5,5.52794292013675,5.26211030300874
0.5,2.58333333333333,7.36385266891153,0
0.6,2.58333333333333,6.54302934294059,0
0.7,2.58333333333333,5.44219817635091,8.28342494149698
0.8,2.58333333333333,5.43898567337671,8.39847255690302
0.9,2.58333333333333,5.43723998815196,8.46104683808459
0.5,2.66666666666667,7.31850384788089,0
0.6,2.66666666666667,6.56048214472927,0
0.7,2.66666666666667,5.35527184578767,11.4451334172345
0.8,2.66666666666667,5.35288163582376,11.5335214038163
0.9,2.66666666666667,5.35004352828556,11.6385748350531
0.5,2.75,7.35696718151798,0
0.6,2.75,6.56138352740416,0
0.7,2.75,5.27442542722456,14.4792373835505
0.8,2.75,5.27102466072366,14.6089054275957
0.9,2.75,5.26903512721928,14.6848420831157
0.5,2.83333333333333,7.35691502618526,0
0.6,2.83333333333333,6.55579688535022,0
0.7,2.83333333333333,5.19652949152064,17.4919145517641
0.8,2.83333333333333,5.19251187502589,17.6497497768773
0.9,2.83333333333333,5.18908640943854,17.7845149141961
0.5,2.91666666666667,7.35668268090173,0
0.6,2.91666666666667,6.54131564988443,0
0.7,2.91666666666667,5.69623310158638,0
0.8,2.91666666666667,5.11594297204249,20.705202597633
0.9,2.91666666666667,5.11546896668839,20.724402474725
0.5,3,7.35483511361213,0
0.6,3,6.59895511957366,0
0.7,3,5.93227242254288,0
0.8,3,5.04474401676716,23.6295916059812
0.9,3,5.04328563017544,23.6903556002092
0.5,3.08333333333333,7.36825774672275,0
0.6,3.08333333333333,6.59778032162263,0
0.7,3.08333333333333,5.92778169661862,0
0.8,3.08333333333333,4.97555534387519,26.5515945933354
0.9,3.08333333333333,4.97289015738168,26.6657781393941
0.5,3.16666666666667,7.38229223744076,0
0.6,3.16666666666667,6.58227327984891,0
0.7,3.16666666666667,5.94282819844617,0
0.8,3.16666666666667,4.91004031021108,29.3943578926399
0.9,3.16666666666667,4.90746280010288,29.5077504770445
0.5,3.25,7.3772421834008,0
0.6,3.25,6.57910969659277,0
0.7,3.25,5.9236644370537,0
0.8,3.25,4.84731046931758,32.1882822360743
0.9,3.25,4.8439383558753,32.3405223436106
0.5,3.33333333333333,7.30470451137431,0
0.6,3.33333333333333,6.58202667676112,0
0.7,3.33333333333333,5.92792392302004,0
0.8,3.33333333333333,5.03405866773416,24.07561501903
0.9,3.33333333333333,4.78254284066073,35.1498702296099
0.5,3.41666666666667,7.38824107066093,0
0.6,3.41666666666667,6.55098472379307,0
0.7,3.41666666666667,5.94110126717936,0
0.8,3.41666666666667,5.23528063217994,15.9819822425834
0.9,3.41666666666667,4.72424989636593,37.88482791002
0.5,3.5,7.36865333237213,0
0.6,3.5,6.59889767779333,0
0.7,3.5,5.94718992351479,0
0.8,3.5,5.40695008356984,9.55322475995953
0.9,3.5,4.66745317056368,40.6152942005801
0.5,3.58333333333333,7.33792079073586,0
0.6,3.58333333333333,6.57419692215193,0
0.7,3.58333333333333,5.94150092682272,0
0.8,3.58333333333333,5.4122744452391,9.36035607127637
0.9,3.58333333333333,4.61424573940808,43.2341883954333
0.5,3.66666666666667,7.34015528444448,0
0.6,3.66666666666667,6.5952727971375,0
0.7,3.66666666666667,5.94499475473178,0
0.8,3.66666666666667,5.4154912732265,9.24401407324817
0.9,3.66666666666667,4.56383770131806,45.771625192511
0.5,3.75,7.39774013532021,0
0.6,3.75,6.57038401273734,0
0.7,3.75,5.94701631979884,0
0.8,3.75,5.41568289807869,9.23708799975551
0.9,3.75,4.51603428898811,48.2302815181946
0.5,3.83333333333333,7.38153171976994,0
0.6,3.83333333333333,6.58586888226079,0
0.7,3.83333333333333,5.9363135451918,0
0.8,3.83333333333333,5.4177573441508,9.1621407462013
0.9,3.83333333333333,4.47083055767973,50.6035954782737
0.5,3.91666666666667,7.36779509265644,0
0.6,3.91666666666667,6.56998708943997,0
0.7,3.91666666666667,5.92680531827807,0
0.8,3.91666666666667,5.41796217068698,9.15474372176899
0.9,3.91666666666667,4.82713513719256,33.102304446053
0.5,4,7.34559142166022,0
0.6,4,6.55047346066546,0
0.7,4,5.9492377503647,0
0.8,4,5.41992835458087,9.08376617728823
0.9,4,4.9179664535597,29.0464072417004
0.5,4.08333333333333,7.32446889989139,0
0.6,4.08333333333333,6.60791311354111,0
0.7,4.08333333333333,5.93913769139744,0
0.8,4.08333333333333,5.41991995878872,9.08406914867181
0.9,4.08333333333333,5.01470973104682,24.8881075582642
0.5,4.16666666666667,7.30548065891553,0
0.6,4.16666666666667,6.5896449729802,0
0.7,4.16666666666667,5.92981943164776,0
0.8,4.16666666666667,5.42199003338393,9.00939663723606
0.9,4.16666666666667,5.01768327432362,24.762836262397
0.5,4.25,7.3961003819597,0
0.6,4.25,6.57282729632325,0
0.7,4.25,5.94529443776479,0
0.8,4.25,5.4214283466909,9.02965237418046
0.9,4.25,5.0200506305708,24.6632089016337
0.5,4.33333333333333,7.37990862282283,0
0.6,4.33333333333333,6.55749496534774,0
0.7,4.33333333333333,5.94586264292491,0
0.8,4.33333333333333,5.42246728271276,8.99218920684339
0.9,4.33333333333333,5.01994198034017,24.6677792595058
0.5,4.41666666666667,7.37713652074184,0
0.6,4.41666666666667,6.53728881652204,0
0.7,4.41666666666667,5.93791605768513,0
0.8,4.41666666666667,5.42370895794816,8.94743425927228
0.9,4.41666666666667,5.02190551598795,24.5852138944431
0.5,4.5,7.35147043632498,0
0.6,4.5,6.60677114721763,0
0.7,4.5,5.93028214511767,0
0.8,4.5,5.42497328464854,8.90188391336505
0.9,4.5,5.02065288015944,24.6378789378357
0.5,4.58333333333333,7.33866942733333,0
0.6,4.58333333333333,6.59464703922749,0
0.7,4.58333333333333,5.95522014154465,0
0.8,4.58333333333333,5.42512096777108,8.89656466600827
0.9,4.58333333333333,5.02104983543279,24.6211867524971
0.5,4.66666666666667,7.32722644649527,0
0.6,4.66666666666667,6.58324201563114,0
0.7,4.66666666666667,5.94812431237547,0
0.8,4.66666666666667,5.42625253370661,8.85581755829039
0.9,4.66666666666667,5.01892361027572,24.7106264836667
0.5,4.75,7.33878721836686,0
0.6,4.75,6.57517330901443,0
0.7,4.75,5.94130307717193,0
0.8,4.75,5.42766532574511,8.80496749161247
0.9,4.75,5.01769055009471,24.7625299262411
0.5,4.83333333333333,7.30758672136663,0
0.6,4.83333333333333,6.56457477589897,0
0.7,4.83333333333333,5.93480357961513,0
0.8,4.83333333333333,5.42807586123654,8.79019621301245
0.9,4.83333333333333,5.01699326692338,24.7918920957739
0.5,4.91666666666667,7.40734039912484,0
0.6,4.91666666666667,6.55673359253486,0
0.7,4.91666666666667,5.92856957722215,0
0.8,4.91666666666667,5.4286234885114,8.77049577915756
0.9,4.91666666666667,5.01495491033219,24.8777728720958
0.5,5,7.39958485606404,0
0.6,5,6.54933214044109,0
0.7,5,5.95490437524538,0
0.8,5,5.42927354586707,8.74711566742536
0.9,5,5.01165370884611,25.01700847345
0.5,5.08333333333333,7.393500771029,0
0.6,5.08333333333333,6.5435198861259,0
0.7,5.08333333333333,5.94941511566095,0
0.8,5.08333333333333,5.42810626923406,8.78910220646422
0.9,5.08333333333333,5.01074179493897,25.0555028340692
0.5,5.16666666666667,7.38766219163153,0
0.6,5.16666666666667,6.53815132279717,0
0.7,5.16666666666667,5.9442193219854,0
0.8,5.16666666666667,5.42726386293842,8.8194144914983
0.9,5.16666666666667,5.00996354932226,25.0883657763144
0.5,5.25,7.30815243713042,0
0.6,5.25,6.60723000189228,0
0.7,5.25,5.9395003769342,0
0.8,5.25,5.42508074959475,8.89801321467611
0.9,5.25,5.00760938716257,25.1878370580437
0.5,5.33333333333333,7.37994458275924,0
0.6,5.33333333333333,6.60379299291886,0
0.7,5.33333333333333,5.93519420116296,0
0.8,5.33333333333333,5.42167391671005,9.02079602811176
0.9,5.33333333333333,5.0078025931484,25.1796699315475
0.5,5.41666666666667,7.37741582778506,0
0.6,5.41666666666667,6.60099305487039,0
0.7,5.41666666666667,5.93158655073462,0
0.8,5.41666666666667,5.41692017815441,9.19237964314405
0.9,5.41666666666667,5.00551481957268,25.2764182527176
0.5,5.5,7.37633494534303,0
0.6,5.5,6.59916305475223,0
0.7,5.5,5.92864371744679,0
0.8,5.5,5.41175885341992,9.37901617791218
0.9,5.5,5.00575913374578,25.2660821620019
0.5,5.58333333333333,7.37589029506518,0
0.6,5.58333333333333,6.54087196215533,0
0.7,5.58333333333333,5.93017199503822,0
0.8,5.58333333333333,5.40751158122589,9.53286725826783
0.9,5.58333333333333,5.00440807341516,25.3232535094986
0.5,5.66666666666667,7.37705711495987,0
0.6,5.66666666666667,6.59793061466085,0
0.7,5.66666666666667,5.9269907215146,0
0.8,5.66666666666667,5.40251222186552,9.71427152162153
0.9,5.66666666666667,5.00243455876488,25.4068200787678
0.5,5.75,7.37915741783814,0
0.6,5.75,6.59958517707801,0
0.7,5.75,5.92439412144809,0
0.8,5.75,5.39548675356535,9.96976230634171
0.9,5.75,5.00166301776883,25.4395081664003
0.5,5.83333333333333,7.38346029392101,0
0.6,5.83333333333333,6.60189750178453,0
0.7,5.83333333333333,5.92160348015628,0
0.8,5.83333333333333,5.3912842711926,10.1229096217753
0.9,5.83333333333333,5.00140248572884,25.4505484761085
0.5,5.91666666666667,7.38812381590362,0
0.6,5.91666666666667,6.53947152560518,0
0.7,5.91666666666667,5.91399157213947,0
0.8,5.91666666666667,5.38909837889149,10.2026625737806
0.9,5.91666666666667,4.99991323332925,25.5136791442186
0.5,6,7.39492666669847,0
0.6,6,6.54612138417967,0
0.7,6,5.90707389712159,0
0.8,6,5.38861953764455,10.2201418831965
0.9,6,4.99985749429094,25.5160426992996
