Time_s,Distance_m
0,0
1.43536367514833e-07,1.43536367507463e-11
8.61218205088999e-07,8.61218203497441e-11
4.44962739295983e-06,4.44962717346585e-10
2.2391673332314e-05,2.23916453662269e-09
0.000112101903029085,1.12098398729723e-08
0.000289301105011175,2.8924119706639e-08
0.000419003735896392,4.1882284107449e-08
0.000548706366781608,5.48303362323215e-08
0.000663608656266707,6.62901937808165e-08
0.000771749736667069,7.70648757358019e-08
0.000875900851850197,8.74308103297088e-08
0.000977291163627079,9.75104040862767e-08
0.00107665239713869,1.07376419598103e-07
0.00117448956387165,1.17079024430515e-07
0.00127118216764325,1.26655904249362e-07
0.00136703346549182,1.36137185451677e-07
0.00146229820013292,1.45548206626231e-07
0.00155719987941372,1.54911245713181e-07
0.00165194254020421,1.64246696315423e-07
0.00174671951124602,1.73573944450438e-07
0.0018417206214775,1.82912090276196e-07
0.00193713881695597,1.92280610985963e-07
0.00203317696804788,2.01700042878955e-07
0.00213005567071193,2.11192762722148e-07
0.00222802307359583,2.20783971081245e-07
0.00232736829120066,2.30503032684741e-07
0.00242901139702284,2.40441189446437e-07
0.0025339272894356,2.50695232390083e-07
0.00264270726339042,2.61324875484352e-07
0.0027562420466587,2.72419772620696e-07
0.00287594668084457,2.84121852015511e-07
0.00300436928850647,2.96685601708294e-07
0.003147273318501,3.10683913291142e-07
0.00332865082281428,3.28489756082093e-07
0.00346523950474322,3.41936588454965e-07
0.00360182818667216,3.55424090888838e-07
0.00372724111036901,3.67850255955854e-07
0.00384649400354771,3.79709076574479e-07
0.00396190525208037,3.91230669068621e-07
0.00407465085666325,4.02533183996706e-07
0.00418546585585617,4.13691679724376e-07
0.00429487506139867,4.24760806361179e-07
0.00440328831343647,4.35784196617178e-07
0.00451104901238816,4.46799285843251e-07
0.00461846905544371,4.57840847893564e-07
0.00472583667734465,4.68941820999856e-07
0.00483342924014806,4.80134668732716e-07
0.00494152595392131,4.91452779348466e-07
0.00505044334888486,5.02934328146211e-07
0.0051605373304421,5.14622753231708e-07
0.00527221384811156,5.26568202809187e-07
0.00538596408809973,5.38831739260596e-07
0.00550240958836587,5.51490889778665e-07
0.0056223799937052,5.64649182970834e-07
0.00574706112799324,5.78454222179592e-07
0.00587831751948899,5.93136824306962e-07
0.00601955135236362,6.09114604990721e-07
0.00617898242497509,6.27384957128594e-07
0.00635677635961221,6.48067880770331e-07
0.00653457029424932,6.69094504113547e-07
0.00668005579169485,6.86570179124348e-07
0.0068142027872895,7.02910219368892e-07
0.00694352768043222,7.18877946277593e-07
0.00707014122632142,7.34724463384672e-07
0.0071951537288286,7.50586915681238e-07
0.00731931781457496,7.66563656016679e-07
0.00744321084518329,7.82735485707935e-07
0.00756731619578616,7.99175291834984e-07
0.00769206950163517,8.15953815567935e-07
0.00781789032460761,8.33143960522689e-07
0.00794520844858921,8.50824785399913e-07
0.00807449058140809,8.6908599306587e-07
0.00820627296047476,8.88033812068153e-07
0.00834120762327167,9.07799657052839e-07
0.00848013660139389,9.28554200527574e-07
0.00862422514607616,9.50532630426248e-07
0.00877523347328023,9.74085786716412e-07
0.00893617518982075,9.99802720250352e-07
0.00911342411697151,1.02889793329105e-06
0.00932915970283301,1.06546761006429e-06
0.00950841469663026,1.09687664604699e-06
0.00968766969042752,1.12926769919499e-06
0.00984998531411917,1.15948763032968e-06
0.01,1.1882038843635e-06
0.0101496464890561,1.21763393872782e-06
0.0102967267821143,1.24735263432613e-06
0.010442268419285,1.2775639285356e-06
0.0105871400723475,1.30845886995737e-06
0.0107320812169732,1.34021910078566e-06
0.010877782750259,1.37303291773098e-06
0.0110249474387917,1.40710955182153e-06
0.0111743481688856,1.44269547042617e-06
0.0113269010188724,1.4800972694241e-06
0.0114837782562687,1.51971898851205e-06
0.0116466148801224,1.56213135203555e-06
0.0118179544271519,1.60822069325578e-06
0.0120024469096752,1.65958446201214e-06
0.0122115650111106,1.72006456658395e-06
0.0124404553127408,1.7891309643174e-06
0.0126693456143711,1.86132682692182e-06
0.0128570108663431,1.92295276566687e-06
0.0130310946950509,1.982153722713e-06
0.0131996553116302,2.04140614781709e-06
0.0133654171485444,2.10158637666002e-06
0.0135299469440217,2.16325316052098e-06
0.0136944206668464,2.22688470734333e-06
0.0138598631976839,2.29295627479955e-06
0.014027280361205,2.3619904371302e-06
0.0141977694118341,2.43460898507975e-06
0.0143726529151254,2.51160614858061e-06
0.0145536952975005,2.59407552296776e-06
0.0147435404759104,2.68367122652526e-06
0.0149468235913273,2.78326802297277e-06
0.015174168053881,2.89930137140171e-06
0.0154780237882626,3.06237825233398e-06
0.0156875920965154,3.18040736891776e-06
0.0158971604047681,3.30315641731144e-06
0.0160934914277096,3.42257943547911e-06
0.0162832663126625,3.54221648572993e-06
0.0164698183519357,3.66397022098035e-06
0.0166551741560032,3.78913606184389e-06
0.0168408993054818,3.91886314228835e-06
0.0170284316846918,4.05435544374497e-06
0.0172192920308568,4.19702839132905e-06
0.0174153069404063,4.34871079298459e-06
0.0176189663693063,4.51200126153075e-06
0.0178341983125601,4.69106036065533e-06
0.0180686411053518,4.89392372245892e-06
0.0183449309416676,5.14382081428717e-06
0.0185986765534061,5.38400547412644e-06
0.0188524221651445,5.63477785235923e-06
0.0190771043104187,5.86595562317047e-06
0.0192907784062468,6.09400543802505e-06
0.0194999867573082,6.32525330442919e-06
0.0197078450314983,6.5630277366339e-06
0.0199166001679702,6.81009092505955e-06
0.02,6.91115976056178e-06
0.0202178486560082,7.18166881575201e-06
0.0204378106879976,7.46456202708988e-06
0.020667987057443,7.77138838018048e-06
0.020914284847877,8.1122890374481e-06
0.0211908903727848,8.51113181426833e-06
0.0215007672780662,8.97872895383245e-06
0.0218106441833477,9.46907809973511e-06
0.0220651888051703,9.88947974877515e-06
0.0223019153937038,1.02951529960843e-05
0.0225326471402213,1.07045628906211e-05
0.0227616912561305,1.11250169077874e-05
0.0229919356973698,1.15621340901418e-05
0.0232260655296746,1.20218734470428e-05
0.0234671698125564,1.25117868356366e-05
0.0237195489897877,1.30429901621949e-05
0.0239906187886836,1.36350410929295e-05
0.0242982911012068,1.43348148257614e-05
0.0246337175556839,1.5132432612192e-05
0.0249691440101611,1.59674846326628e-05
0.0252461020149529,1.66860991482556e-05
0.02550733543172,1.73887592890512e-05
0.0257647789184839,1.81054446801246e-05
0.0260234418473007,1.88503560597792e-05
0.0262875373076519,1.96372437054903e-05
0.0265621255170982,2.04843320444629e-05
0.0268552866245669,2.14221432261612e-05
0.0271856491725062,2.25215046672473e-05
0.027546382383475,2.37750075322806e-05
0.0279071155944438,2.50857182977827e-05
0.0282049272529019,2.62122521399073e-05
0.0284846431275796,2.73079730507693e-05
0.028759604146626,2.8421496503433e-05
0.029035274815238,2.95750277774739e-05
0.029316033063489,3.07889807421149e-05
0.0296068438939649,3.20890415156673e-05
0.0299150138901982,3.35152345069632e-05
0.03,3.39174966640467e-05
0.0304249305490092,3.59881683033323e-05
0.0308842090257122,3.83404273715819e-05
0.0312633202439624,4.03745550024475e-05
0.0315900555258859,4.21968357755209e-05
0.0319075428272083,4.40305469632608e-05
0.032228689490664,4.59501689595806e-05
0.0325631634432595,4.80204547524024e-05
0.0329265162893428,5.03537309973014e-05
0.0333693347963993,5.3319329150585e-05
0.0337274798715686,5.5818777937358e-05
0.0340856249467379,5.84110566470627e-05
0.0344160711990533,6.08872847333183e-05
0.0347370310033609,6.33718895848325e-05
0.035057327499661,6.59312246963621e-05
0.0353831406563795,6.86183542017228e-05
0.0357210266431461,7.14962700100569e-05
0.0360803969459851,7.46614934788287e-05
0.0364799066990373,7.83096178938941e-05
0.0369908748596732,8.31797080524971e-05
0.0374908487326786,8.81738052255237e-05
0.037900720192784,9.24419606748119e-05
0.0383040121875106,9.67990194624281e-05
0.0387352545497469,0.000101635388161696
0.0392683638285221,0.000107874842821615
0.0396678499631524,0.000112744638189532
0.04,0.000116923591331988
0.0403703367350677,0.000121725261985833
0.0407326390433276,0.000126571013561162
0.0410936977022805,0.000131549164320554
0.0414606504037133,0.000136764275634229
0.0418408061487086,0.000142336112061519
0.0422438904113591,0.000148436104814838
0.0426866180019872,0.000155369182817445
0.043211051959226,0.000163905709158692
0.0437821674526849,0.000173613112034158
0.0443532829461439,0.000183762132333251
0.0449966101375389,0.000195740363567205
0.0454419707837121,0.000204381436347856
0.0458873314298852,0.000213315556662479
0.0463003145971881,0.000221867922133002
0.0467007465416105,0.000230411666557963
0.0470992248888411,0.000239164353541617
0.0475031462120615,0.000248296866098272
0.0479195321570178,0.000257990996000475
0.048356489233207,0.000268475760977743
0.0488245870410078,0.000280069453322932
0.0493379437870402,0.000293224008152844
0.0499092825486056,0.000308418679916541
0.05,0.000310886003256727
0.050453587256972,0.000323451364040442
0.0509887581763391,0.000338775117634295
0.0514845509576985,0.000353463551623407
0.0519443162957604,0.000367517122067092
0.0523857238352507,0.000381409221068896
0.0528203183447743,0.00039547686321067
0.0532559891484404,0.000409975065698775
0.053699332198942,0.000425142948923078
0.0541567006716464,0.00044123696904155
0.0546345190692824,0.000458544003970557
0.0551384659339876,0.000477354621114715
0.0556698659465886,0.00049782238924702
0.0562182877176384,0.000519641056240124
0.0567606269247151,0.000541927295734723
0.0572794264012656,0.000563920554744816
0.0577743751295944,0.000585529756205246
0.0582536379513939,0.000607048793381365
0.0587258182895046,0.000628832521514064
0.0591982277778573,0.000651215940620508
0.0596772620548117,0.00067452559456449
0.06,0.000690583004820999
0.060510998926279,0.000716597704484649
0.0610324670833028,0.000743903923341892
0.0615749644936932,0.000773139772501503
0.0621320950112281,0.000804060308805192
0.0626907939729348,0.000835997326498218
0.0632384258495278,0.000868222231271182
0.0637708949748703,0.000900444939825979
0.0642917570146451,0.000932829516929409
0.0648074910585916,0.000965752047181277
0.0653248739709183,0.000999651021658608
0.0658503064355605,0.00103498548123059
0.0663896064287956,0.00107222021323529
0.0669473493449821,0.00111177711211838
0.0675251027536626,0.00115389737890387
0.0681186790491664,0.00119840536805262
0.0687174261344623,0.00124459112153133
0.0693098122022894,0.00129158409921693
0.0698909548659823,0.00133896161202071
0.07,0.0013479941184656
0.0705452256700883,0.00139384076067698
0.0711140180050359,0.00144289848424199
0.071689282997353,0.00149381190363557
0.0722788358243148,0.00154736567103277
0.0728896069899573,0.00160433980915861
0.0735256806771254,0.00166531639730531
0.0741843861293402,0.00173025890492918
0.0748534505744761,0.00179812650368319
0.075517273341227,0.00186739167932904
0.0761690387420944,0.00193730047396749
0.0768131934659788,0.00200827525898747
0.0774597893755231,0.00208143162072328
0.0781203775808706,0.00215818189977783
0.0788065869891711,0.00224009607134315
0.0795283181900281,0.00232869527610354
0.08,0.00238797303071452
0.080777596763497,0.00248810449297971
0.0815531858576305,0.0025910105041149
0.0823158470441811,0.00269520690631676
0.0830722822373449,0.00280154704021026
0.0838410124214849,0.00291272195307139
0.0846452297404682,0.00303243680660565
0.0855122947034213,0.00316547817934913
0.0864690751821082,0.0033171546321274
0.0875042919226142,0.00348713153049889
0.0885293810452764,0.00366157412681139
0.0895120944039031,0.00383464439171253
0.09,0.00392272876587933
0.0912007606477991,0.00414570609427029
0.09254719826336,0.0044064112683387
0.0938161983188693,0.0046626890408249
0.0950173369039048,0.00491491620998376
0.0963831027621496,0.0052133661294833
0.0977413780153303,0.00552273956028094
0.0989137039242343,0.00580003689130418
0.1,0.00606564146339824
0.101171864340797,0.00636166257740211
0.102535565538345,0.00671876492183444
0.104032426184671,0.0071266596837357
0.105360183788981,0.00750268232850294
0.10672061928616,0.00790206479997021
0.10797047601441,0.00828177408240365
0.109223253170229,0.00867485142311465
0.11,0.00892492234132688
0.111135698109855,0.00929941618430356
0.112250145133712,0.00967724420397448
0.113309016145612,0.0100458314676264
0.114330103738711,0.0104102235993155
0.115329393620919,0.0107754379253937
0.116313107661849,0.011143349581251
0.117281591494918,0.0115137707304106
0.11823435049817,0.0118861907061627
0.11917294742152,0.0122609102577021
0.12,0.0125975916890483
0.120918479105173,0.0129786730502882
0.121830851601988,0.0133647550356245
0.122739715012535,0.0137568695355005
0.123647720581132,0.0141561559552708
0.124555074774297,0.0145627343336097
0.125460543172912,0.0149760660979786
0.126363283310206,0.0153957531498984
0.127264070849851,0.0158221397066128
0.127429417261449,0.0159012349234986
0.127594763673047,0.0159805878111133
0.127951993715426,0.0161529101602199
0.128312555408862,0.0163280628024063
0.128689870261405,0.0165126720588372
0.12908005802317,0.0167050003513539
0.129459830581842,0.0168935846318473
0.129840553224243,0.0170840193189895
0.13,0.0171641841203319
0.13039259673815,0.0173626043097629
0.13078368713223,0.0175617289549879
0.131168035093432,0.0177588486544499
0.131557030557102,0.0179597959386417
0.131962049166674,0.0181705670819293
0.132384786957958,0.0183922454268558
0.132793736136368,0.0186083353053566
0.13320231456432,0.0188258450385907
0.133622945374694,0.0190514612254244
0.134052203745702,0.0192834761249933
0.134468142175321,0.0195100011073755
0.134884863816409,0.0197386426398114
0.135315290867584,0.0199765824673652
0.135776625066145,0.0202336173288419
0.1362220604536,0.0204837698213154
0.136664507137943,0.020734168095184
0.137119869592697,0.0209938810698329
0.137586254758349,0.0212619919819634
0.138037448335513,0.0215234055567504
0.138490753707924,0.0217880614959419
0.138962309577201,0.0220655228576234
0.139450841581481,0.0223552882376165
0.139922986072147,0.0226375754484609
0.14,0.0226838299905074
0.140385069639264,0.0229159835690549
0.140885969949603,0.0232201685246236
0.141381048987401,0.0235232635209204
0.141866812182075,0.0238230201116691
0.142362809100251,0.0241315107465142
0.142890500569197,0.0244623996186834
0.143410570946373,0.0247912204454843
0.143923601730792,0.0251182286658845
0.144452560629003,0.0254581346346299
0.144990165287825,0.0258064535445859
0.145512437230039,0.0261475978936002
0.146042340157364,0.026496507576475
0.146603299951284,0.0268689196128867
0.147151807928694,0.0272361025035922
0.1476930877318,0.0276013916862854
0.14825083548256,0.0279808552907338
0.148837548629911,0.0283833786157119
0.149409104699726,0.0287788089572445
0.15,0.0291910485149923
0.150633603452794,0.0296369559697153
0.151230422945937,0.030060640043711
0.151828773153795,0.0304889770670132
0.152457032603537,0.030942565931767
0.153054923983729,0.0313778813320305
0.153653803198485,0.0318174834381848
0.15428179534395,0.0322822876665377
0.154909050207203,0.0327504588462427
0.155527594552392,0.0332159541918624
0.156168743631072,0.0337024662626941
0.156866693970247,0.0342367088516565
0.157553783368987,0.0347673445019812
0.158286095203434,0.0353380374686146
0.158985045187125,0.0358876619989165
0.159670490060121,0.0364313347253881
0.16,0.0366943338862535
0.160662392759275,0.0372262457894951
0.161322510420073,0.0377606039768578
0.161997136112101,0.0383111043713762
0.162716729858603,0.0389031881165252
0.163419375222369,0.0394861844943286
0.164138474159259,0.0400877893433526
0.164924777409697,0.0407513402592253
0.165811921101235,0.0415071423792068
0.166717759773921,0.0422866682557793
0.167505473155593,0.0429709193813039
0.168271913641454,0.0436423651893942
0.168993068224743,0.0442792285036258
0.16970753807887,0.0449150374132126
0.17,0.0451766881591337
0.170776740932604,0.0458755003928813
0.171571554562084,0.0465964204275976
0.17237859453757,0.0473344555961688
0.173259720258613,0.0481471411886184
0.174445180230935,0.0492518186447825
0.175421751936666,0.0501715152074693
0.176254418018452,0.0509625433785649
0.177027317169077,0.0517024078723738
0.177786350466756,0.0524342311363786
0.17855462063719,0.0531802107836144
0.179350494682695,0.0539585322410934
0.18,0.0545978668714722
0.180903830787429,0.0554937190736658
0.181849482297838,0.0564386642504948
0.182808895276084,0.0574052856849168
0.183718725790753,0.0583292687586557
0.184570268373962,0.0592004600299175
0.185387701279763,0.0600425347915605
0.186194573581255,0.0608792425904614
0.187008992777381,0.0617292885337949
0.187846141965617,0.0626087867921445
0.188718869244887,0.0635317960177704
0.189633895424207,0.0645062076470791
0.19,0.0648979704295047
0.190964051098406,0.0659347365823564
0.191907316203458,0.0669563188184558
0.192817877366901,0.0679491436281906
0.193700337766259,0.0689175133949222
0.194570778939054,0.0698786007413504
0.195446097456102,0.0708509325797347
0.196341706242644,0.071851825558012
0.197270927302318,0.0728966550062624
0.19824173474436,0.0739951031294709
0.199248741540754,0.0751418316703373
0.2,0.0760021303217903
0.201008324367006,0.0771631864820663
0.201996166038039,0.0783076689708381
0.202968838275159,0.0794412739338964
0.203944082594469,0.0805844661634494
0.204942145833368,0.0817611529630338
0.205983607574498,0.0829961860667972
0.207086539820586,0.0843120004101925
0.208255229459321,0.0857149853369723
0.209461437178318,0.0871722725016429
0.21,0.0878259383127818
0.211213765342167,0.0893058052903274
0.212398733963166,0.090759383438481
0.213624945532478,0.0922725717978094
0.214820162895968,0.0937561874752759
0.216005759278972,0.0952361739205331
0.217226610269806,0.0967686688202683
0.218505836166529,0.098383523972356
0.219826160330971,0.100059823246516
0.22,0.100281245719615
0.220869198345144,0.101390818747004
0.222140017194037,0.103020373603744
0.223358801301188,0.104591203288487
0.224576696861548,0.106168561103634
0.225757951658021,0.107705654308512
0.226915479254981,0.109218614804707
0.228063982390055,0.110726255661801
0.229207961892931,0.11223425530228
0.23,0.113281946368015
0.231120671003026,0.114769328694976
0.232230786097718,0.116248366615789
0.233327457506898,0.117714933934803
0.234416224016429,0.11917618783886
0.235502546227736,0.120639293899175
0.236589941522246,0.122108893565474
0.237679366039424,0.123586216205327
0.238769676870487,0.12506964932314
0.239859001190337,0.12655656368312
0.24,0.126749373660127
0.240704994048317,0.127714609648253
0.241789114686696,0.129202744095118
0.242871652526667,0.130693262012375
0.243958368894197,0.132194041359352
0.245052936325999,0.133710159253594
0.246156970648885,0.135243892010414
0.247269798473827,0.13679434828587
0.248389349719934,0.13835867182525
0.249513851463248,0.139934391007713
0.25,0.140616985332854
0.251147108802961,0.142230875424977
0.252283978747318,0.143834816897855
0.253433682477243,0.145461318504515
0.254601518351047,0.147118000099529
0.255790835255931,0.148809788490873
0.257001640357559,0.150536891850044
0.258231366869584,0.152295834550063
0.259477702596161,0.154083469152855
0.26,0.154834072235026
0.261315934240492,0.156729034138203
0.262612473143038,0.158601362815575
0.263950927261338,0.160539692313421
0.26534315016195,0.162561745591534
0.26680182884241,0.164686686393773
0.268334742689957,0.166926756801331
0.27,0.169368306377128
0.271532238505436,0.171622247432009
0.273006192422687,0.173797157155985
0.274448188597156,0.175931280381914
0.275876737151644,0.178051726645523
0.277301250044446,0.180172374092952
0.278722205998656,0.18229391529118
0.28,0.184207019062183
0.2814146391463,0.186330910265879
0.282806209824323,0.188426268095821
0.284192661851642,0.190519991008091
0.285577282205388,0.192617058381719
0.286962123356056,0.19472063574162
0.288334418675759,0.196811321118248
0.289697381846796,0.198893940992634
0.29,0.19935718416011
0.291326555338423,0.201391492381794
0.292673382996538,0.203463013167954
0.294015824926025,0.205534019250199
0.295354587275527,0.207605638797461
0.296691741805277,0.20968113959739
0.298029322602835,0.211763774158656
0.299368853827077,0.213856041363782
0.3,0.214844173496399
0.301330760111208,0.216932570828838
0.30267765777876,0.219053214843022
0.304028752985708,0.221187589162966
0.305384505515922,0.223336621417311
0.30674596370505,0.225502193801973
0.308114246485128,0.227686332112433
0.309490296773823,0.229890813385551
0.31,0.230709428435419
0.31137364943139,0.232921202786706
0.312769835450234,0.235177775441476
0.314175733387968,0.237458883928572
0.315591627052361,0.239765351388842
0.317018351394728,0.242098923425209
0.318456872420329,0.244461596307497
0.32,0.247007246458194
0.321448998022959,0.249408350198972
0.322917878374642,0.251853227767852
0.324393376289426,0.254320310094178
0.325878180039118,0.256814495055756
0.327373114304819,0.259337622391062
0.328879206594328,0.261891915016857
0.33,0.26380092452221
0.33157114038253,0.26648894149673
0.333108322520858,0.269132590439985
0.334666593390544,0.271826628802849
0.336241582685352,0.274564283657132
0.337836167555155,0.277351342549578
0.339452751588569,0.280192894954703
0.34,0.281158531613958
0.341770325509002,0.284295362681422
0.343439826889784,0.287272048772985
0.345157890719954,0.290354407525812
0.346915156630449,0.293527470441295
0.348721755271095,0.296811456918746
0.35,0.299148596817046
0.351973208087238,0.302778841183981
0.35399273771743,0.306522936129259
0.356172264374296,0.310596712468919
0.358455880326736,0.314902492148639
0.36,0.317835992189217
0.362020293527182,0.321701362051425
0.363981111163522,0.325482840297187
0.365890002446113,0.329192833953356
0.367761917797873,0.332858741557478
0.369607863961852,0.336501019868907
0.37,0.337278260427673
0.371814767832188,0.340891376124003
0.373631615444825,0.344535367303986
0.37544628212129,0.348201912299425
0.377264873470635,0.351903598726217
0.379093920501669,0.355654243630364
0.38,0.357522589047204
0.38185357620559,0.361366132762387
0.383737293980278,0.365301841666656
0.385618728423958,0.369262787230475
0.387506403345421,0.373267151015611
0.389402649965888,0.377320360241388
0.39,0.378603573175189
0.392023107011212,0.38297233532955
0.393946353887027,0.387158124291792
0.395896595593456,0.391435247725325
0.397871458831717,0.395799849873158
0.4,0.400541847107447
0.402059082293678,0.405166379257725
0.403995992318669,0.409549963446389
0.405849807782444,0.413775815972611
0.407641732699901,0.417888731623896
0.409385332786371,0.421917230861937
0.41,0.423343607362816
0.411720824676967,0.427354100606047
0.413382541876953,0.431250840952749
0.415019905747426,0.435113457260282
0.41663633593057,0.438948983387682
0.418235123242308,0.442764343238654
0.419819061530389,0.446565449772804
0.42,0.447000999917002
0.420904692348055,0.449182852045324
0.422487912285141,0.453017513403068
0.424042646831459,0.456803399557603
0.425590792314426,0.460593034916023
0.427133520843144,0.464388941254665
0.428672393129268,0.468194660835281
0.43,0.471493301028022
0.431542067563847,0.475342582383554
0.433077627264935,0.47919447838233
0.434614985941572,0.483069599431958
0.436155295031308,0.486970789579683
0.437699937011391,0.490901532279314
0.439250313833198,0.494865421343366
0.44,0.496788783098806
0.441598522892058,0.500904186106372
0.443168291222365,0.50496436705968
0.444750791592289,0.509076163810115
0.446346221467667,0.513240361089625
0.447956635080192,0.517462623809357
0.449584232729414,0.521749090635265
0.45,0.522847124173412
0.451694797976911,0.527335839653381
0.453368969837198,0.531789914424405
0.455072543080575,0.536342364678083
0.456806929376609,0.540997790916682
0.458577344331785,0.545771131285824
0.46,0.549622193544115
0.461868079126922,0.554699498146779
0.463777510360886,0.559912940470655
0.465708725932213,0.565209931065097
0.467640044033893,0.570531057407853
0.469571166364314,0.575875144126041
0.47,0.577065029243719
0.471947064556303,0.582481805910511
0.473885835617367,0.58789846677325
0.475831866301729,0.593358101367046
0.477787456018902,0.598867112302433
0.479755000398336,0.60443227918482
0.48,0.605126818346629
0.48122499800832,0.608604657197394
0.483316277787264,0.614561549251141
0.48531543675376,0.620278880080281
0.48733952996807,0.62608992286521
0.489327055219069,0.631817598388077
0.49,0.633761699221988
0.491948816178783,0.639405274516399
0.493885468235752,0.645033374871531
0.495812590190346,0.650653072208425
0.497735611604485,0.656279757307426
0.499659335642296,0.661927208003621
0.5,0.662929225734526
0.501703321788518,0.667947976070524
0.503647372022398,0.673693530274181
0.505600041678508,0.679483161167208
0.507571295808289,0.685346618906472
0.509565862890579,0.691298390924539
0.51,0.692596364812064
0.51213357149233,0.698988242833001
0.5141967947369,0.705189749136674
0.516310464560514,0.711563513802448
0.51847828501387,0.718122117352951
0.52,0.722738937465155
0.522286162680814,0.729695078455725
0.524638284796414,0.73687691111068
0.526925934060865,0.743886130489009
0.529153028859224,0.750732737654997
0.53,0.753342455279461
0.532194643363148,0.760119875295157
0.534338740648838,0.766762406845188
0.536463174921341,0.773364726743342
0.538572681951011,0.779941100892722
0.54,0.784402345685676
0.542154426943089,0.791154034548476
0.544235743388257,0.797697009572219
0.546319408218881,0.804267566364668
0.548400828667369,0.810851350649452
0.55,0.815923596776358
0.552146849234695,0.822752056389906
0.554224859711955,0.829382560407865
0.556316356984051,0.836077140206375
0.558412507612506,0.84280799199634
0.56,0.847919884022526
0.562190204177106,0.854993095587059
0.564298078040626,0.86182311992501
0.566429575976944,0.868752582559538
0.568571241330854,0.875738547221552
0.57,0.88041226595484
0.572281069812944,0.887896190043084
0.574446274320498,0.895025449086308
0.576647883592604,0.9023003413876
0.578866257733267,0.909657243006316
0.58,0.91342755345871
0.582436786836741,0.921555335190801
0.584691887230528,0.929106798654742
0.587002234873379,0.936873262665622
0.589340583991351,0.944765185233574
0.59,0.94699646777992
0.592627158931042,0.955911458038579
0.595033485517002,0.964113097866795
0.597516323000532,0.972612118373462
0.6,0.981151705705624
0.602609376129868,0.990164637557565
0.605301084008695,0.999506729117358
0.608105168245281,1.00928786388809
0.61,1.01592602682358
0.612984293403946,1.02642832868034
0.615914945006359,1.03679897602531
0.618752602569684,1.0468951561184
0.62,1.05135046775195
0.622793290261994,1.06136557270135
0.625510133000849,1.07115786636652
0.628206161355031,1.08092560603756
0.63,1.08745277277742
0.632704538848557,1.09733637545656
0.635397435280864,1.10722879868907
0.638109217682855,1.11724275880869
0.64,1.12425611096445
0.642791403606062,1.1346571028478
0.645620071143737,1.1452544139926
0.648529744469526,1.15621585162313
0.65,1.16177812827387
0.653150250668562,1.173749383441
0.656047716686507,1.18482425182802
0.658997798565714,1.19616359466565
0.66,1.20003036126254
0.662973111650354,1.21154493381294
0.665977227284175,1.22324568137293
0.669014908214806,1.23514470259978
0.67,1.23901801784359
0.67275069999966,1.24987133360414
0.675643238257156,1.26134416285785
0.678432234024636,1.27246428117744
0.68,1.27874011121779
0.682712541212327,1.28964077001103
0.685358725654265,1.30032619672356
0.687973780907871,1.31093561462745
0.69,1.31918991594955
0.692610238104478,1.32986668995948
0.695175533607749,1.34040693342591
0.697737706232413,1.350980886699
0.7,1.36035570058099
0.702586950383764,1.37111979407615
0.705163492510477,1.38188686387465
0.70775734681607,1.39277261425192
0.71,1.40222167951723
0.712669429687222,1.4135135687798
0.715339008362449,1.42485427895627
0.71805238297309,1.43643002214785
0.72,1.44476911859689
0.722679376129214,1.45628232456317
0.725464619568741,1.46830030686543
0.728265365134845,1.48043598106151
0.73,1.48797752422577
0.732737105902628,1.49991655199871
0.73555068402223,1.51223865886307
0.738382874346844,1.52469251132216
0.74,1.53182584549388
0.742890172974972,1.54461502778327
0.745782242778404,1.55746391336734
0.748709011954122,1.57051874383861
0.75,1.57629362236714
0.753235473023843,1.59081050016973
0.756247293641098,1.6043798687931
0.759360833343603,1.61846376129544
0.76,1.6213620205456
0.763195833281983,1.63588902917089
0.766495934388313,1.65095210313107
0.77,1.66701470426134
0.773304699837761,1.68222764695227
0.776624860090371,1.69757414788153
0.78,1.71323851123645
0.783397887929266,1.72907303890286
0.786866512343135,1.74530376642761
0.79,1.76002390816479
0.793528086127076,1.77666303726851
0.79696331358144,1.79293055477133
0.8,1.80736521931237
0.803202121732206,1.8226415885312
0.806352675784375,1.83772738804088
0.809461276633456,1.85266625936471
0.81,1.85526063421304
0.812693616832719,1.86825671145039
0.815770712980703,1.88315242855302
0.818816684058554,1.89794954069733
0.82,1.90371201213935
0.823205905639363,1.91936351707739
0.82623633132015,1.93421152809374
0.829285493713305,1.9492037674196
0.83,1.95272451057126
0.833323696957537,1.96914032148194
0.836380962585198,1.9842960142489
0.839481246749372,1.99971986382955
0.84,2.00230607192439
0.842593766253138,2.01526051723839
0.845789591630242,2.0312757794985
0.848971026509575,2.04727833907203
0.85,2.05246680726464
0.853423411746221,2.06977401984341
0.856701861980138,2.08641372374782
0.86,2.10321831767349
0.863412482702344,2.12067458463411
0.866901668796745,2.13859636706018
0.87,2.15457299352621
0.873673851427368,2.17359392776648
0.877510965305372,2.19354951622363
0.88,2.20654332947716
0.883955972564723,2.22727527103357
0.887978496703665,2.24845743528428
0.89,2.25914128876622
0.894088107233762,2.28082719708642
0.898018726497466,2.30177895688112
0.9,2.31237774496034
0.904062427079027,2.3341892437747
0.908041312338028,2.35565637763398
0.91,2.36626202285313
0.914179268984877,2.3889755046972
0.918349454732448,2.41175415533818
0.92,2.42080155336902
0.92449647230275,2.44554015380974
0.928571412197437,2.46807524708816
0.93,2.47600165036303
0.934475759697472,2.50092277753687
0.938563719689089,2.5238009361345
0.94,2.53186541048927
0.944087906280586,2.55489337432976
0.948193538274349,2.5781329512507
0.95,2.58839373112912
0.953899221572108,2.6106152688995
0.957967308738576,2.63390653245337
0.96,2.64558543594912
0.963805430926093,2.66752302257776
0.967822071951033,2.69078169409381
0.97,2.70343749316655
0.973764127172449,2.72538390718675
0.977739241895428,2.74866102355606
0.98,2.76194530819042
0.983759799207202,2.7841115373326
0.987713594674229,2.80752023047788
0.99,2.82110307003631
0.993791160231929,2.84369927622362
0.99775411195803,2.86741782864776
1,2.88090412984988
1.00386354561823,2.90417931927635
1.00787304195264,2.92843372996647
1.01,2.94134138997878
1.01399326368648,2.96565172468397
1.01809467404393,2.99072438271264
1.02,3.0024076832419
1.02421532108846,3.02833586897265
1.02846326089212,3.05457602309888
1.03,3.06409612421979
1.03462292835154,3.09282276129439
1.03908005672049,3.12064320613439
1.04,3.12640041734763
1.04459971639753,3.1552638736904
1.04942482097423,3.18567992693367
1.05,3.18931511010927
1.05287589512884,3.20752107836727
1.05852243357657,3.24341216833314
1.06,3.25283578346449
1.06562167533612,3.28880985690539
1.07,3.31695917554416
1.07551653408444,3.35259022414249
1.08,3.38168323841086
1.08520791300981,3.41562851090868
1.09,3.44700713105973
1.09493317985083,3.47945357437699
1.1,3.51293115477581
1.10481523279141,3.54488952683085
1.11,3.57945663922494
1.11480452047066,3.61163346938678
1.12,3.6465857893252
1.12488291768663,3.67958460105998
1.13,3.71432150389407
1.13505214999635,3.74877430002692
1.14,3.78266717739955
1.14531592188397,3.81924877275187
1.15,3.8516264958673
1.15532720263108,3.88861434996562
1.16,3.9212032372176
1.1653001430173,3.95833151665294
1.17,3.99140108510647
1.17531776462679,4.02898480499825
1.18,4.06222346383513
1.18539787781479,4.10071314492037
1.19,4.13367340016816
1.19554981552666,4.17359853332806
1.2,4.20575341607874
1.2057912597994,4.24778572307327
1.21,4.27846545460056
1.21579586235663,4.32089820869834
1.22,4.35181083920781
1.22560018723003,4.39316257058335
1.23,4.42579026553434
1.23544608694542,4.46634683986505
1.24,4.50040382283829
1.24536715010321,4.54071140462363
1.25,4.57565104147173
1.25533171772382,4.61602941189129
1.26,4.65153096174682
1.26532507785689,4.69219531879361
1.27,4.7280422190185
1.27534187622593,4.76917172010413
1.28,4.80518313953045
1.28538358316077,4.84697268155579
1.29,4.88295184157864
1.29545421892642,4.92563246541877
1.3,4.96134633681191
1.30556103040518,5.00521178126971
1.31,5.04036462697402
1.31571521511588,5.0858046682661
1.32,5.12000479205398
1.32593588544972,5.16757167840518
1.33,5.20026506660117
1.33626094874475,5.25083057596078
1.34,5.28114390182905
1.34678819462186,5.33639782393992
1.35,5.36264001202617
1.35718088251162,5.42154162259087
1.36,5.44475240466793
1.36708086280673,5.5032673652894
1.37,5.52748039443987
1.37694740917553,5.58531710526327
1.38,5.61082360210565
1.38685262925282,5.66829079747206
1.39,5.69478193975343
1.39676813545358,5.75195521221521
1.4,5.77935558443466
1.40670240762946,5.83638488972082
1.41,5.86454494252517
1.41665068453829,5.92154289846108
1.42,5.95035060733263
1.42661605557875,6.00745922696619
1.43,6.03677331251971
1.43659909906846,6.09414286072947
1.44,6.1238138838413
1.44660185474683,6.18161582717225
1.45,6.21147319151402
1.45662539345468,6.26989212659047
1.46,6.29975210527122
1.46667064565465,6.35898476622347
1.47,6.38865145382611
1.47673775034568,6.44889984485293
1.48,6.47817199009282
1.4868261425349,6.53963706313667
1.49,6.56831436312086
1.49693420151882,6.63118627944435
1.5,6.65907909730239
1.50705905242982,6.72352534058649
1.51,6.75046657903282
1.51719628166098,6.81661704935569
1.52,6.84247705065718
1.52733985732751,6.91040793299546
1.53,6.93511061123076
1.53748235342344,7.00482982624236
1.54,7.02836722337115
1.54600735718528,7.08468930769971
1.55,7.12224672528401
1.55684492205904,7.18686547990998
1.56,7.21674884692158
1.56724390425899,7.28559394531626
1.57,7.31187322912972
1.57740330467331,7.38269732442151
1.58,7.40761944468412
1.58754265094199,7.48024858549949
1.59,7.50398702007594
1.59770850152937,7.5786957633032
1.6,7.6009754570557
1.60616767835246,7.66110413880157
1.61,7.69858425301665
1.61718279010999,7.76907715295685
1.62,7.7968129194753
1.62622347215574,7.8582579828189
1.63,7.8956609980283
1.63746569509579,7.96986154647862
1.64,7.99512807340577
1.6462697781437,8.05780727151826
1.65,8.09521378331021
1.65760212424548,8.17171390320554
1.66,8.19591782502252
1.66779757659551,8.27487147062762
1.67,8.29723995875864
1.67769346624095,8.37561237323686
1.68,8.399180008054
1.68769319854781,8.47802498226876
1.69,8.50173785740154
1.6976568269251,8.58068220705904
1.7,8.60491344758375
1.70764575253215,8.68421565576767
1.71,8.70870676911135
1.71763417071809,8.78836018340565
1.72,8.8131178542586
1.72763381456735,8.89323917588541
1.73,8.91814676817321
1.73763985953204,8.99880374924506
1.74,9.02379359953432
1.74765435964382,9.10507705220441
1.75,9.13005845119663
1.75767615363824,9.21204833166116
1.76,9.23694143121273
1.76770513398314,9.31971789249251
1.77,9.34444264456706
1.77774049944616,9.42807849345101
1.78,9.45256218588855
1.78778143645606,9.53712254584114
1.79,9.5613001333392
1.79782690780177,9.64683978960981
1.8,9.67065654380482
1.80787574568821,9.75721824462459
1.81,9.78063144944625
1.81792668849262,9.86824457441032
1.82,9.89122485560624
1.82797841830575,9.9799044737938
1.83,10.0024367400115
1.83802965232589,10.0921836752043
1.84,10.1142670531622
1.84807918315643,10.2050684147973
1.85,10.2267157197638
1.8564927456428,10.3000568092922
1.86,10.3397826410283
1.8679557691399,10.4301775889673
1.87,10.4534676976652
1.87651059989186,10.5278156541868
1.88,10.5677707533337
1.88799528044259,10.659603732004
1.89,10.6826916584281
1.89654389343372,10.7582290446092
1.9,10.7982302539148
1.90803801565717,10.8915480406152
1.91,10.9143863751673
1.91657665324746,10.9911147577758
1.92,11.0311598555291
1.92806921377728,11.1258368284708
1.93,11.1485505296083
1.93660621084654,11.2264397488241
1.94,11.2665582360815
1.94808982628311,11.3624758078166
1.95,11.3851828200687
1.95663263267906,11.4642023410087
1.96,11.5044241349091
1.96810453259447,11.601516013405
1.97,11.6242820434566
1.97665652199657,11.7044074835783
1.98,11.7447564187732
1.98811820146165,11.8430132350133
1.99,11.8658471443814
1.99667861273499,11.9470621738297
2,11.9875541139949
2.00813474843705,12.0870141514615
2.01,12.1098772309154
2.01505283800606,12.1719194114871
2.02,12.2328164069943
2.02574066440256,12.3036699714182
2.03,12.3563715594092
2.03606614240896,12.4316220013021
2.04,12.4805425994194
2.04534466303418,12.5471603503332
2.05,12.6053294170193
2.05433698610099,12.6596406945378
2.05867397220199,12.7140677552696
2.06,12.7307318671432
2.06481787179874,12.7913688559235
2.06951486809803,12.8506220208619
2.07,12.8567497506354
2.07242565950983,12.8874101155201
2.0773257244717,12.9494573826658
2.08,12.9833827789572
2.08468793339249,13.0429591674263
2.08933058697247,13.1020932105397
2.09,13.1106305271964
2.09334706513766,13.1533583860014
2.09817831653805,13.2151542903655
2.1,13.2384923848455
2.10478614081799,13.2999059322747
2.10941958836552,13.3594939177898
2.11,13.3669675095519
2.11290205817239,13.4043663977836
2.11823925671816,13.4732814874884
2.12,13.4960547884238
2.12497283982116,13.5604752966637
2.12945877077408,13.6187175683274
2.13,13.6257528101591
2.13270614612961,13.6609557743685
2.13799873977824,13.7299333703586
2.14,13.7560598513912
2.14472092263763,13.8177878486607
2.15,13.8869738734049
2.15523427851117,13.9557391479628
2.16,14.0184925291522
2.16475861562145,14.081288767457
2.17,14.1506131828584
2.17513003924879,14.2186242927593
2.18,14.2833329371647
2.18498480815465,14.3497139780263
2.19,14.4166486689825
2.19497180670451,14.4831514692491
2.2,14.5505570722228
2.20505047538838,14.6184113438641
2.21,14.6850547033991
2.21497207649093,14.7521461791571
2.22,14.8201380284193
2.22503957881319,14.8884351610024
2.23,14.9558034679372
2.23500746365756,15.0239550483355
2.24,15.0920474397495
2.24522795603263,15.1635042875569
2.25,15.2288663976341
2.2549380105559,15.2966387412297
2.26,15.3662568675344
2.26506012103716,15.4359947933577
2.27,15.5042154763196
2.27531046427229,15.577707746729
2.28,15.6427389730122
2.28493681318967,15.7113327510684
2.29,15.7818242457809
2.29532697890155,15.8561429849532
2.3,15.9214683313318
2.30521589731732,15.9945260587336
2.31,16.0616684199219
2.31499780782155,16.1319452739309
2.32,16.2024218558654
2.32541567448031,16.2788794265885
2.33,16.343726130251
2.3352085068656,16.4175419334984
2.34,16.4855788709975
2.34525865559404,16.5603936229314
2.35,16.6279778309499
2.35531211821478,16.7038432514108
2.36,16.7709208734665
2.36525763143523,16.8462925927888
2.37,16.914405956601
2.3753150271234,16.9908886001676
2.38,17.0584311160478
2.38528691696332,17.134793618029
2.39,17.2029944476817
2.39559912149044,17.2841715421937
2.4,17.3480940910796
2.40516237965025,17.4232093304425
2.41,17.4937282164919
2.41532010261057,17.5714242554573
2.42,17.639895011761
2.42566309294666,17.7229061841316
2.43,17.7865926697119
2.43513286664898,17.8620962063052
2.44,17.9338193796961
2.44563724348093,18.0170471574295
2.45,18.0815733199259
2.45519406254719,18.1585250745304
2.46,18.2298526524772
2.46529510489215,18.3085802362022
2.47,18.3786555185
2.47572135925341,18.4640257111102
2.48,18.527980033453
2.48538905817626,18.608667522243
2.49,18.6778242872301
2.495532263415,18.7609446717881
2.5,18.8281863474107
2.5054968537026,18.9110580108539
2.51,18.9790642643401
2.51522503067101,19.0581029683266
2.52,19.1304560765752
2.52565059435074,19.2162279359295
2.53,19.2823598139247
2.5354960240675,19.3660637533206
2.54,19.4347735016258
2.54547188601751,19.5183876877254
2.55,19.5876951659977
2.55557690272014,19.6731980035565
2.56,19.7411228398036
2.56548651568429,19.8255154378495
2.57,19.8950545676008
2.57555659594765,19.9808053508211
2.58,20.0494884103311
2.58552538255204,20.1350336814714
2.59,20.2044224491336
2.59594340806092,20.296742281424
2.6,20.3598547890446
2.60536974065769,20.4435228999394
2.61,20.515783564401
2.61555831583038,20.6026676796372
2.62,20.672206942083
2.62561541921436,20.7602614021459
2.63,20.8291231218319
2.63589713872535,20.9218890484054
2.64,20.9865303361257
2.64543259848913,21.07224857755
2.65,21.1444268511139
2.65555879831935,21.2324093050497
2.66,21.3028109655337
2.66606742602005,21.3991463212919
2.67,21.4616810077644
2.6753627562791,21.5470787361116
2.68,21.6210353347564
2.68563509381658,21.7110457232542
2.69,21.7808723287801
2.69603852281552,21.8776233193357
2.7,21.9411903928056
2.70539117650255,22.0278197234195
2.71,22.1019879481458
2.71598703103458,22.1984867670011
2.72,22.2632634311953
2.72546510907828,22.3516036537795
2.73,22.4250152911274
2.73589775961267,22.5206353542023
2.74,22.5872419872828
2.74595118801885,22.6840108924983
2.75,22.7499419878725
2.75540062011195,22.8380063715231
2.76,22.9131137703995
2.76609492487751,23.0127965021153
2.77,23.076755819559
2.77581193162756,23.1720789454677
2.78,23.2408666268544
2.78584262218365,23.3369667197022
2.79,23.405444692019
2.79594092609591,23.5034399491114
2.8,23.5704885245618
2.80584203403605,23.6671226364652
2.81,23.7359966457589
2.81552648157603,23.8276630639915
2.82,23.9019675895351
2.82600397191093,24.0018378285584
2.83,24.0683999003897
2.8359128825736,24.1670258357773
2.84,24.2352921319663
2.84583901711852,24.3329528961229
2.85,24.4026428471211
2.85597505171579,24.5028539897534
2.86,24.5704506179042
2.86586907831631,24.6691505864613
2.87,24.7387140259611
2.87593604041328,24.8388107981773
2.88,24.9074316628008
2.88590744255747,25.0073134943688
2.89,25.0766021299611
2.89592038356989,25.1769703767246
2.9,25.2462240389851
2.90592100178062,25.3468694228827
2.91,25.4162960111625
2.91592088322952,25.5172052094644
2.92,25.5868166770785
2.92641747028216,25.6964835451317
2.93,25.7577846767799
2.9357219435501,25.8558122916272
2.94,25.9291986624311
2.9459185136668,26.0308598110074
2.95,26.1010572997561
2.95600963230616,26.2045513741728
2.96,26.2733592673796
2.96587199106007,26.3747408943425
2.97,26.4461032557099
2.97597911895562,26.5495995587863
2.98,26.619287964928
2.9864093106977,26.7305185859414
2.99,26.7929121035284
2.99575964290944,26.8931123421692
3,26.9669743893095
3.00592118235712,27.0702458496401
3.01,27.1414735493051
3.01524537002892,27.2331790686803
3.02,27.3164083186635
3.0260856071065,27.4230794220195
3.03,27.4917774419915
3.03640565971664,27.6043405877207
3.04,27.6675796738725
3.04581333980759,27.7699780712189
3.05,27.8438137800166
3.05587071346927,27.947476476087
3.06,28.020478537107
3.06523532676516,28.1131396502067
3.07,28.1975727307926
3.07609813247826,28.3057773871068
3.08,28.375095156017
3.08642384083538,28.489358081213
3.09,28.5530446163923
3.0958338248526,28.6570539720508
3.1,28.731419924206
3.10587154683131,28.8363517718445
3.11,28.9102198992666
3.11668468605374,29.0299783056516
3.12,29.0894433660526
3.12616931789352,29.2002227348812
3.13,29.2690891541973
3.13585310426151,29.3744331772228
3.14,29.4491561000527
3.14649965683382,29.5664187163319
3.15,29.6296430462844
3.15630972360165,29.7437409122812
3.16,29.8105488429152
3.16578781591667,29.9154447058957
3.17,29.9918723492945
3.1752363147115,30.0869852923681
3.18,30.1736124333735
3.18628404932619,30.2880314361009
3.19,30.3557679714043
3.19636792923198,30.4719793305907
3.2,30.5383378466025
3.20645619901678,30.656428176216
3.21,30.7213209486305
3.2157383609886,30.8265094280319
3.22,30.9047161745553
3.22661420096228,31.0262433682738
3.23,31.0885224271334
3.23628138318054,31.2041878657803
3.24,31.2727386145452
3.24580451002555,31.3798546885268
3.25,31.4573636511137
3.25658192519739,31.5791050571176
3.26,31.6423964554357
3.26630183074403,31.7592099641819
3.27,31.8278359499642
3.2762773820771,31.9444507024701
3.28,32.0136810623518
3.28590194147884,32.123555668684
3.29,32.199930726084
3.29644188245762,32.3201243179702
3.3,32.3865838789878
3.30640505474867,32.5063477393363
3.31,32.5736394625409
3.31577867818728,32.6819159193077
3.32,32.7610964221883
3.32659265338532,32.8848993195517
3.33,32.9489537050723
3.33631574612138,33.0678053788825
3.34,33.1372102591946
3.346277299833,33.2555880554261
3.35,33.3258650344632
3.35591213025735,33.437587081674
3.36,33.5149169831037
3.36644279374926,33.6369291433981
3.37,33.7043650580744
3.37641672922874,33.8261369155648
3.38,33.8942082123978
3.38625126831302,34.0130844796373
3.39,34.084445400379
3.39592399802155,34.197327300723
3.4,34.2750755781305
3.40644999550841,34.3982399548289
3.41,34.4660977020241
3.41641716123691,34.5888856553369
3.42,34.6575107280619
3.42625673853628,34.7774711907366
3.43,34.8493136131176
3.43646021402344,34.97342917484
3.44,35.0415053162598
3.44581969429933,35.1535335851715
3.45,35.2340847997908
3.45651951274384,35.3598455644274
3.46,35.4270510276524
3.46639111707925,35.5505800979896
3.47,35.6204029646534
3.47626493015679,35.7417326579358
3.48,35.814139577483
3.48647145436327,35.9397198787528
3.49,36.0082598357139
3.49631803194799,36.1311029358912
3.5,36.2027627132973
3.5058863773145,36.3174329336462
3.51,36.3976471891999
3.51650436472729,36.5246115011287
3.52,36.5929122453482
3.52640889852861,36.7182552826349
3.53,36.7885568653299
3.53627323408914,36.9114826021521
3.54,36.9845800348182
3.5464731532038,37.1116701892261
3.55,37.180980742038
3.55632769991299,37.3054517885048
3.56,37.3777579787662
3.56640651666421,37.5040210613711
3.57,37.5749107413184
3.5758642645403,37.6907006160576
3.58,37.7724380307087
3.58650967005486,37.9012225621302
3.59,37.9703388501321
3.59642324859087,38.0976520227167
3.6,38.1686122031834
3.6062730980273,38.2931807222203
3.61,38.3672570938983
3.61648456679054,38.49626780843
3.62,38.5662725268896
3.62633129698586,38.6924662240357
3.63,38.76565750811
3.63641207445272,38.8936986308121
3.64,38.9654110457087
3.64638373348102,39.0931206608334
3.65,39.1655321509211
3.65639040499151,39.2936096855927
3.66,39.3660198389201
3.66639656254542,39.4944548290337
3.67,39.5668731295161
3.67639261168741,39.6954619495556
3.68,39.7680910477044
3.6863979622781,39.8970203368678
3.69,39.9696726240196
3.69639734702638,40.0988216465888
3.7,40.1716168946851
3.70588021014389,40.2905333233757
3.71,40.3739229008123
3.71652104104261,40.506041878542
3.72,40.576589684894
3.72643888377621,40.7072749627921
3.73,40.7796162880965
3.73628273162235,40.9073560711386
3.74,40.9830017494729
3.746495514833,41.1153028744001
3.75,41.1867451054163
3.75634189272851,41.3161419750408
3.76,41.3908453898912
3.76642019977696,41.5220695394493
3.77,41.5953016349325
3.77639326568853,41.7262020326608
3.78,41.800112871338
3.78639794204982,41.9313356821289
3.79,42.0052781294803
3.79640440404591,42.1368597706292
3.8,42.2107964401079
3.80639977133749,42.3425082850803
3.81,42.416666835115
3.81640479306319,42.5487070823138
3.82,42.6228883482195
3.82640402173686,42.7551370355398
3.83,42.8294600155306
3.83640570150238,42.9619672034564
3.84,43.0363808759906
3.8464067136106,43.1691322259087
3.85,43.2436499716836
3.85640751862077,43.3766406412891
3.86,43.4512663480315
3.86563450191734,43.5684004414622
3.87,43.6592290546273
3.87662644149933,43.7972246472974
3.88,43.8675371484752
3.88633068464567,43.9995885480349
3.89,44.0761896962223
3.89657403335167,44.2135457863512
3.9,44.2851857742496
3.90632047739613,44.4174580401834
3.91,44.4945244684001
3.91648172058443,44.6303945415255
3.92,44.704204872817
3.92639603057363,44.8384958604835
3.93,44.9142260884552
3.93642443101027,45.0493321618892
3.94,45.1245872213835
3.94642224338225,45.2598650984121
3.95,45.3352873809777
3.95641534985727,45.4706370074914
3.96,45.5463256781717
3.96642171968023,45.6820264365994
3.97,45.7577012238085
3.9764171918798,45.8935222037026
3.98,45.9694131271706
3.98641882152755,46.1054840478135
3.99,46.1814604947404
3.99565063391327,46.3014286960425
4,46.3938424299509
4.00663488216614,46.5349395337493
4.01,46.6065580356874
4.01633410874028,46.7414666177316
4.02,46.8196064161353
4.02658434131444,46.960065998577
4.03,47.0329866767978
4.03632516381573,47.1681241311047
4.04,47.2466979244338
4.04648614446406,47.3854906703226
4.05,47.4607392663481
4.05640153208768,47.5979313967911
4.06,47.6751098095618
4.06564532330734,47.7962739547316
4.07,47.889808660674
4.07665677253614,48.0329103773991
4.08,48.1048349282127
4.08633420228931,48.241205891755
4.09,48.3201877242119
4.09659546788769,48.4624012405163
4.1,48.5358661638438
4.10632819247728,48.6725194721353
4.11,48.7518693649263
4.11649129726167,48.8922568758395
4.12,48.9681964467648
4.1264065825358,49.1069579856661
4.13,49.1848465288782
4.13564550853461,49.3072988330525
4.14,49.4018187304452
4.14666594194446,49.5466296341661
4.15,49.6191121722733
4.15633617688097,49.7569589984231
4.16,49.8367259780522
4.16660129991769,49.9805544967931
4.17,50.054659273721
4.17633128356342,50.1928038001167
4.18,50.2729111867877
4.18561385036202,50.3955738588837
4.19,50.4914808457943
4.19667786254666,50.6376151702469
4.2,50.7103673821908
4.20634265728705,50.8493634481002
4.21,50.9295699313586
4.21660985503844,51.0746326923328
4.22,51.1490876316615
4.22570069898674,51.2743687733191
4.23,51.3689196241682
4.23669229772279,51.5162128611475
4.24,51.5890650542415
4.2463331114964,51.7286473327387
4.25,51.8095230721977
4.25660836785036,51.9553809672757
4.26,52.030292831968
4.26634367620055,52.1705032402289
4.27,52.2513734896127
4.27561648659909,52.3756791728656
4.28,52.4727642020206
4.28669170115966,52.6210849918369
4.29,52.6944641280482
4.29634515832339,52.8352962058885
4.3,52.916472428926
4.30557281166311,53.0403269745605
4.31,53.1387882675251
4.31661039383153,53.2859162262918
4.32,53.3614108101454
4.32639126627983,53.5038550756456
4.33,53.5843392269485
4.33659281071632,53.7314786140643
4.34,53.8075726904005
4.34569631065469,53.9348694623306
4.35,54.0311103743564
4.35671494032102,54.1813849115545
4.36,54.254951455018
4.36633490563068,54.3969092717498
4.37,54.4790951110879
4.37556941901272,54.604060987543
4.38,54.7035405227564
4.38663513773566,54.8526292779268
4.39,54.9282868731206
4.39638740956202,55.0719986980545
4.4,55.1533333483099
4.40660402690118,55.3021187993905
4.41,55.3786791356353
4.41569814765444,55.507218049118
4.42,55.6043234224346
4.4267200616654,55.756125065093
4.43,55.8302653968493
4.43633678525824,55.9735936927279
4.44,56.0565042478589
4.44556987302382,56.1826448443079
4.45,56.2830391642103
4.45664153942598,56.4336564381734
4.46,56.5098693358307
4.46638768605623,56.6549154916723
4.47,56.7369939540225
4.47557913485531,56.8638375054986
4.48,56.9644122104431
4.48662094739447,57.1151458169489
4.49,57.1921232985441
4.49639809633018,57.3379682893211
4.5,57.4201264136648
4.50558353896696,57.547559591382
4.51,57.6484207519131
4.51662452344404,57.7998148409055
4.52,57.8770055114828
4.52560963471562,58.0053600657503
4.53,58.1058798933419
4.53697067465001,58.2655916628514
4.54,58.335043102438
4.54629482889715,58.4794451955556
4.55,58.5644943480349
4.55554785526134,58.6919145147085
4.56,58.7942328422246
4.56664951925855,58.9471565189071
4.57,59.024257800765
4.57639806434908,59.1715791620983
4.58,59.2545684425395
4.58557754690841,59.3831491016576
4.59,59.4851639877124
4.59662814243402,59.6381626202191
4.6,59.7160436583818
4.60560910970448,59.8456706889685
4.61,59.9472066786473
4.61698221412262,60.1087772253825
4.62,60.1786522752724
4.62629714612114,60.3245416004159
4.63,60.4103796775846
4.63554832600563,60.5390708648791
4.64,60.6423881156483
4.64665618134253,60.796972548037
4.65,60.8746768208807
4.65560920442494,61.0050947117146
4.66,61.1072450261113
4.66700999384981,61.2704414219393
4.67,61.340091966161
4.67567879040099,61.4724446602063
4.68,61.5732168784185
4.68701781087826,61.7369851123847
4.69,61.8066190034043
4.69628540274014,61.9534631775776
4.7,62.0402975845014
4.70554543691912,62.1700014513627
4.71,62.2742518659323
4.71668167527256,62.4307257954737
4.72,62.5084810930702
4.72561377906297,62.6400924222709
4.73,62.7429845122413
4.73702014478732,62.9077727105291
4.74,62.9777613710387
4.74568146238736,63.1112704825877
4.75,63.212810918678
4.75702187073368,63.3780222356575
4.76,63.4481324063985
4.76569431867926,63.5822531892757
4.77,63.6837250877892
4.7769880926795,63.8485200126888
4.78,63.9195882191505
4.78569116874981,64.0539423813881
4.79,64.1557210596557
4.79698250343066,64.320760414078
4.8,64.3921228715596
4.80568946211383,64.5267425540182
4.81,64.6287929201802
4.816986187832,64.7942938274784
4.82,64.8657304739317
4.82568965515037,65.0006588918298
4.83,65.1029348041453
4.83698908237147,65.2688768592663
4.84,65.3404051849576
4.84569021349894,65.4756493908694
4.85,65.5781408930125
4.85699065694797,65.7444909579386
4.86,65.8161412072547
4.86569072115056,65.9516984099022
4.87,66.0544054085634
4.87699178115222,66.2211508928955
4.88,66.2929327795038
4.88569119865733,66.4288006784703
4.89,66.5317226039426
4.89699276823302,66.6988583436517
4.9,66.7707741668023
4.90569167189958,66.9069510815858
4.91,67.0100867537001
4.91699366988401,67.1776088062322
4.92,67.2496596507396
4.92569213470267,67.3861437546486
4.93,67.4894921442012
4.9369945184342,67.6573973313337
4.94,67.7295835203934
4.94569257799604,67.8663727673968
4.95,67.9699330654093
4.95699535534057,68.1382191973077
4.96,68.2105400650479
4.96730780020607,68.3865332586329
4.97,68.4514038046553
4.97574482088733,68.5898915436872
4.98,68.6925235698377
4.98641959336548,68.8474472584207
4.99,68.9338986487909
4.99556588580854,69.0683555987987
5,69.1755283322524
5.00696072827215,69.3438701060936
5.01,69.4174119138178
5.01566057723503,69.554444254107
5.02,69.6595486896658
5.02706843560779,69.8308538643456
5.03,69.9019379581337
5.03731232361372,70.0793402512193
5.04,70.144579019177
5.04573516838644,70.2838510966552
5.05,70.3874711745334
5.0564220268728,70.5435892520728
5.06,70.6306137295073
5.06556504017699,70.7660317309849
5.07,70.8740059923754
5.07697106465716,71.0438236562315
5.08,71.1176472741839
5.08738665863589,71.2977762759534
5.09,71.3615368880337
5.09575006189158,71.5018871086108
5.1,71.60567414898
5.10640577306532,71.762192750954
5.11,71.8500583755925
5.11556087131893,71.9860639010958
5.12,72.0946888890621
5.12697105445972,72.2653674785867
5.13,72.3395650127514
5.13739296562372,72.5207586023667
5.14,72.5846860712534
5.14575009916256,72.725743760486
5.15,72.8300513901049
5.1564071184764,72.9873879319765
5.16,73.0756602972069
5.1677694611865,73.2666529036084
5.17,73.3215121218558
5.17718529867969,73.498313605616
5.18,73.567606194967
5.18621242631729,73.7206120259674
5.19,73.8139418505473
5.19557049859914,73.9512676162951
5.2,74.0605184246236
5.20692150501168,74.2313272603692
5.21,74.3073352546797
5.21741096065149,74.4904048493893
5.22,74.554391678504
5.22575656431162,74.696719699971
5.23,74.8016870337566
5.23640988979942,74.9603259858352
5.24,75.0492206592576
5.24777046612583,75.2417299094613
5.25,75.2969918939248
5.2571918377483,75.4753314664821
5.26,75.5450000769442
5.26621392572413,75.6992295948623
5.27,75.7932445492291
5.27776199430077,75.9860942313567
5.28,76.0417246523912
5.287181638201,76.2203190800633
5.29,76.2904397289526
5.29622667958213,76.445425055016
5.3,76.5393891236954
5.30774110139981,76.7322638603737
5.31,76.7885721825384
5.31719504002405,76.9680045679564
5.32,77.0379882526335
5.32716071563924,77.2167308120547
5.33,77.2876366842851
5.3363540278713,77.4463844268675
5.34,77.5375168321189
5.34746287589685,77.7241498924014
5.35,77.7876280542228
5.35579865580905,77.9327645362497
5.36,78.0379697119166
5.36645282362305,78.1996327944638
5.37,78.2885411705452
5.3777418667858,78.4826876759559
5.38,78.5393417977905
5.38722881372411,78.7207832506594
5.39,78.7903709630842
5.39714662495893,78.9699117706765
5.4,79.0416280389336
5.40636485655379,79.2016679736635
5.41,79.2931124015172
5.41746496141765,79.4809922997794
5.42,79.544823429334
5.42579774233601,79.6908625561346
5.43,79.7967605025707
5.43645642149162,79.9595414927563
5.44,80.04892300358
5.44774177666995,80.2442960040222
5.45,80.3013103149765
5.45723506475361,80.4840539850282
5.46,80.5539218189184
5.46714787225729,80.7346223500523
5.47,80.8067568983859
5.476366637673,80.9678440340379
5.48,81.0598149378043
5.48746490483921,81.2488653296191
5.49,81.3130953217858
5.49737402777877,81.5000070507236
5.5,81.5665974346552
5.50714385539483,81.7478311169785
5.51,81.8203206618265
5.51636483008758,81.9819260599648
5.52,82.074264390516
5.52748555186538,82.264499224737
5.53,82.3284280084531
5.53736510131582,82.5157623454375
5.54,82.5828109033648
5.5471490801468,82.7648053516647
5.55,82.8374124642767
5.55636497053827,82.999579212933
5.56,83.0922320821399
5.56748621902315,83.2831379887704
5.57,83.3472691484555
5.57736851043905,83.5353322670356
5.58,83.6025230546726
5.58715027099874,83.7851691322521
5.59,83.8579931934284
5.59573989809781,84.0047278932689
5.6,84.1136789598141
5.60661794505003,84.2830086714713
5.61,84.3695797523502
5.6176120511624,84.5645165111297
5.62,84.6256949715385
5.62734716643751,84.814003384209
5.63,84.8820240190165
5.6371368279653,85.0650920793138
5.64,85.1385662985608
5.6457330411038,85.2857389779968
5.65,85.3953212170032
5.65661878218008,85.5653783643697
5.66,85.6522881848768
5.66761820146668,85.8481927403433
5.67,85.909466614646
5.67735091428309,86.0986507873441
5.68,86.1668559195614
5.68713863885528,86.35072552417
5.69,86.4244555144083
5.69573289281402,86.572229210882
5.7,86.6822648162087
5.70662036593597,86.8530590981591
5.71,86.9402832447048
5.71761891224222,87.1370052256976
5.72,87.1985102204757
5.72735441289703,87.3885537492187
5.73,87.4569451637249
5.73713961767669,87.6415847571023
5.74,87.7155874950047
5.74752887298647,87.9104525185851
5.75,87.9744366359481
5.75726180436208,88.1625371096831
5.76,88.2334920105075
5.76631683594928,88.3972390649096
5.77,88.4927530455385
5.77757885765176,88.6893799414108
5.78,88.7522191688885
5.78734113882163,88.9428270624599
5.79,89.0118898081813
5.7971666302161,89.1981116393012
5.8,89.2717643914032
5.80751066141396,89.467081157573
5.81,89.5318423475253
5.81727172803302,89.7210913524731
5.82,89.7921231076291
5.82577629793781,89.9425612140156
5.83,90.0526061060706
5.83665044312418,90.225950538272
5.84,90.3132907808647
5.84760379556807,90.5116447108406
5.85,90.5741765715855
5.85737802882142,90.7667874630112
5.86,90.835262917835
5.86715188937541,91.0221116826501
5.87,91.0965492595659
5.87752985988576,91.293425869486
5.88,91.358035037429
5.88727247462872,91.5483248468836
5.89,91.6197196936515
5.89738729809749,91.8131613491181
5.9,91.8816026730137
5.90735672290714,92.0743890209894
5.91,92.1436834237866
5.91578933511144,92.2955009289555
5.92,92.4059613986048
5.92664838273326,92.5804427160022
5.93,92.6684360544565
5.93761497558525,92.8684414415574
5.94,92.9311068501268
5.94738096726864,93.1251087999781
5.95,93.1939732442254
5.95715949760633,93.3822922245929
5.96,93.4570346950864
5.96753293836216,93.6553257462621
5.97,93.7202906607469
5.97727782230538,93.912005661175
5.98,93.9837405995167
5.9873908603775,94.1785771137274
5.99,94.2473839707159
5.99736031148425,94.4415569712697
6,94.5112202354458
6.00736006044063,94.7055282394126
6.01,94.7752488573765
6.01737437765598,94.9700764516732
6.02,95.0394693034251
6.02578910430228,95.1925167356132
6.03,95.3038810443095
6.03664821899996,95.4797733652625
6.04,95.5684835542498
6.04762157712526,95.7702801787831
6.05,95.8332763081448
6.05738578277489,96.0289683194909
6.06,96.0982587793785
6.06716281597933,96.2881771669465
6.07,96.3634304395526
6.07753717612893,96.5634197043254
6.08,96.6287907583533
6.08728121179223,96.8221236152658
6.09,96.8943392040648
6.09739354112705,97.0907941924197
6.1,97.160075244303
6.10736322798529,97.3558623580067
6.11,97.4259983468299
6.11736232084876,97.6218987153221
6.12,97.6921079804253
6.12737664347574,97.8885268089326
6.13,97.9584036156838
6.13736833410977,98.154737847715
6.14,98.2248847257252
6.14737539123926,98.4215435070425
6.15,98.4915507867788
6.1573747630494,98.6883288771352
6.16,98.758401278626
6.16737630747819,98.9553562995791
6.17,99.0254356849018
6.17737778239657,99.2225654570848
6.18,99.2926534932543
6.18737839954721,99.4899347547565
6.19,99.5600541953749
6.19737952167776,99.7575001108184
6.2,99.8276372869116
6.20738015810794,100.025234519937
6.21,100.095402267283
6.21738081999844,100.293151156135
6.22,100.363348639412
6.22738134815513,100.561245256881
6.23,100.631475909392
6.2373817540236,100.829516630185
6.24,100.899783586115
6.2473820930169,101.097966268081
6.25,101.168271180866
6.25738233766173,101.366592941467
6.26,101.436938206915
6.26738252463115,101.635397145792
6.27,101.705784179097
6.27738264644806,101.904378192495
6.28,101.974808613426
6.28738272073324,102.17353606914
6.29,102.244011026719
6.29738277094722,102.442870922452
6.3,102.513390936256
6.30738279075123,102.71238209768
6.31,102.782947859486
6.31738279673448,102.982069558148
6.32,103.052681313769
6.3273827962802,103.251933019588
6.33,103.322590816159
6.33738279494401,103.521972148454
6.34,103.59267588324
6.34738280791593,103.792186871442
6.35,103.862936031
6.35738282929651,104.062576545226
6.36,104.133370774747
6.36738287031158,104.333140988845
6.37,104.403979629062
6.3773829302241,104.603879697393
6.38,104.674762107787
6.38738301014626,104.874792215291
6.39,104.945717724045
6.39738311315991,105.145878139749
6.4,105.216845990273
6.4073832384721,105.417136962408
6.41,105.488146418295
6.41738338616836,105.688568198135
6.42,105.759618519388
6.42738355171476,105.960171235813
6.43,106.031261804374
6.43738373598028,106.231945610503
6.44,106.303075783712
6.44738394158489,106.503890904657
6.45,106.575059967593
6.45738415772633,106.776006335356
6.46,106.847213866035
6.46738438278319,107.048291368894
6.47,107.119536988977
6.47738462250472,107.320745672308
6.48,107.392028846357
6.48738486152547,107.59336833728
6.49,107.664688948199
6.49738510566038,107.866159032539
6.5,107.937516804672
6.50738535633262,108.139117307482
6.51,108.210511926158
6.5173856058377,108.412242462478
6.52,108.483673823292
6.52738585360959,108.685533992811
6.53,108.757002007005
6.53738609793451,108.958991362649
6.54,109.030495988569
6.54592436804674,109.192601898542
6.55,109.304155280317
6.55765764343602,109.513825269491
6.56,109.577979398742
6.56739535537647,109.780587805426
6.57,109.8519678668
6.57767103866896,110.062256578097
6.58,110.126120214144
6.58725418134245,110.325097594322
6.59,110.400435977113
6.59750522108219,110.606423094151
6.6,110.674914697962
6.60736901047311,110.87728237711
6.61,110.949555923783
6.61740263218759,111.152967130918
6.62,111.22435920529
6.62740523434852,111.427961648681
6.63,111.499324095498
6.63738988215405,111.702623488397
6.64,111.774450148448
6.64739977374091,111.978140692435
6.65,112.049736918017
6.65739255894158,112.2533473436
6.66,112.325183956874
6.66592782322145,112.48853957009
6.67,112.600790816286
6.67766294682155,112.81209476623
6.68,112.876557048475
6.6873990887748,113.080701256219
6.69,113.152482208369
6.69767663618312,113.364407468079
6.7,113.428565853475
6.70725686647259,113.629015053929
6.71,113.70480754367
6.7175069098982,113.912283280881
6.72,113.98120684039
6.72737078741435,114.185035527186
6.73,114.257763305652
6.73740319286618,114.462604380138
6.74,114.53447650105
6.74740591489869,114.739508697641
6.75,114.811345986753
6.75593098648101,114.975630560758
6.76,115.088371321316
6.76766953890819,115.300942304995
6.77,115.365552063986
6.77740088023725,115.570790022848
6.78,115.642887776396
6.78768041231678,115.855997984138
6.79,115.920378022372
6.79725928187804,116.121912574076
6.8,116.198022367662
6.80750839148744,116.406589639805
6.81,116.475820379078
6.8173730222859,116.680739635671
6.82,116.753771623501
6.82592843645058,116.918625425023
6.83,117.031875667561
6.83769370799124,117.245944530136
6.84,117.31013207969
6.84740509893897,117.516281644558
6.85,117.588540431537
6.85769096911211,117.802766532753
6.86,117.86710029746
6.8672608381527,118.069452811379
6.87,118.145811253953
6.8775120693906,118.355279984842
6.88,118.424672878505
6.88737562784473,118.630447132829
6.89,118.703684748343
6.89592973121866,118.869202075032
6.9,118.982846439896
6.90769616547867,119.197795654604
6.91,119.262157530671
6.91740620553424,119.469117116042
6.92,119.541617600532
6.92769331896556,119.756716278612
6.93,119.821226231105
6.93726200524298,120.024371043017
6.94,120.100983005147
6.94751292538333,120.311259388953
6.95,120.38088750541
6.95594060120883,120.547237381561
6.96,120.660939314092
6.96764820019641,120.875227700986
6.97,120.941138014709
6.97741108877893,121.148890286284
6.98,121.221483193269
6.98767852114886,121.436845991519
6.99,121.501974437566
6.99726908854591,121.705957450657
7,121.782611336451
7.00751184598245,121.993517006115
7.01,122.063393478568
7.01594127744584,122.23028255164
7.02,122.344320451714
7.02765152279231,122.559369914584
7.03,122.625391844624
7.03741179458431,122.833809134832
7.04,122.906607248074
7.04768079543004,123.122700576047
7.05,123.187966254138
7.05726989194559,123.392601125604
7.06,123.469468455434
7.06590287232542,123.635702656202
7.07,123.751113444549
7.07771126075034,123.968394490582
7.08,124.032900815762
7.08742329990294,124.242171871347
7.09,124.314830166083
7.09770883169336,124.532261415185
7.1,124.596901094324
7.10726231953289,124.801838531696
7.11,124.879113200177
7.11590137760783,125.04572329879
7.12,125.161466083445
7.12771609075675,125.379428099588
7.13,125.443959345587
7.13742547623111,125.65381463149
7.14,125.726592590587
7.14771207314307,125.944656773501
7.15,126.009365423898
7.15599063876344,126.178831108915
7.16,126.292277452089
7.16773024344858,126.51107047927
7.17,126.57532828435
7.17740411330759,126.784991532456
7.18,126.858517533194
7.18769766500196,127.076601170705
7.19,127.141844813238
7.19728155822893,127.348237848882
7.2,127.425309739888
7.20590681386194,127.592811704941
7.21,127.708911928254
7.21772012477754,127.927950001743
7.22,127.992650994373
7.22742649857926,128.203458117399
7.23,128.276526555829
7.23771455076062,128.495616824607
7.24,128.560538230488
7.24599173476079,128.730775544738
7.25,128.844685635995
7.25773096305123,129.064451731914
7.26,129.128968391189
7.26740481701371,129.339561565099
7.27,129.413386116762
7.27769923432366,129.632457712495
7.28,129.697938434062
7.28598547103703,129.868320631588
7.29,129.982624964512
7.29772271280468,130.20257180437
7.3,130.26744533097
7.30740918389235,130.478560073111
7.31,130.552399158295
7.31769939392823,130.771887036157
7.32,130.837486072044
7.32598614525577,131.008206763244
7.33,131.122705697816
7.33772520340363,131.343134285857
7.34,131.408057662502
7.3474097719822,131.619582103167
7.35,131.693541594792
7.35770084431796,131.913478036663
7.36,131.979157123807
7.36598665882958,132.150208216223
7.37,132.264903878385
7.37772573357272,132.485753826521
7.38,132.550781488314
7.38741003079357,132.762701867731
7.39,132.836789584807
7.39770155830772,133.057149101804
7.4,133.122927799134
7.4059870769392,133.294303068143
7.41,133.409195761916
7.41772622815813,133.63046153767
7.42,133.69559310437
7.42741006997262,133.907898778675
7.43,133.98211945881
7.43770214866653,134.202894035538
7.44,134.268774457307
7.44598742747565,134.440468477134
7.45,134.555557731024
7.45772673573027,134.777235203701
7.46,134.842468911492
7.46741006320442,135.055154199043
7.47,135.129507631167
7.47594150166504,135.300111984122
7.48,135.416673522823
7.48749568886354,135.632007308937
7.49,135.703966221263
7.49745629454293,135.918262428591
7.5,135.991385363882
7.50768294357073,136.212293534346
7.51,136.278930589192
7.51599233599592,136.45129761305
7.52,136.566601535997
7.52775800002778,136.789863028971
7.53,136.854397844405
7.53741051366272,137.067750352049
7.54,137.142319156111
7.54594229418704,137.313469533439
7.55,137.430365113495
7.55749876467072,137.646445563956
7.56,137.718535361069
7.56745772379665,137.933525471692
7.57,138.006829545794
7.57594573394665,138.178300205466
7.58,138.295247316072
7.58746041388844,138.510499194354
7.59,138.583788323097
7.59746882127119,138.799374631932
7.6,138.872452220969
7.60594690647693,139.044176071721
7.61,139.161238665493
7.61746462676749,139.376886644215
7.62,139.450147315335
7.62746992060781,139.66603931904
7.63,139.739177831926
7.63767308900939,139.961035938695
7.64,140.028329877411
7.64599240500444,140.201659585721
7.65,140.317603113311
7.6577632119218,140.542255401168
7.66,140.606997201071
7.667413344544,140.821612814027
7.67,140.896511801992
7.67594401509161,141.068656684437
7.68,141.186146576064
7.68750011950445,141.403454778713
7.69,141.475901183229
7.69745798018393,141.692077404707
7.7,141.765775283618
7.70594699147246,141.93821968586
7.71,142.055768536519
7.71746182085516,142.27223372992
7.72,142.345880601789
7.72746806402442,142.562615443836
7.73,142.636111140081
7.73594774904337,142.808789029134
7.74,142.926459811805
7.74746608259423,143.143313350998
7.75,143.216926278469
7.75746885765055,143.433948191153
7.76,143.507510202828
7.76594809305299,143.680407797284
7.77,143.798211247752
7.77746826711764,144.01539074902
7.78,144.089029077469
7.78746926211728,144.306324529436
7.79,144.379963357615
7.79594844182998,144.553079021966
7.8,144.671013754011
7.8074689241765,144.888472640154
7.81,144.962179933838
7.8159327641677,145.134976548774
7.82,145.2534615663
7.82833990642371,145.496475779389
7.83,145.544858323684
7.83752488908251,145.764206864535
7.84,145.836369881737
7.84593902211258,146.009553445117
7.85,146.127995918217
7.85746935730003,146.345896322247
7.86,146.41973611371
7.8674745149424,146.637872122711
7.87,146.711590151244
7.87594983477016,146.885292368831
7.88,147.00355771454
7.8874557316491,147.221314581361
7.89,147.295638488701
7.8974755722043,147.514059341848
7.9,147.587832159741
7.90595033784685,147.761750711647
7.91,147.880138412906
7.91746934004576,148.098545156196
7.92,148.172556933463
7.92747107648452,148.391098128573
7.93,148.465087406386
7.93595012292343,148.639199627973
7.94,148.757729514865
7.94747075290215,148.976427866388
7.95,149.050482941301
7.95593479946832,149.224278735938
7.96,149.343347367882
7.96834164359155,149.587729120276
7.97,149.636322477632
7.97752430499383,149.856838667229
7.98,149.929407954839
7.98593984022363,150.103548164217
7.99,150.222603483721
7.99747134913244,150.441731739251
8,150.515908749419
8.00593486041606,150.690033092034
8.01,150.809323438487
8.01840529799219,151.056031640236
8.02,151.102847239705
8.02754695030598,151.324440252473
8.03,151.396479844267
8.03593962275492,151.570937913078
8.04,151.690220944148
8.04747016030648,151.909720867245
8.05,151.984070232794
8.05747562205814,152.203811341947
8.06,152.27802740465
8.06595118764764,152.453017913853
8.07,152.572092153362
8.07745724763229,152.7914533593
8.08,152.866264172489
8.08593400990435,153.040876728276
8.09,153.160543155754
8.09835105444111,153.406378877209
8.1,153.454928797783
8.10753007049028,153.676673473276
8.11,153.749420794265
8.11594080116857,153.924422868576
8.12,154.044018840366
8.12747276928315,154.264234215715
8.13,154.338722631524
8.13593633480797,154.513718563754
8.14,154.633531863777
8.14840846500186,154.881502557595
8.15,154.92844623448
8.1561324718511,155.109353520308
8.16,155.223465443087
8.1682134383816,155.465855858777
8.17,155.518589191853
8.17743253533158,155.738008511302
8.18,155.813817185766
8.18594110978998,155.989264621972
8.19,156.109149130722
8.19751255252208,156.331087009889
8.2,156.404584733933
8.20594153595075,156.580167831366
8.21,156.700123703889
8.21841132489922,156.948790959655
8.22,156.995765750679
8.22754872153077,157.219005796743
8.23,157.291510585747
8.23594121743437,157.46726757989
8.24,157.58735791992
8.24747516862615,157.808575565086
8.25,157.883307463831
8.25593783791223,158.059085751336
8.26,158.179358927948
8.2684145473481,158.428551584621
8.27,158.475512023026
8.27613589887441,158.657278754407
8.28,158.771766460705
8.28821264615789,159.015145336885
8.29,159.06812195406
8.2974319289795,159.288436543083
8.3,159.364578217462
8.30594185491141,159.540775837549
8.31,159.66113496473
8.31751428975966,159.884042246974
8.32,159.957791909547
8.32594286550413,160.13413849134
8.33,160.254548765487
8.33841257532156,160.504274875633
8.34,160.551405246444
8.34613615036698,160.733610045111
8.35,160.848361067179
8.35821023186461,161.092242743329
8.36,161.145415943846
8.3660824421957,161.326146184008
8.37,161.44256959449
8.37822559060774,161.687069864113
8.38,161.739821739498
8.38745233176864,161.9614077858
8.39,162.037172101237
8.39594377873589,162.213957001337
8.4,162.334620401981
8.4075184541136,162.558319872859
8.41,162.632166364101
8.41594398261177,162.809073330016
8.42,162.929809709866
8.4284111392651,163.180236873038
8.43,163.227550161663
8.43613631508204,163.410301040589
8.44,163.52538744237
8.44821175689205,163.770036386398
8.45,163.823321275735
8.45608370876468,164.004622663745
8.46,164.121351386756
8.46822590669491,164.366580154397
8.47,164.419477502073
8.47608237800541,164.600855914494
8.48,164.717699350224
8.48820793902834,164.962549371788
8.49,165.016016661907
8.49745210781488,165.238387857141
8.5,165.314429169418
8.50594473053924,165.491872370824
8.51,165.612936604405
8.5175191457105,165.837451055386
8.52,165.911538697923
8.52594497533523,166.089101660045
8.53,166.210235180121
8.53841216137924,166.461576380285
8.54,166.509025780396
8.54613758953206,166.692457679572
8.55,166.80791022772
8.5582122461384,167.053431482349
8.56,167.106888251016
8.56608481385633,167.28885649054
8.57,167.40595957955
8.57822623795113,167.652052528235
8.58,167.705123943367
8.58608335351197,167.887161600489
8.59,168.004381073608
8.59820836090972,168.250091263352
8.6,168.303730702863
8.60607638921322,168.485672255261
8.61,168.603172565368
8.61822114573186,168.84941698045
8.62,168.902706397219
8.62608038183848,169.084879254373
8.63,169.202331936439
8.63821884000198,169.448657850296
8.64,169.50204892306
8.64608006790535,169.684323479545
8.65,169.80185709906
8.65822054661418,170.04838392022
8.66,170.101756208344
8.66608083131704,170.284164149222
8.67,170.401745996584
8.67821995692936,170.648404036114
8.68,170.701826211125
8.68608089316231,170.884345888996
8.69,171.001996600769
8.6982202076618,171.248810247761
8.7,171.302256915634
8.70608119432727,171.48489491241
8.71,171.602606906918
8.71822001728743,171.84956209802
8.72,171.903046326745
8.72608134670804,172.085797578201
8.73,172.203574927935
8.73821996493355,172.450674992861
8.74,172.504192463862
8.74608151298369,172.687056792998
8.75,172.804898688243
8.75821985936366,173.052141214332
8.76,173.105693355032
8.76608163698992,173.288668897174
8.77,173.406576218244
8.77821982472038,173.653962527806
8.78,173.707547031883
8.78608175882922,173.890633127694
8.79,174.008605549812
8.798219828577,174.256135991886
8.8,174.309751525718
8.8060818742047,174.492947385592
8.81,174.610984713023
8.81821989002076,174.858660212472
8.82,174.912304864889
8.82608199448516,175.095610040295
8.83,175.21371173416
8.83821999678454,175.461532847092
8.84,175.515205073401
8.84608212153181,175.698619170724
8.85,175.816784634865
8.85822014826224,176.064751899493
8.86,176.118450170555
8.86608225966442,176.301972925478
8.87,176.420201432215
8.87822031996656,176.668314648146
8.88,176.722038171401
8.88608240529618,176.905669210722
8.89,177.023960139481
8.89822051365734,177.272219159216
8.9,177.325967087718
8.90608256111788,177.509706119115
8.91,177.628058767272
8.91822071003311,177.876462860365
8.92,177.93023492928
8.92608272263679,178.114081524754
8.93,178.232495324855
8.93822090533707,178.48104364717
8.94,178.534839705169
8.94608288900013,178.718793411211
8.95,178.83726782144
8.95822108968183,179.08595922991
8.96,179.139779425002
8.96889455159086,179.408919884088
8.97,179.442374267313
8.97552724204573,179.6096613892
8.98,179.745052100681
8.98737108205991,179.968211404883
8.99,180.047812680605
8.99593791326069,180.227628342791
9,180.350655765744
9.00810141586333,180.59606187538
9.01,180.653581118184
9.01599568178023,180.835244871405
9.02,180.956588503173
9.02846120994839,181.213033310317
9.03,181.259677688647
9.03769395025802,181.492928535894
9.04,181.562848444667
9.04724109041422,181.782427918756
9.05,181.8661005428
9.05602637670336,182.048890865893
9.06,182.169433755459
9.06830296592506,182.421351759807
9.07,182.472847855341
9.07610780646862,182.658207007914
9.08,182.776342614834
9.08818378463611,183.024776045891
9.09,183.079917805585
9.09908107681944,183.355666259948
9.1,183.38357319808
9.10459461590279,183.523118014582
9.11,183.687308562052
9.11824594104728,183.937826950918
9.12,183.991123668574
9.1259650333815,184.172388270077
9.13,184.295018289879
9.13801828771195,184.538747027667
9.14,184.59899219955
9.14599445119881,184.781245792686
9.15,184.90304517226
9.1584736334005,185.160750230028
9.16,185.207176983352
9.16763183299752,185.439338207151
9.17,185.511387408384
9.17726054695063,185.732309947745
9.18,185.815676222674
9.19,186.120043200829
9.19603935068906,186.30389885537
9.2,186.424488117054
9.20712518970726,186.641458321776
9.21,186.729010747151
9.21587570955283,186.907975556258
9.22,187.033610868202
9.2281639717095,187.282342846769
9.23,187.338288258658
9.23599381098816,187.520943072843
9.24,187.643042697965
9.24846263466583,187.901005274652
9.25,187.947873966057
9.25768682667085,188.182244566665
9.26,188.252781842834
9.26599742738243,188.435684786737
9.27,188.557766108326
9.27715447759926,188.776013173154
9.28,188.862826544505
9.28588040938287,189.042250047712
9.29,189.167962934835
9.2982121974682,189.418603612042
9.3,189.473175064168
9.30605594782577,189.658046668809
9.31,189.778462718228
9.3183730591477,190.0341398141
9.32,190.083825682966
9.32813470426149,190.332284825031
9.33,190.389263743929
9.33600132359529,190.572602975828
9.34,190.694776686327
9.34715500950665,190.913417324809
9.35,191.000364296795
9.35588096334352,191.18011403298
9.36,191.306026362889
9.36820912512622,191.557003677322
9.37,191.611762672967
9.37605536032414,191.796933026293
9.38,191.91757301568
9.38837401908941,192.173715981356
9.39,192.223457179333
9.39812990455294,192.472192341883
9.4,192.529414951297
9.40600141660963,192.713068211341
9.41,192.835446118114
9.4171551763077,193.054461740937
9.42,193.141550467306
9.42588128849381,193.321613357648
9.43,193.447727786938
9.43820984280882,193.69914895026
9.44,193.753977865552
9.4489507859559,194.028157291296
9.45,194.060300491734
9.45524607022049,194.221028433749
9.46,194.366695454213
9.4675038326201,194.596656484884
9.47,194.673162543664
9.47594458569769,194.855378628459
9.48,194.979701552118
9.48808575953013,195.227614067547
9.49,195.28631227276
9.5,195.592994499319
9.50604594870608,195.77844759865
9.51,195.899748025975
9.51708900592205,196.117248859116
9.52,196.206572649016
9.52586939939658,196.386693304389
9.53,196.513468166061
9.53815896960378,196.763915663265
9.54,196.820434375731
9.55,197.127471076915
9.55604863279895,197.313220432114
9.56,197.434578068583
9.56708832314794,197.652307889878
9.57,197.741755151368
9.57586957006978,197.922087456821
9.58,198.049002126736
9.58815677592139,198.299668217866
9.59,198.356318796635
9.6,198.663704962745
9.60604883107698,198.849671310651
9.61,198.971160426302
9.61708830493092,199.189136095052
9.62,199.278684989702
9.63,199.586278455721
9.63633018794575,199.78102642497
9.64,199.89394062787
9.64710979042504,200.112723667166
9.65,200.201671312053
9.65588069652995,200.382670302632
9.66,200.509470315677
9.66807730395284,200.758138674293
9.67,200.817337447247
9.68,201.125272515436
9.68605301240751,201.311698920124
9.69,201.433275328743
9.69709327281641,201.651791092402
9.7,201.741345696916
9.70587092297108,201.922242833509
9.71,202.049483429978
9.71815537609904,202.30083107976
9.72,202.357688337761
9.73,202.665960229075
9.73604918313146,202.852471975725
9.74,202.974298911469
9.74708882886053,203.192915276734
9.75,203.282704192806
9.76,203.591175880487
9.76632965839772,203.786462153042
9.77,203.899713781823
9.7771098020595,204.119118290956
9.78,204.208317705736
9.78588116201494,204.389843428989
9.79,204.516987461926
9.79807834472366,204.766389473548
9.8,204.825722860538
9.81,205.134523711316
9.81605300276261,205.321472670576
9.82,205.443389823337
9.82709352331614,205.662524181683
9.83,205.75232100653
9.84,206.0613170708
9.84632817604051,206.25688865372
9.85,206.370377826309
9.85711130309621,206.590199552996
9.86,206.67950308508
9.87,206.988692660074
9.87631282976504,207.183911807694
9.88,207.297946365437
9.88713789139352,207.518727424993
9.89,207.607264017916
9.9,207.916645435785
9.90630369609343,208.11170276499
9.91,208.226090438893
9.91713884796506,208.447037322532
9.92,208.535598849894
9.92588604346278,208.717806419936
9.93,208.845170492985
9.93809032639746,209.095670208828
9.94,209.154805193122
9.95,209.464502774771
9.95605310260088,209.651996375249
9.96,209.774263061287
9.96709529170849,209.994084953131
9.97,210.084085876116
9.98,210.393971041682
9.98632734881308,210.590078321102
9.99,210.703918379482
9.99711125153898,210.924367456271
10,211.013927711556
