FinalDrive,Grip_Fact,Time_75m_s,Reached75m,ErrorMessage
2.5,0.5,5.10814461914743,1,
2.6,0.5,5.00834747288739,1,
2.7,0.5,4.91425959199098,1,
2.8,0.5,4.82531513153595,1,
2.9,0.5,4.74110744369262,1,
3,0.5,4.66115914419697,1,
3.1,0.5,4.58522457122751,1,
3.2,0.5,4.5129026953912,1,
3.3,0.5,4.44391054790849,1,
3.4,0.5,4.37806620199575,1,
3.5,0.5,4.31530938208509,1,
3.6,0.5,4.25600905503248,1,
3.7,0.5,4.38694598406504,1,
3.8,0.5,4.54511127165873,1,
3.9,0.5,4.51738988022411,1,
4,0.5,4.54030831444168,1,
4.1,0.5,4.52247054364086,1,
4.2,0.5,4.51396875690147,1,
4.3,0.5,4.50044562663545,1,
4.4,0.5,4.48830408221868,1,
4.5,0.5,4.48203935683558,1,
4.6,0.5,4.47713847967855,1,
4.7,0.5,4.47326876139195,1,
4.8,0.5,4.47043294153617,1,
4.9,0.5,4.46812071043197,1,
5,0.5,4.46693144089118,1,
5.1,0.5,4.46857322022365,1,
5.2,0.5,4.46706507898552,1,
5.3,0.5,4.46582664462457,1,
5.4,0.5,4.46402849699718,1,
5.5,0.5,4.46133739385574,1,
5.6,0.5,4.45975032488486,1,
5.7,0.5,4.46388394768067,1,
5.8,0.5,4.461538839969,1,
5.9,0.5,4.45960048280024,1,
6,0.5,4.45922343325004,1,
6.1,0.5,4.45993848061111,1,
6.2,0.5,4.46407858316998,1,
6.3,0.5,4.46513115556299,1,
6.4,0.5,4.46811747860473,1,
6.5,0.5,4.46908298317514,1,
6.6,0.5,4.47179021766708,1,
6.7,0.5,4.47351016994874,1,
6.8,0.5,4.47464248879169,1,
6.9,0.5,4.47630731122478,1,
7,0.5,4.47753399358246,1,
7.1,0.5,4.48293321922921,1,
7.2,0.5,4.48475250215725,1,
7.3,0.5,4.48678726147805,1,
7.4,0.5,4.489266362883,1,
7.5,0.5,4.49101464017678,1,
7.6,0.5,4.49604487027931,1,
7.7,0.5,4.4993513798547,1,
7.8,0.5,4.50205949748984,1,
7.9,0.5,4.50433340128136,1,
8,0.5,4.50653885828537,1,
8.1,0.5,4.5117985078823,1,
8.2,0.5,4.51491406891405,1,
8.3,0.5,4.51837164373744,1,
8.4,0.5,4.52215897457531,1,
8.5,0.5,4.52892282856463,1,
8.6,0.5,4.53277419471179,1,
8.7,0.5,4.53691158831421,1,
8.8,0.5,4.5416947076429,1,
8.9,0.5,4.54622967796434,1,
9,0.5,4.55454338433711,1,
9.1,0.5,4.55919230151802,1,
9.2,0.5,4.56416529648282,1,
9.3,0.5,4.56986720514919,1,
9.4,0.5,4.57498640915433,1,
9.5,0.5,4.58447636966635,1,
9.6,0.5,4.59008938636597,1,
9.7,0.5,4.59597351637698,1,
9.8,0.5,4.60208875323049,1,
9.9,0.5,4.61220890993587,1,
10,0.5,4.61881142025215,1,
10.1,0.5,4.62529405120146,1,
10.2,0.5,4.6325978607348,1,
10.3,0.5,4.63875849539475,1,
10.4,0.5,4.65020617254047,1,
10.5,0.5,4.65697663776418,1,
10.6,0.5,4.66452101801158,1,
10.7,0.5,4.67233399459309,1,
10.8,0.5,4.680648007426,1,
10.9,0.5,4.69224351893532,1,
11,0.5,4.70076918693245,1,
11.1,0.5,4.70909170743057,1,
11.2,0.5,4.71795121831234,1,
11.3,0.5,4.73026569804355,1,
11.4,0.5,4.73516298649822,1,
11.5,0.5,4.74175177664649,1,
11.6,0.5,4.75014806745648,1,
11.7,0.5,4.76157760671551,1,
11.8,0.5,4.77030265485296,1,
11.9,0.5,4.77873598728988,1,
12,0.5,4.78798487402181,1,
12.1,0.5,4.80032667700348,1,
12.2,0.5,4.80930646233171,1,
12.3,0.5,4.81767496623091,1,
12.4,0.5,4.82677444339392,1,
12.5,0.5,4.84037411506396,1,
2.5,0.6,5.10754265731476,1,
2.6,0.6,5.00769909539785,1,
2.7,0.6,4.91359128162831,1,
2.8,0.6,4.8246503855307,1,
2.9,0.6,4.74036652993679,1,
3,0.6,4.66042625769603,1,
3.1,0.6,4.58442066778209,1,
3.2,0.6,4.51209248604867,1,
3.3,0.6,4.44305331323977,1,
3.4,0.6,4.37717872501181,1,
3.5,0.6,4.31432397144156,1,
3.6,0.6,4.25463485285472,1,
3.7,0.6,4.19819450907581,1,
3.8,0.6,4.14501071156815,1,
3.9,0.6,4.09483703661953,1,
4,0.6,4.04762217815007,1,
4.1,0.6,4.00315333123954,1,
4.2,0.6,3.96129087173786,1,
4.3,0.6,3.92181483454938,1,
4.4,0.6,3.88464112975028,1,
4.5,0.6,3.84956765202689,1,
4.6,0.6,3.81819069637354,1,
4.7,0.6,4.06388713200175,1,
4.8,0.6,4.11989945630056,1,
4.9,0.6,4.11517716914128,1,
5,0.6,4.10871121680425,1,
5.1,0.6,4.09827588601957,1,
5.2,0.6,4.09290690793475,1,
5.3,0.6,4.08101661775884,1,
5.4,0.6,4.07658347910334,1,
5.5,0.6,4.0732339012422,1,
5.6,0.6,4.07066413846372,1,
5.7,0.6,4.06868487186164,1,
5.8,0.6,4.06772440252053,1,
5.9,0.6,4.06662841543714,1,
6,0.6,4.06528611358187,1,
6.1,0.6,4.06964970912993,1,
6.2,0.6,4.07159455072799,1,
6.3,0.6,4.07044556813883,1,
6.4,0.6,4.07040589721507,1,
6.5,0.6,4.06991361870674,1,
6.6,0.6,4.06984812033564,1,
6.7,0.6,4.07006668620255,1,
6.8,0.6,4.07053094953758,1,
6.9,0.6,4.07460031499194,1,
7,0.6,4.0758812615555,1,
7.1,0.6,4.07739212602722,1,
7.2,0.6,4.07878603986276,1,
7.3,0.6,4.08094125660886,1,
7.4,0.6,4.08258264008843,1,
7.5,0.6,4.08505499798143,1,
7.6,0.6,4.09299641773542,1,
7.7,0.6,4.09497023440304,1,
7.8,0.6,4.09748133322491,1,
7.9,0.6,4.09997209108168,1,
8,0.6,4.10279894766234,1,
8.1,0.6,4.10594103338752,1,
8.2,0.6,4.11276444913823,1,
8.3,0.6,4.11686165107344,1,
8.4,0.6,4.12142274777667,1,
8.5,0.6,4.12759498122798,1,
8.6,0.6,4.13199406699335,1,
8.7,0.6,4.13750447706798,1,
8.8,0.6,4.14270286998823,1,
8.9,0.6,4.15019419185204,1,
9,0.6,4.15610796952652,1,
9.1,0.6,4.16171566618765,1,
9.2,0.6,4.16767643266167,1,
9.3,0.6,4.17368366175209,1,
9.4,0.6,4.17960261162131,1,
9.5,0.6,4.1856925410671,1,
9.6,0.6,4.19622008565322,1,
9.7,0.6,4.20263433544113,1,
9.8,0.6,4.20930628848249,1,
9.9,0.6,4.2165013912486,1,
10,0.6,4.22355505469183,1,
10.1,0.6,4.23139508489937,1,
10.2,0.6,4.24329937611656,1,
10.3,0.6,4.25122986265901,1,
10.4,0.6,4.25853806127342,1,
10.5,0.6,4.26698815629903,1,
10.6,0.6,4.27577447059387,1,
10.7,0.6,4.28422508107812,1,
10.8,0.6,4.29351683804105,1,
10.9,0.6,4.30299010083449,1,
11,0.6,4.31561627760515,1,
11.1,0.6,4.32489045744682,1,
11.2,0.6,4.33479384915913,1,
11.3,0.6,4.34459529293854,1,
11.4,0.6,4.35513760876037,1,
11.5,0.6,4.3680673996106,1,
11.6,0.6,4.3783131884936,1,
11.7,0.6,4.38886609324987,1,
11.8,0.6,4.39947163073343,1,
11.9,0.6,4.40970546137728,1,
12,0.6,4.42050318938188,1,
12.1,0.6,4.43473433807593,1,
12.2,0.6,4.44534995882958,1,
12.3,0.6,4.45641878900844,1,
12.4,0.6,4.46726662692833,1,
12.5,0.6,4.4785180412357,1,
2.5,0.7,5.10713101213714,1,
2.6,0.7,5.00730619417727,1,
2.7,0.7,4.91313654933866,1,
2.8,0.7,4.82417578095483,1,
2.9,0.7,4.7399278506827,1,
3,0.7,4.65994181067584,1,
3.1,0.7,4.58398636398469,1,
3.2,0.7,4.51156464410505,1,
3.3,0.7,4.44255450569572,1,
3.4,0.7,4.37664593507557,1,
3.5,0.7,4.31372457755149,1,
3.6,0.7,4.25397216400124,1,
3.7,0.7,4.19740626192003,1,
3.8,0.7,4.14403698227012,1,
3.9,0.7,4.09365580047746,1,
4,0.7,4.0462473850989,1,
4.1,0.7,4.0015633767437,1,
4.2,0.7,3.95945029495327,1,
4.3,0.7,3.91974801916554,1,
4.4,0.7,3.88233671333753,1,
4.5,0.7,3.84699353939517,1,
4.6,0.7,3.81363531573826,1,
4.7,0.7,3.7821158258305,1,
4.8,0.7,3.75227891609529,1,
4.9,0.7,3.72409702140665,1,
5,0.7,3.69738920663407,1,
5.1,0.7,3.67210280104861,1,
5.2,0.7,3.64825687121237,1,
5.3,0.7,3.62561293768855,1,
5.4,0.7,3.60418095769031,1,
5.5,0.7,3.58392596529476,1,
5.6,0.7,3.56481224961938,1,
5.7,0.7,3.84789904214601,1,
5.8,0.7,3.84533387775366,1,
5.9,0.7,3.84337130329904,1,
6,0.7,3.83972150031528,1,
6.1,0.7,3.83037435212191,1,
6.2,0.7,3.82745550931784,1,
6.3,0.7,3.82456807774224,1,
6.4,0.7,3.82257301857323,1,
6.5,0.7,3.82150239606149,1,
6.6,0.7,3.82066198001018,1,
6.7,0.7,3.82062411879362,1,
6.8,0.7,3.82041643680745,1,
6.9,0.7,3.8260588456382,1,
7,0.7,3.82702350117237,1,
7.1,0.7,3.828412564772,1,
7.2,0.7,3.82951181686968,1,
7.3,0.7,3.83101521077101,1,
7.4,0.7,3.83258824730378,1,
7.5,0.7,3.8339963439744,1,
7.6,0.7,3.83604037148596,1,
7.7,0.7,3.83843265219186,1,
7.8,0.7,3.84109702045855,1,
7.9,0.7,3.84362154386477,1,
8,0.7,3.85101480463099,1,
8.1,0.7,3.85467284737689,1,
8.2,0.7,3.85839300674472,1,
8.3,0.7,3.86224928867981,1,
8.4,0.7,3.86652893961203,1,
8.5,0.7,3.87069119732229,1,
8.6,0.7,3.87507311063213,1,
8.7,0.7,3.8798554084502,1,
8.8,0.7,3.88813493915489,1,
8.9,0.7,3.89478166054564,1,
9,0.7,3.90042438246634,1,
9.1,0.7,3.9061752022369,1,
9.2,0.7,3.91215051660092,1,
9.3,0.7,3.91846732366939,1,
9.4,0.7,3.92500281678413,1,
9.5,0.7,3.9317989935395,1,
9.6,0.7,3.93868754219849,1,
9.7,0.7,3.94609719353363,1,
9.8,0.7,3.95888269400833,1,
9.9,0.7,3.96648754879972,1,
10,0.7,3.97421386915621,1,
10.1,0.7,3.98191169408887,1,
10.2,0.7,3.98964875947117,1,
10.3,0.7,3.99771959278795,1,
10.4,0.7,4.00580613906463,1,
10.5,0.7,4.01399657951813,1,
10.6,0.7,4.02643357255326,1,
10.7,0.7,4.03180424482396,1,
10.8,0.7,4.04525801821304,1,
10.9,0.7,4.05443533982344,1,
11,0.7,4.064452383273,1,
11.1,0.7,4.07405186768005,1,
11.2,0.7,4.08441244824717,1,
11.3,0.7,4.09499970947412,1,
11.4,0.7,4.10537054955508,1,
11.5,0.7,4.11926997329271,1,
11.6,0.7,4.13022364882065,1,
11.7,0.7,4.14148645139461,1,
11.8,0.7,4.15261791913151,1,
11.9,0.7,4.16417809691221,1,
12,0.7,4.17575475372258,1,
12.1,0.7,4.1874003645842,1,
12.2,0.7,4.20254119373548,1,
12.3,0.7,4.21469668691936,1,
12.4,0.7,4.22653746692635,1,
12.5,0.7,4.23867951602598,1,
2.5,0.8,5.10683939215481,1,
2.6,0.8,5.00703309868199,1,
2.7,0.8,4.9128750724558,1,
2.8,0.8,4.82388202623273,1,
2.9,0.8,4.73958956083607,1,
3,0.8,4.65962262393368,1,
3.1,0.8,4.58364456582683,1,
3.2,0.8,4.51123152559337,1,
3.3,0.8,4.44220630362948,1,
3.4,0.8,4.37627740061427,1,
3.5,0.8,4.31333187303432,1,
3.6,0.8,4.25349211044226,1,
3.7,0.8,4.19685325444715,1,
3.8,0.8,4.14335091788607,1,
3.9,0.8,4.09288084287958,1,
4,0.8,4.04534049250434,1,
4.1,0.8,4.00048532648454,1,
4.2,0.8,3.95825368129602,1,
4.3,0.8,3.91842692658541,1,
4.4,0.8,3.88080498349708,1,
4.5,0.8,3.84532922472241,1,
4.6,0.8,3.81180627444,1,
4.7,0.8,3.78011929044379,1,
4.8,0.8,3.75012532140566,1,
4.9,0.8,3.72174081894949,1,
5,0.8,3.69485326785782,1,
5.1,0.8,3.66942595931399,1,
5.2,0.8,3.64533675357444,1,
5.3,0.8,3.62252745665287,1,
5.4,0.8,3.60091876148883,1,
5.5,0.8,3.58046892021861,1,
5.6,0.8,3.56111585787678,1,
5.7,0.8,3.54282900375685,1,
5.8,0.8,3.52551194753164,1,
5.9,0.8,3.50918437325543,1,
6,0.8,3.4937790507887,1,
6.1,0.8,3.47925606565529,1,
6.2,0.8,3.46557550266483,1,
6.3,0.8,3.45274614455527,1,
6.4,0.8,3.4406969038307,1,
6.5,0.8,3.42936469925845,1,
6.6,0.8,3.66190086678543,1,
6.7,0.8,3.67392602899948,1,
6.8,0.8,3.67119987592005,1,
6.9,0.8,3.67176008324875,1,
7,0.8,3.67172454713069,1,
7.1,0.8,3.67169434095723,1,
7.2,0.8,3.66597761238736,1,
7.3,0.8,3.66647276492038,1,
7.4,0.8,3.66698750104568,1,
7.5,0.8,3.67337040608393,1,
7.6,0.8,3.67466750597642,1,
7.7,0.8,3.67695141096137,1,
7.8,0.8,3.67905011144587,1,
7.9,0.8,3.68158972478495,1,
8,0.8,3.68453419066501,1,
8.1,0.8,3.68781519184946,1,
8.2,0.8,3.69154795479729,1,
8.3,0.8,3.69517945455818,1,
8.4,0.8,3.69894955610459,1,
8.5,0.8,3.70304701288897,1,
8.6,0.8,3.70759596226786,1,
8.7,0.8,3.71208811878176,1,
8.8,0.8,3.71732207796166,1,
8.9,0.8,3.7229542641341,1,
9,0.8,3.73288810441413,1,
9.1,0.8,3.73901097723753,1,
9.2,0.8,3.74525497782183,1,
9.3,0.8,3.7514365335758,1,
9.4,0.8,3.75767556529407,1,
9.5,0.8,3.76465770885873,1,
9.6,0.8,3.77150184726082,1,
9.7,0.8,3.77870428024241,1,
9.8,0.8,3.78584983703131,1,
9.9,0.8,3.79698247390474,1,
10,0.8,3.80572440799831,1,
10.1,0.8,3.81373500661889,1,
10.2,0.8,3.82191066843726,1,
10.3,0.8,3.83034709018271,1,
10.4,0.8,3.8390941547597,1,
10.5,0.8,3.84817378767998,1,
10.6,0.8,3.85739197220342,1,
10.7,0.8,3.86669191765188,1,
10.8,0.8,3.87614437115285,1,
10.9,0.8,3.8894470413625,1,
11,0.8,3.8992942243384,1,
11.1,0.8,3.90977438089248,1,
11.2,0.8,3.92040298830111,1,
11.3,0.8,3.9306922678835,1,
11.4,0.8,3.9431889331593,1,
11.5,0.8,3.95368041858671,1,
11.6,0.8,3.96458100319683,1,
11.7,0.8,3.97661872848111,1,
11.8,0.8,3.98819911034491,1,
11.9,0.8,3.99966310542061,1,
12,0.8,4.01122167325303,1,
12.1,0.8,4.023090647969,1,
12.2,0.8,4.03546322005059,1,
12.3,0.8,4.04776619431489,1,
12.4,0.8,4.06043354053053,1,
12.5,0.8,4.07650317765351,1,
2.5,0.9,5.10664505363294,1,
2.6,0.9,5.00682239711886,1,
2.7,0.9,4.91263046200878,1,
2.8,0.9,4.82364477154602,1,
2.9,0.9,4.73935579178272,1,
3,0.9,4.65940181207417,1,
3.1,0.9,4.58332902807853,1,
3.2,0.9,4.51099061013823,1,
3.3,0.9,4.44195551837575,1,
3.4,0.9,4.37600221974848,1,
3.5,0.9,4.31304351238414,1,
3.6,0.9,4.25314540567448,1,
3.7,0.9,4.19645708741262,1,
3.8,0.9,4.14288995524136,1,
3.9,0.9,4.09233524260825,1,
4,0.9,4.04467718176281,1,
4.1,0.9,3.99976369013802,1,
4.2,0.9,3.95738328837222,1,
4.3,0.9,3.9174442953764,1,
4.4,0.9,3.87975748928565,1,
4.5,0.9,3.84415020608418,1,
4.6,0.9,3.8105104827891,1,
4.7,0.9,3.77872404605722,1,
4.8,0.9,3.74858377842922,1,
4.9,0.9,3.72010390088897,1,
5,0.9,3.69311608525737,1,
5.1,0.9,3.66757655222108,1,
5.2,0.9,3.6433404851704,1,
5.3,0.9,3.62039758133859,1,
5.4,0.9,3.5986810755502,1,
5.5,0.9,3.57808490451883,1,
5.6,0.9,3.55863114809726,1,
5.7,0.9,3.5402044861469,1,
5.8,0.9,3.52275040986382,1,
5.9,0.9,3.50630289674278,1,
6,0.9,3.49076136365385,1,
6.1,0.9,3.47608432113728,1,
6.2,0.9,3.46226871715855,1,
6.3,0.9,3.44929108102935,1,
6.4,0.9,3.43707890673672,1,
6.5,0.9,3.42563278269001,1,
6.6,0.9,3.4148875311629,1,
6.7,0.9,3.40491272048891,1,
6.8,0.9,3.39557554241988,1,
6.9,0.9,3.38690112715391,1,
7,0.9,3.37885806364785,1,
7.1,0.9,3.37148152927865,1,
7.2,0.9,3.36462788325398,1,
7.3,0.9,3.35838641330319,1,
7.4,0.9,3.35273533496822,1,
7.5,0.9,3.34767279413103,1,
7.6,0.9,3.5639439289184,1,
7.7,0.9,3.56517574648122,1,
7.8,0.9,3.56915017429666,1,
7.9,0.9,3.57297804061966,1,
8,0.9,3.57582978447412,1,
8.1,0.9,3.57879309595385,1,
8.2,0.9,3.58221583431385,1,
8.3,0.9,3.58540026783102,1,
8.4,0.9,3.58927903720525,1,
8.5,0.9,3.59301424676021,1,
8.6,0.9,3.59718294021252,1,
8.7,0.9,3.60140067675445,1,
8.8,0.9,3.60647312860822,1,
8.9,0.9,3.61158073613751,1,
9,0.9,3.61677224788495,1,
9.1,0.9,3.622566707662,1,
9.2,0.9,3.62802658788789,1,
9.3,0.9,3.63396113190576,1,
9.4,0.9,3.64463305457767,1,
9.5,0.9,3.65128875487943,1,
9.6,0.9,3.65829635168751,1,
9.7,0.9,3.6651119002228,1,
9.8,0.9,3.67274332554254,1,
9.9,0.9,3.68013755651662,1,
10,0.9,3.68811798325963,1,
10.1,0.9,3.69634961021206,1,
10.2,0.9,3.70433688053655,1,
10.3,0.9,3.71306486424159,1,
10.4,0.9,3.72664100112523,1,
10.5,0.9,3.735680427833,1,
10.6,0.9,3.74480301741601,1,
10.7,0.9,3.75432009925315,1,
10.8,0.9,3.76380017244851,1,
10.9,0.9,3.77558947391466,1,
11,0.9,3.78536817728486,1,
11.1,0.9,3.79550539041481,1,
11.2,0.9,3.80581904273443,1,
11.3,0.9,3.81635925080396,1,
11.4,0.9,3.82730738060594,1,
11.5,0.9,3.83838260749617,1,
11.6,0.9,3.84976980585775,1,
11.7,0.9,3.86079896086584,1,
11.8,0.9,3.87266717644393,1,
11.9,0.9,3.88447161793422,1,
12,0.9,3.89640502299738,1,
12.1,0.9,3.91077813626597,1,
12.2,0.9,3.92306648575384,1,
12.3,0.9,3.93608268992676,1,
12.4,0.9,3.94850967568491,1,
12.5,0.9,3.96160223149517,1,
2.5,1,5.10648193588635,1,
2.6,1,5.00666862105477,1,
2.7,1,4.91249789177189,1,
2.8,1,4.82347260107576,1,
2.9,1,4.73917429838361,1,
3,1,4.65921933908979,1,
3.1,1,4.58320980842681,1,
3.2,1,4.51078404105832,1,
3.3,1,4.44175878891706,1,
3.4,1,4.37582852809669,1,
3.5,1,4.31283685473577,1,
3.6,1,4.25289997279985,1,
3.7,1,4.19614361280245,1,
3.8,1,4.14252601419445,1,
3.9,1,4.09190005301203,1,
4,1,4.04417384884225,1,
4.1,1,3.99919064463401,1,
4.2,1,3.95675104439949,1,
4.3,1,3.91672059580379,1,
4.4,1,3.87893743125726,1,
4.5,1,3.84327754292321,1,
4.6,1,3.80952776605668,1,
4.7,1,3.7776323307259,1,
4.8,1,3.74746564343479,1,
4.9,1,3.7188785641201,1,
5,1,3.69181351925377,1,
5.1,1,3.66616317363693,1,
5.2,1,3.64184959591669,1,
5.3,1,3.61883221119436,1,
5.4,1,3.59700690788495,1,
5.5,1,3.57635058432017,1,
5.6,1,3.55680780651565,1,
5.7,1,3.53826810244892,1,
5.8,1,3.52075812343798,1,
5.9,1,3.50419983364227,1,
6,1,3.48855372248389,1,
6.1,1,3.47379813957456,1,
6.2,1,3.45987637250894,1,
6.3,1,3.44679822088387,1,
6.4,1,3.43447417617491,1,
6.5,1,3.42295374042988,1,
6.6,1,3.41215199013627,1,
6.7,1,3.40204938511925,1,
6.8,1,3.3925788509264,1,
6.9,1,3.38384238636089,1,
7,1,3.37572866842868,1,
7.1,1,3.36821767771851,1,
7.2,1,3.36130273548074,1,
7.3,1,3.35502972638867,1,
7.4,1,3.34927262191175,1,
7.5,1,3.34407288750386,1,
7.6,1,3.33939877296888,1,
7.7,1,3.33529648274443,1,
7.8,1,3.33168276188123,1,
7.9,1,3.32858347377609,1,
8,1,3.32605204673686,1,
8.1,1,3.32398222884578,1,
8.2,1,3.32235769683947,1,
8.3,1,3.32124795958062,1,
8.4,1,3.32052901271517,1,
8.5,1,3.32022217435372,1,
8.6,1,3.51138424833228,1,
8.7,1,3.51902496522285,1,
8.8,1,3.52115128260264,1,
8.9,1,3.52848053976241,1,
9,1,3.53427183987232,1,
9.1,1,3.5408164069322,1,
9.2,1,3.54701454290677,1,
9.3,1,3.55352091842514,1,
9.4,1,3.55982914719392,1,
9.5,1,3.56693484210042,1,
9.6,1,3.57691553312014,1,
9.7,1,3.58395285912682,1,
9.8,1,3.59151045967344,1,
9.9,1,3.59863354567035,1,
10,1,3.60655997471441,1,
10.1,1,3.61389003411267,1,
10.2,1,3.62225535283872,1,
10.3,1,3.63064205685734,1,
10.4,1,3.64254831910721,1,
10.5,1,3.6518017994337,1,
10.6,1,3.66080273719204,1,
10.7,1,3.6694970885562,1,
10.8,1,3.67928887116037,1,
10.9,1,3.68937291774263,1,
11,1,3.70233981012083,1,
11.1,1,3.71256567368306,1,
11.2,1,3.72293515450916,1,
11.3,1,3.73358595072528,1,
11.4,1,3.74625306009657,1,
11.5,1,3.75731352541048,1,
11.6,1,3.76863785064494,1,
11.7,1,3.78026695171061,1,
11.8,1,3.7913064578671,1,
11.9,1,3.80294822145097,1,
12,1,3.81526587438521,1,
12.1,1,3.82759329834411,1,
12.2,1,3.83992188610791,1,
12.3,1,3.85305390747029,1,
12.4,1,3.8655768435548,1,
12.5,1,3.87880956908362,1,
