Time_s,Normal_Force_N
0,1345.14130750784
5.6691999554816e-30,1340.69711691523
6.81617413467732e-09,1340.7401331003
4.08970448080639e-08,1340.88468724821
2.11301398174997e-07,1341.60705124003
8.546747819125e-07,1344.32471875888
1.50014874126267e-06,1347.03912674936
2.1469507941085e-06,1349.75142836773
2.79475483826294e-06,1352.45964244584
3.47802459533756e-06,1355.30548180653
4.19250657591331e-06,1358.26971251836
4.93511128521215e-06,1361.33737745084
5.70347077689683e-06,1364.49648762763
6.49576259137992e-06,1367.73727458088
7.31057427141244e-06,1371.05161799864
8.14679269693988e-06,1374.43258215874
9.00354720606548e-06,1377.87417332678
9.88016252257925e-06,1381.37114131001
1.07761149772353e-05,1384.91879777117
1.16910169106541e-05,1388.51294611947
1.26245914303415e-05,1392.14977729171
1.3576658787922e-05,1395.82581049477
1.45471263872052e-05,1399.53784909807
1.55359775575076e-05,1403.28293286416
1.65432627416972e-05,1407.05829973509
1.75690975953121e-05,1410.86137306728
1.86136555316386e-05,1414.68972978612
1.96771660960097e-05,1418.54108872045
2.07599098429904e-05,1422.41328751637
2.18622176347263e-05,1426.30427440417
2.29844716240797e-05,1430.21210569381
2.41271004470689e-05,1434.13492415524
2.52905806217559e-05,1438.07095695378
2.64754377815264e-05,1442.01851328803
2.76822437071795e-05,1445.97596857945
2.89116227362658e-05,1449.94177649931
3.0164248066805e-05,1453.91445094956
3.14408461325488e-05,1457.8925703298
3.27421981243487e-05,1461.87477375946
3.4069143872946e-05,1465.859762744
3.54225831198596e-05,1469.84629499008
3.68034812557935e-05,1473.83318905102
3.821287183035e-05,1477.81931976907
3.96518632967261e-05,1481.80362299441
4.11216450098857e-05,1485.78509725223
4.26234925752258e-05,1489.76280198216
4.41587778924923e-05,1493.73586501429
4.57289774524392e-05,1497.70348405453
4.73356814886104e-05,1501.66492737161
4.89806102871369e-05,1505.61954734869
5.06656241405687e-05,1509.56677745393
5.23927462790358e-05,1513.50615145383
5.41641794653757e-05,1517.43730594075
5.59823329074652e-05,1521.35999662188
5.78498510784751e-05,1525.27411220541
5.97696513177274e-05,1529.17969603394
6.17449707574687e-05,1533.07697445515
6.37794205558311e-05,1536.96638539187
6.5839875444383e-05,1540.78906839492
6.79232245835072e-05,1544.5328827638
7.00301682185862e-05,1548.19766474022
7.21613919387323e-05,1551.78465170954
7.43175831100007e-05,1555.29523958983
7.64994281983105e-05,1558.73082592398
7.87076123153424e-05,1562.09278894141
8.09428205215175e-05,1565.38248597328
8.32057388341465e-05,1568.60125380027
8.54970540332816e-05,1571.75040778178
8.78174553845452e-05,1574.83124319197
9.01676340084993e-05,1577.84503405128
9.25482842920096e-05,1580.7930340427
9.49601043135539e-05,1583.67647653725
9.74037962509685e-05,1586.49657451894
9.98800665125972e-05,1589.25452027294
0.000102389626913942,1591.95148606182
0.000104933194483617,1594.58862363017
0.000107511492166322,1597.16706442541
0.0001101252488517,1599.68791934305
0.000112775200540543,1602.15227936042
0.000115462089562752,1604.56121473546
0.000118186666120466,1606.91577586118
0.000120949687764867,1609.21699276865
0.000123751919749756,1611.46587515742
0.000126594136035437,1613.66341292719
0.000129477118877425,1615.81057583383
0.000132401658695175,1617.9083132901
0.000135368555507034,1619.95755514169
0.000138378618576231,1621.95921148096
0.000141432666340706,1623.91417255063
0.000144531526266129,1625.82330867213
0.000147676036580673,1627.68747114008
0.000150867044927233,1629.50749167743
0.000154105408422703,1631.28418246946
0.000157391994852422,1633.01833679727
0.000160727681913402,1634.71072886826
0.000164113357490679,1636.36211402263
0.000167549920545556,1637.97322922741
0.000171038278445567,1639.54479225822
0.00017457934911478,1641.07750259943
0.000178174061742415,1642.57204196994
0.000181823353513513,1644.02907345903
0.000185528172703079,1645.44924266095
0.000189289475380815,1646.83317701771
0.000193108227886818,1648.18148674202
0.000196985404406365,1649.49476449436
0.00020092198763963,1650.77358581768
0.000204918967747464,1652.01850921768
0.000208977341801321,1653.23007635949
0.00021309811389877,1654.40881245651
0.000217282293438648,1655.55522626642
0.000221530894390679,1656.66981030805
0.000225844935042528,1657.75304123004
0.000230225437040706,1658.80538005929
0.000234673423712053,1659.82727232011
0.000239189918556677,1660.8191482152
0.000243775944741365,1661.78142302355
0.000248432523352539,1662.71449732689
0.000253160672522225,1663.61875737956
0.000257961404635116,1664.49457522478
0.000262835724894641,1665.34230902793
0.00026778463117197,1666.16230362925
0.000272809109924307,1666.95489060548
0.000277910133437254,1667.72038850712
0.000283088662156887,1668.459103748
0.000288345639231593,1669.17133064693
0.000293681987231134,1669.85735167254
0.000299098608576352,1670.51743813298
0.000304596381230115,1671.15185044681
0.000310176159501404,1671.76083885332
0.00031583876798248,1672.34464356958
0.000321585002265872,1672.90349548248
0.00032741562170972,1673.43761629396
0.000333331356444728,1673.94721966173
0.000339332896247258,1674.43251114608
0.000345420895904152,1674.89368913911
0.000351595966825311,1675.3309450388
0.000357858683687721,1675.74446420282
0.000364209575430386,1676.13442610908
0.000370649130668551,1676.50100516076
0.000377177793863724,1676.84437108345
0.000383795964089498,1677.16468938997
0.00038789668980539,1677.37243136654
0.000387896689805394,1677.41141978436
0.000388782766033491,1677.44954621172
0.000388782766033495,1677.45670225696
0.000395490802299032,1677.67934365386
0.000402358666187912,1677.9266232561
0.0004093144416985,1678.16025848154
0.000416360615176446,1678.37323645692
0.000423497716156801,1678.56436853229
0.000430725947144998,1678.73355347625
0.000438045426973448,1678.88089276505
0.000445456241592084,1679.00652529961
0.000452958447930137,1679.11059647301
0.000460552085491007,1679.19325257555
0.000468237183568795,1679.25463980894
0.000476013751975941,1679.29490405513
0.00048388180674188,1679.31419095324
0.000491841360167595,1679.31264579063
0.000499892428127048,1679.29041345958
0.000508035038317182,1679.24763836558
0.000516269239451124,1679.18446425955
0.000524595104260861,1679.10103405194
0.000533012720164891,1678.99748977526
0.000541522210585717,1678.87397231579
0.00055012374383306,1678.7306211003
0.000558817524859776,1678.56757401452
0.000567603801285399,1678.38496723639
0.000576482877401584,1678.18293487944
0.000585455109372661,1677.96160891164
0.000594520910834088,1677.72111897975
0.000603680761549086,1677.46159213401
0.000612935212081933,1677.18315260383
0.000622284878172015,1676.88592186464
0.000631730448181875,1676.5700184776
0.000641272693476383,1676.23555777938
0.00065091246473343,1675.88265193675
0.000660650700863135,1675.51140973448
0.000670488412803095,1675.12193711922
0.000680426725118598,1674.71433605367
0.000690466846801099,1674.28870531289
0.000700610086176275,1673.84514027021
0.000710857856859201,1673.3837327688
0.000721211680002345,1672.9045711528
0.000731673186107954,1672.40774037005
0.000742244137152069,1671.8933212946
0.000752926407317123,1671.36139153159
0.000763722005422767,1670.81202488361
0.000774633076283701,1670.24529139888
0.000785661922326331,1669.66125667619
0.000796810995985951,1669.0599822809
0.000808082940863487,1668.44152423813
0.000819480546561912,1667.80593502699
0.000831006839811559,1667.1532600853
0.00084266506297526,1666.48353834504
0.000854458663902426,1665.7968031255
0.000866391358963601,1665.09307963375
0.000878467205152449,1664.37238125492
0.000890690533920134,1663.63471238731
0.000903066056526102,1662.88006415163
0.000915598883023368,1662.10841300309
0.000928294604348978,1661.319716727
0.000941159317933792,1660.51391284058
0.000954199744348204,1659.69091281711
0.000967423308057968,1658.85059740885
0.000980838194815479,1657.99281351445
0.000994453593419713,1657.11736172973
0.00100827981453942,1656.22398877222
0.00102232846206676,1655.31237825967
0.00103661279527108,1654.38213124808
0.00105114800298425,1653.43274999052
0.00106595170449651,1652.46361060267
0.00108104452480465,1651.47393044993
0.00109645098778731,1650.46271841661
0.00111220066928105,1649.42870956835
0.0011283297194155,1648.37027932125
0.00114504249621594,1647.27665613639
0.00116249553986805,1646.13821453518
0.00118079694344261,1644.94834991939
0.00120010001078345,1643.69877281712
0.00122063593824686,1642.37705416921
0.00124279336064662,1640.9621693253
0.00126735708961052,1639.41154730984
0.00129671570417576,1637.59678590607
0.00132687031137561,1635.71389152182
0.00135458992527706,1633.96493394418
0.00137996256373657,1632.37589157417
0.00140425507627462,1630.88402081967
0.00142793689034709,1629.45427835964
0.00145123722582682,1628.06902177247
0.00147429384794438,1626.71838992289
0.00149719895346035,1625.39625448162
0.00152001863515057,1624.09850516557
0.00154280273735755,1622.82223634922
0.00156559043959417,1621.56531268154
0.00158841356163338,1620.32611948047
0.00161129867154394,1619.10340818317
0.0016342684388059,1617.89619772222
0.00165734268023969,1616.70370292787
0.00168053896440536,1615.52528971911
0.00170387313566923,1614.36044000626
0.00172735974884138,1613.2087236669
0.00175101221908462,1612.06978465354
0.00177484313678455,1610.94332324873
0.00179886444152657,1609.829084344
0.00182308750921176,1608.72685056968
0.00184752330469881,1607.63643399465
0.00187218242560884,1606.55767213784
0.00189707521894141,1605.49042214238
0.00192221183107958,1604.43455743287
0.00194760219962086,1603.38996690711
0.00197325624729353,1602.35654761301
0.00199918374166339,1601.33420823479
0.00202539446008178,1600.32286372471
0.00205189812826447,1599.32243639764
0.00207870451497709,1598.33285288112
0.0021058234252096,1597.3540438671
0.00213326470961455,1596.38594374211
0.00216103831548811,1595.42848900311
0.00218915424738792,1594.48161922059
0.00221762270208243,1593.54527337986
0.00224645393599487,1592.61939325407
0.00227565829877158,1591.70392289714
0.00230524639852468,1590.79880428077
0.00233522896877015,1589.90398045243
0.00236561689425864,1589.0193953771
0.00239642128558957,1588.14499219725
0.00242765343399014,1587.28071430058
0.00245932485848379,1586.42650450766
0.00249144728648772,1585.58230560133
0.00252403272460684,1584.74805900948
0.00255709333456013,1583.92370753397
0.00259064164861454,1583.10919126454
0.00262469040510858,1582.30445077968
0.00265925263348317,1581.50942597926
0.00269434164269695,1580.72405636726
0.00269790458816942,1580.54556640018
0.00270146753364189,1580.45316904718
0.00270324900637812,1580.40659397578
0.00270503047911436,1580.36654941418
0.00271393784279553,1580.19429929255
0.00271753861142417,1580.10293212934
0.00271814084524645,1580.07882656723
0.00271831790074672,1580.07213011709
0.00271849495624698,1580.06789475118
0.00271854038984489,1580.06645224664
0.00271858582344279,1580.06619312825
0.00271868561863265,1580.06604295205
0.00271918459458199,1580.06545412421
0.00272167947432866,1580.06253690389
0.00273415387306203,1580.04805423743
0.00278473806336032,1579.99060182577
0.00283667964075792,1579.92820330307
0.00289033558566438,1579.86589674687
0.00294576162753087,1579.80440284828
0.00300302072627969,1579.74382701792
0.00306217889173694,1579.68418655721
0.00312330512154253,1579.62548530777
0.00318647148463811,1579.567724294
0.00325175321826323,1579.51090331629
0.00331922905683063,1579.45502109978
0.00338898115064469,1579.40007554901
0.00346109542863712,1579.34606369233
0.00353566158958619,1579.29298184483
0.00361277344409111,1579.24082557179
0.00369252903230174,1579.18958977577
0.00377503088643486,1579.13926871629
0.00386038611907422,1579.08985611657
0.00394870671979414,1579.04134517015
0.00404010987297746,1578.99372853879
0.00413471811540975,1578.94699842921
0.00423265963134865,1578.90114661721
0.00433406854581634,1578.85616447271
0.00443908517161894,1578.81204300612
0.00454785643494206,1578.76877285663
0.00466053603406327,1578.72634437239
0.00477728498103626,1578.6847475756
0.00489827183885096,1578.64397222077
0.00502367320307334,1578.60400779217
0.00515367388397376,1578.56484358073
0.00528846767964066,1578.52646861663
0.00542825762073947,1578.48887173302
0.0055732564780262,1578.45204157928
0.00572368714525474,1578.4159666588
0.00587978347393353,1578.38063528112
0.00604179062375266,1578.346035613
0.00620996561927749,1578.31215569875
0.00638457803789646,1578.27898345813
0.00656591070422985,1578.24650668855
0.00675426023427276,1578.21471309522
0.00694993800717461,1578.18359026549
0.00715327045452513,1578.15312573655
0.00736460032328222,1578.12330694469
0.00758428725850435,1578.09412125796
0.00781270866231715,1578.06555598493
0.00805026063125339,1578.03759837606
0.00829735890505495,1578.01023562782
0.00855443968200389,1577.98345490225
0.0088219605973589,1577.95724333342
0.00910040238224002,1577.93158798234
0.00939026871789342,1577.90647593452
0.0096920885939599,1577.88189421685
0.0100064161525242,1577.8578298843
0.0103338327808057,1577.83426996625
0.0106749478756363,1577.81120149192
0.0110303997030749,1577.78861151393
0.0114008565551749,1577.76648711192
0.0117870186553703,1577.74481535979
0.0121896174751093,1577.72358341475
0.0126094182087823,1577.70277846314
0.0130472197068503,1577.68238776748
0.0135038556492074,1577.66239866569
0.013980194639196,1577.64279860358
0.0144771406672846,1577.62357514986
0.0149956336367618,1577.60471600346
0.0155366488261165,1577.58620902905
0.0161011963671579,1577.56804228526
0.0166903204472065,1577.55020405167
0.0173050982840105,1577.53268285413
0.0179466376957809,1577.51546751531
0.0186160751408618,1577.49854718496
0.0193145735989545,1577.48191136449
0.0200433173479197,1577.46554998492
0.0208035087559756,1577.44945343586
0.0215963637404941,1577.43361260727
0.0224231047281371,1577.41801896499
0.0232849554720203,1577.40266458654
0.0241831345989706,1577.38754220698
0.025118847455827,1577.372645283
0.02609327881559,1577.35796803861
0.0271075839629377,1577.34350552428
0.0281628814304005,1577.32925365197
0.029260244911914,1577.31520923615
0.0304006974185209,1577.30137001131
0.0315852017940796,1577.28773468668
0.0328146563644575,1577.27430295266
0.034089890484751,1577.26107548959
0.0354116597469248,1577.24805398453
0.0367806428965796,1577.23524113778
0.038197444636271,1577.22264062776
0.0396625936983956,1577.2102571177
0.0411765435539241,1577.19809625026
0.042739677569202,1577.1861646151
0.0443523121700638,1577.17446973399
0.0460147019494175,1577.16302003953
0.0477270439398919,1577.15182486149
0.0479032882042288,1577.14930026937
0.0479496541630211,1577.1486957221
0.0479617155706433,1577.14854581039
0.0479680852698395,1577.14849032881
0.0479744549690357,1577.14844805895
0.0479798770341889,1577.148412784
0.0480069873599551,1577.14826121456
0.0481425389887858,1577.14751150524
0.0488202971329394,1577.14387896099
0.0506211590582673,1577.13488305102
0.0524904526517774,1577.12607163378
0.0544486525498778,1577.11817060849
0.056500396080282,1577.11131810383
0.0586509028322958,1577.10557403131
0.0609057242818662,1577.1009929508
0.0632707725297534,1577.0976348441
0.0657523434530946,1577.09556731469
0.0683571445177093,1577.09486666857
0.0710923269271434,1577.09561893744
0.0739655196150018,1577.0979210096
0.0769848634242251,1577.10188190169
0.0801590482384571,1577.10762419011
0.0834973651156781,1577.11528565196
0.0870097417269555,1577.12502109375
0.0907068001388926,1577.13700445186
0.0945999104739058,1577.15143116664
0.0987012494743019,1577.16852087533
0.103023871430007,1577.18852050128
0.107581781274229,1577.21170776817
0.112390010681294,1577.23839518986
0.117464705685574,1577.26893464119
0.12282322822039,1577.30372262247
0.128484268750152,1577.34320631649
0.134467954918442,1577.38789045539
0.140795993430701,1577.43834534122
0.147491823440235,1577.49521610589
0.154580770181153,1577.55923329117
0.162090248095547,1577.63122533059
0.170049971284753,1577.71213297261
0.178492191918232,1577.80302609008
0.187451987765097,1577.90512351292
0.196967582499306,1578.01981629817
0.207080717784148,1578.14869522991
0.217837078168171,1578.29358336302
0.229286846715569,1578.45657553992
0.241485292818126,1578.64008517487
0.254493532055592,1578.8469014443
0.268379461431559,1579.08025946373
0.283218878606173,1579.34392649524
0.299096951053876,1579.64231055771
0.316110103730244,1579.98059852089
0.334368446291253,1580.36493359014
0.353999119378811,1580.80265037649
0.375150933690981,1581.30259279054
0.398000990830035,1581.87555602884
0.400477360981913,1582.01188989535
0.40295373113379,1582.08766421489
0.415335581893176,1582.38727656362
0.418058434728347,1582.49383783557
0.418444786212818,1582.51793451708
0.41883113769729,1582.53053102961
0.419143400107163,1582.53975824174
0.419455662517035,1582.54852087417
0.419495857916347,1582.55070647706
0.419536053315659,1582.55197423804
0.419737030312218,1582.55696639754
0.420741915295013,1582.58177998183
0.42576634020899,1582.70684300394
0.426769032240895,1582.74876737112
0.427771724272801,1582.77915815835
0.428298983630737,1582.79633106239
0.428365160077391,1582.80035221933
0.428388491544274,1582.80148622327
0.428411823011157,1582.80221732593
0.428528480345573,1582.80518428838
0.429111767017652,1582.81994200327
0.432028200378045,1582.89419238938
0.435523980451894,1582.99211526277
0.439033263998976,1583.09479840821
0.442558444432255,1583.19966401557
0.446099545700809,1583.30635399168
0.446706353254112,1583.33713035591
0.446931526090528,1583.34732936507
0.446990366205677,1583.35029626517
0.447049206320825,1583.35225411633
0.447100408152022,1583.35387097656
0.447356417308007,1583.36081801873
0.44863646308793,1583.39547749325
0.452418581484815,1583.50066129563
0.456207365122695,1583.61706090303
0.456599927847919,1583.64391476281
0.456745956988245,1583.65161246775
0.456891986128571,1583.65663842483
0.457006900440409,1583.66045075971
0.457121814752247,1583.66409479616
0.457696386311439,1583.68017925776
0.460569244107397,1583.76070351345
0.46451238636576,1583.8804642604
0.465143310724061,1583.91465988236
0.465774235082363,1583.93694654403
0.466603219320835,1583.96311770605
0.466841242847919,1583.97340195302
0.467079266375004,1583.98147347264
0.467188271742502,1583.98564063701
0.467297277110001,1583.9892638209
0.467389490652611,1583.99234327371
0.467850558365664,1584.00565185709
0.470155896930927,1584.07215149676
0.474267692150859,1584.19775121308
0.474816591906575,1584.23090910018
0.47536549166229,1584.25118923524
0.475846269172356,1584.26774880548
0.476327046682422,1584.28380703055
0.476804524179583,1584.29971863116
0.477282001676744,1584.31562739194
0.477840640964877,1584.33388475586
0.477904525373311,1584.33826853226
0.477968409781745,1584.34071622066
0.478034662635483,1584.34296207028
0.478365926904171,1584.35280156599
0.480022248247611,1584.40192897087
0.484314703544609,1584.53350121317
0.488615193656976,1584.67819629648
0.489098344564516,1584.7126735232
0.489482335793153,1584.72884902034
0.48986632702179,1584.74248100863
0.491786283164976,1584.80141653151
0.496275597584768,1584.94404517194
0.497255470564039,1584.99348552593
0.498235343543311,1585.02999075793
0.499047566052875,1585.05967882566
0.499859788562438,1585.08846353626
0.500687601842435,1585.11764456099
0.500790826248726,1585.12485919108
0.500894050655017,1585.12900835138
0.501410172686472,1585.14530929204
0.503990782843747,1585.22647674585
0.50869037068649,1585.38268808871
0.513401927883546,1585.55131226142
0.518134552589973,1585.72390727736
0.522888309588336,1585.89931133326
0.523653353639866,1585.94829997526
0.524418397691395,1585.97968387939
0.525096773869309,1586.00586418508
0.525334549851204,1586.01716759133
0.525398547843556,1586.02080495232
0.525462545835908,1586.02337235571
0.525517359576233,1586.02549504114
0.525791428277854,1586.03461569601
0.527161771785961,1586.08008664343
0.532335937400099,1586.25445818987
0.537516741879554,1586.44884959392
0.542720693372524,1586.64862826911
0.547947882411602,1586.85177490577
0.549136785548333,1586.92026124505
0.550325688685064,1586.97004497156
0.55147994684672,1587.01613701323
0.551798520347174,1587.03339181021
0.552117093847627,1587.04662702938
0.552255844798178,1587.05319237459
0.55239459574873,1587.05882768843
0.552517772255095,1587.06380457141
0.553133654786922,1587.08546447112
0.556213067446056,1587.19368651926
0.56172227478179,1587.39855116676
0.567245343684073,1587.61939259057
0.572792967860657,1587.84534911749
0.578365263875275,1588.07493236141
0.579347305425261,1588.14211135131
0.580329346975247,1588.18667678171
0.581306160319565,1588.22796029975
0.581402489039888,1588.23718711533
0.581471687271294,1588.24096236484
0.5815408855027,1588.24397653349
0.581612963606814,1588.24698823612
0.581973354127384,1588.26036749004
0.583775306730231,1588.32715393971
0.589651177976514,1588.54961134055
0.595535070800422,1588.79632240593
0.596622148595034,1588.87087310845
0.59689095949788,1588.89121337748
0.597039843483343,1588.89955487975
0.597188727468807,1588.90622181812
0.597326727891217,1588.91225394329
0.598016730003265,1588.93861891693
0.601466740563508,1589.07036411289
0.607678867150252,1589.32125246216
0.613906237644906,1589.5918162056
0.620161231362938,1589.86867243822
0.62644402719502,1590.14999204931
0.627471174180628,1590.22921076253
0.628498321166236,1590.28026583372
0.62959709351689,1590.33024988275
0.629948682408837,1590.35096188752
0.630134634793374,1590.36111989071
0.630320587177911,1590.36980549933
0.630516757903118,1590.37868706012
0.631497611529155,1590.41830383764
0.63640187965934,1590.61661419648
0.643063193476835,1590.90856045194
0.649746025805245,1591.21724840622
0.656458496212559,1591.53230776333
0.663200804821846,1591.85233669876
0.664485224591845,1591.94997654119
0.665769644361843,1592.01664726472
0.666452361792986,1592.05419357334
0.666606309856712,1592.06581099958
0.666760257920437,1592.07380586272
0.666894935724381,1592.08049813725
0.667568324744101,1592.10932434187
0.670935269842699,1592.25322466953
0.6780995359914,1592.5732764526
0.685278080644623,1592.92173609078
0.692488382960532,1593.27876094496
0.699730784802133,1593.64164067446
0.70075363953157,1593.73685013074
0.701776494261008,1593.79470915235
0.702593397377979,1593.83842483786
0.70341030049495,1593.88020533622
0.704146574400982,1593.91823083926
0.704882848307014,1593.95576548246
0.706042574681743,1594.01182947894
0.707202301056472,1594.07056804515
0.708242522727113,1594.1245071631
0.713443631080314,1594.36167202015
0.721181757305426,1594.73951687271
0.728942287236422,1595.14174606598
0.736737293180473,1595.55271746987
0.74456714407318,1595.97031753598
0.752432037056613,1596.39431378864
0.760332143516192,1596.82473584938
0.768267634800423,1597.26165065955
0.776238688302113,1597.70513140738
0.784245484197888,1598.15525305332
0.792288205457483,1598.61209171938
0.800367044422492,1599.07572494477
0.808482196068277,1599.54623141402
0.816633862062035,1600.02369113906
0.82482224708952,1600.50818532131
0.833047563864257,1600.99979660761
0.841310026084702,1601.49860878698
0.84960985830292,1602.00470728076
0.85794729042483,1602.5181789553
0.866322558251669,1603.03911214864
0.874735898682228,1603.56759643884
0.883187561636058,1604.10372327976
0.891677796331012,1604.64758537433
0.900206864757785,1605.19927735084
0.908775030990604,1605.75889529911
0.917382568396376,1606.32653713494
0.926029758992006,1606.90230265189
0.934716886243747,1607.48629314616
0.943444246779528,1608.07861206979
0.952212141893658,1608.67936466855
0.961020880832492,1609.28865815562
0.969870780508951,1609.90660175592
0.978762168551958,1610.53330693563
0.987695376710685,1611.16888707472
0.996670750991809,1611.81345807983
1.00568864018976,1612.46713780883
1.01474940872852,1613.13004682957
1.02307745498798,1613.75273953941
1.023077454988,1613.84012419794
1.02307745498801,1613.85238690764
1.03218147148614,1614.45410805189
1.04128548798426,1615.1436453829
1.05949352098052,1616.46626524066
1.09590958697303,1619.16560494496
1.1544432309458,1623.75904290933
1.21368815151256,1628.89264235105
1.273477559298,1634.3773159292
1.33373707080287,1640.19005972989
1.39442727188577,1646.33302366994
1.45551478104318,1652.81208035601
1.51696788162818,1659.63356300565
1.57875555962677,1666.80374752978
1.64084749008108,1674.32879015028
1.7032136646229,1682.21468814674
1.76582442952301,1690.46728176819
1.82865041190215,1699.09224958427
1.89166234844849,1708.09508879855
1.95483105758651,1717.48110723868
2.01812743416754,1727.25541897145
2.08152239289638,1737.42293277497
2.14498671905599,1747.98832401537
2.20849119034389,1758.95603990947
2.27200651574887,1770.3302839454
2.33550339233198,1782.11501382071
2.39895242219688,1794.31391887803
2.46232422998121,1806.93042576715
2.52558945624445,1819.9676888303
2.58871881611307,1833.42858928896
2.65168315000498,1847.3157352461
2.71445359045086,1861.63148570753
2.7770015439394,1876.37794555448
2.83929880728999,1891.55698347038
2.90131774808693,1907.17027094798
2.96303134728994,1923.21930010666
3.02441341254892,1939.70543987696
3.08543865201531,1956.62997331605
3.14608290763046,1973.99417558525
3.20632321543935,1991.79936495647
3.26613810505938,2010.04701743743
3.32550774727282,2028.73886553452
3.38441415896855,2047.87702133506
3.44284148244322,2067.46413894301
3.50077623105463,2087.50359231588
3.55820759521051,2107.99969392064
3.61512782955251,2128.95797053392
3.67153266576833,2150.38548872053
3.72742191344293,2172.2912892419
3.78280008107674,2194.68689871252
3.8376772938623,2217.58702131325
3.89207049642523,2241.01045197784
3.9460051068543,2264.98131550177
3.99951733014447,2289.53078333766
4.05265761115143,2314.69956757762
4.10549580789058,2340.54162069339
4.13275434331275,2356.19512550873
4.13275434331281,2358.63417379973
4.14601517539318,2365.92906657744
4.15927600747354,2374.09741393672
4.17331177439456,2382.97012567884
4.18683342811542,2391.84152064634
4.20002375944587,2400.70034278305
4.21302215321403,2409.62397865489
4.22597937287843,2418.71758374264
4.23909242117409,2428.12799648221
4.25271696603836,2438.12174008127
4.26791912201853,2449.47146386564
4.27995832012042,2459.25042484928
4.29199751822232,2469.00249816305
4.30278886430962,2478.10597216665
4.31242128594062,2486.46876650274
4.32122559242401,2494.26619213039
4.32938685005204,2501.62902265839
4.33701985777658,2508.63884985578
4.34420284311723,2515.34761203951
4.35099309076594,2521.79013380729
4.35204166689347,2523.71188807847
4.35309024302101,2524.8715784081
4.35434750396557,2526.0708231343
4.35560476491014,2527.27946604935
4.35576554444043,2527.61377429502
4.35592632397072,2527.7995059488
4.35673022162217,2528.47596504487
4.36074970987941,2531.8249809561
4.36661580174979,2537.14422961048
4.37228380374049,2542.67823466002
4.37772449313113,2548.10016310256
4.38294488679369,2553.34992194194
4.38795980056296,2558.41865876374
4.3888336252517,2560.02440064045
4.38970744994044,2561.03221181555
4.39104724074287,2562.32581897624
4.39129105676481,2562.75400933992
4.39137243903249,2562.89636699132
4.39145382130017,2562.98911895596
4.39152659661235,2563.06606599877
4.39189047317327,2563.38360188912
4.39370985597785,2564.95802423091
4.39824184829385,2569.00186640117
4.40266281588313,2573.36029992894
4.40694848841566,2577.63571303778
4.41109777360598,2581.74936212805
4.41511774665574,2585.6838401903
4.41901640170962,2589.43303233517
4.4228013777037,2592.99247137674
4.42351735369124,2594.16006685394
4.42423332967877,2594.90378810594
4.42538965547272,2595.89675866019
4.42562529345745,2596.24649071278
4.42586093144219,2596.48243535644
4.42609789990687,2596.69891307748
4.42728274223031,2597.60506939402
4.43080043057197,2600.27505980081
4.4342400034942,2603.09396230158
4.43760004216197,2605.76958195641
4.44087883368677,2608.24125419566
4.4440789715614,2610.49235013549
4.44720320199921,2612.51469639427
4.45025367632887,2614.30209156069
4.45323179541228,2615.84938642543
4.45613819118146,2617.15266692094
4.45897278304419,2618.20968072657
4.459862856373,2618.61710851078
4.4599739017216,2618.71506322239
4.46008494707019,2618.75826346462
4.46021362141903,2618.79557862697
4.46085699316322,2618.94468479806
4.46353006353409,2619.4527432509
4.46614573604635,2619.83383813241
4.4686888709168,2620.00530706464
4.47115760473391,2619.96094647663
4.47263347024447,2619.82358124237
4.47263347024453,2619.79971415393
4.47276471073807,2619.78092237676
4.47276471073814,2619.7776578721
4.47289595123168,2619.76193482091
4.47302719172523,2619.74353316785
4.47328967271231,2619.707450411
4.47381463468648,2619.62920764177
4.47486455863482,2619.44672477352
4.47696440653149,2618.97657533015
4.47751957239197,2618.75693565357
4.47807473825244,2618.5712900408
4.47895934815334,2618.28435455833
4.47920425326777,2618.16016936696
4.4794491583822,2618.06221483472
4.48067368395435,2617.63478903439
4.48274263383415,2616.76307243071
4.4847647509627,2615.70833043959
4.48672832002876,2614.53345883208
4.48863702814923,2613.260591075
4.49049450384836,2611.90399530258
4.49230424501051,2610.47579287168
4.49406961652291,2608.98694285725
4.49579382606367,2607.44744186103
4.4974799054448,2605.86640416489
4.49913070156573,2604.25212730599
4.50074887616002,2602.61215541592
4.50233691032011,2600.9533410905
4.50389711108183,2599.28190537857
4.5054316220038,2597.60349221193
4.50694243404121,2595.92321870492
4.50843139623417,2594.24572152849
4.50990022616272,2592.57519923398
4.5113505216467,2590.91544904878
4.51278376985555,2589.26990169673
4.51420135687299,2587.64165214893
4.51560457665978,2586.03348720557
4.51699463847944,2584.44791123189
4.5183726745522,2582.88716880875
4.51973974663848,2581.3532656028
4.52109685208674,2579.84798737608
4.52244492935,2578.3729173262
4.52378486326512,2576.92945170915
4.52511748875666,2575.51881512192
4.52644359625056,2574.14207281982
4.52776393442708,2572.80014376679
4.52907921410687,2571.49381167229
4.53039011097035,2570.22373574391
4.53169726889606,2568.99045998494
4.53300130249145,2567.7944221641
4.53430279897949,2566.63596249878
4.53560232066239,2565.515331168
4.53690040711342,2564.43269529335
4.53819757666446,2563.38814581443
4.53949432789988,2562.38170381468
4.54079114159107,2561.41332602301
4.54208848199091,2560.48291023254
4.54338679788882,2559.59030046029
4.5446865239381,2558.73529154547
4.54598808165952,2557.91763354348
4.54729188083096,2557.13703559819
4.54859831950452,2556.39317017977
4.54990778553539,2555.68567631952
4.55122065722996,2555.0141629446
4.55253730393914,2554.37821202065
4.55385808714825,2553.77738126646
4.5551833604667,2553.2112070742
4.55651347028175,2552.6792069849
4.55784875645308,2552.18088194398
4.55918955291643,2551.71571842985
4.56053618793033,2551.28319053939
4.56188898367882,2550.88276207121
4.56324825796796,2550.51388792821
4.56461432404538,2550.17601585685
4.56598749003779,2549.86858813657
4.56736806023667,2549.59104276696
4.56875633459977,2549.34281486818
4.57015260951377,2549.12333778834
4.57155717708411,2548.93204430956
4.57297032595027,2548.76836756513
4.57439234047544,2548.63174203638
4.57582350208624,2548.52160428459
4.57726408741752,2548.43739383827
4.57871437011193,2548.37855377512
4.58017461955591,2548.34453140621
4.58164510049024,2548.33477881722
4.58312607350651,2548.348753334
4.5846177944629,2548.38591795263
4.58612051461965,2548.44574171983
4.58763447916975,2548.52770000458
4.58915992817897,2548.63127479038
4.59069709521737,2548.75595484473
4.59224620739045,2548.90123589315
4.59380748364766,2549.06662062197
4.59538113574001,2549.25161884212
4.59696736625342,2549.45574739201
4.5985663692417,2549.67853022973
4.60017832784148,2549.91949818733
4.601803414398,2550.17818892971
4.60344178927469,2550.45414676808
4.60509359992765,2550.74692245895
4.60675898060749,2551.05607308668
4.60843805002276,2551.38116161522
4.61013091104657,2551.72175669136
4.61183765003631,2552.07743242922
4.61355833512854,2552.44776799764
4.61529301556342,2552.83234735143
4.61704172035824,2553.23075885728
4.61880445799202,2553.64259510071
4.62058121481491,2554.06745246493
4.62237195348695,2554.50493066433
4.62417661443251,2554.95463292019
4.62599511300664,2555.41616532088
4.62782733980752,2555.88913673612
4.62967316135022,2556.37315891583
4.63153241822502,2556.86784604861
4.63340492534465,2557.37281471306
4.6352904734097,2557.88768418734
4.63718882932248,2558.41207657769
4.63909973496358,2558.94561651992
4.64102290932804,2559.48793162933
4.64295805025806,2560.03865297334
4.64490483456251,2560.59741514636
4.64686292178108,2561.16385719857
4.64883195224246,2561.73762224182
4.65081155252758,2562.31835873566
4.65280133530523,2562.90572057517
4.65480090337842,2563.49936807968
4.6568098506534,2564.09896830455
4.65882776397591,2564.70419546422
4.66085422631874,2565.31473171224
4.66288882015345,2565.93026801201
4.66493112580478,2566.55050367398
4.66698072839611,2567.17514797059
4.66903721616273,2567.80391973447
4.67110018440804,2568.43654816415
4.67316923636109,2569.07277295857
4.67524398418078,2569.71234438352
4.67732405047556,2570.35502345739
4.6794090709662,2571.00058245724
4.68149869369983,2571.64880452845
4.68359258009313,2572.29948365971
4.68569040486104,2572.95242440258
4.68779185888817,2573.60744235849
4.68989664671501,2574.26436330235
4.69200448912252,2574.92302351298
4.69411511965866,2575.58326861481
4.6962282884943,2576.2449542283
4.69834375893405,2576.90794486087
4.70046130855816,2577.57211383312
4.7025807282578,2578.23734277698
4.70470182365882,2578.90352174118
4.70682441216738,2579.57054818269
4.70894832375532,2580.23832684477
4.71107339958234,2580.90676916983
4.71319949253217,2581.57579318635
4.71532646570823,2582.2453229069
4.71745419192811,2582.91528794436
4.71821142004849,2583.20764447248
4.71863561888963,2583.36011537523
4.71891651549142,2583.45568685453
4.71919741209322,2583.54401178192
4.71953458737277,2583.6467293017
4.72122046377055,2584.11953404595
4.72330199692662,2584.7518961852
4.72540131685176,2585.41142516677
4.7275107163305,2586.07786239773
4.72962322082382,2586.74646159528
4.73173761607383,2587.41619900595
4.73385348504219,2588.08678387512
4.73597061802141,2588.75808590606
4.73808885338966,2589.43001257721
4.74020805006868,2590.10248455432
4.74232807798318,2590.77542951099
4.74444881640147,2591.44878066748
4.74657015462102,2592.12247663659
4.74869199016511,2592.79646076149
4.75081422844569,2593.4706808029
4.75293678200717,2594.14508856511
4.755059571072,2594.81963988575
4.75718252266237,2595.49429428434
4.75930556851443,2596.16901423445
4.76142864714053,2596.84376555195
4.76355170085275,2597.51851653146
4.76567467736438,2598.1932382004
4.76779752992066,2598.8679043181
4.76992021465619,2599.54249057
4.77204269240288,2600.21697490382
4.77416492574059,2600.89133669326
4.7762868831766,2601.5655577428
4.77840853318848,2602.23962070801
4.78052984936044,2602.91351027633
4.7826508057891,2603.58721199958
4.78477138145072,2604.26071332166
4.78689155534802,2604.93400232398
4.78901130921122,2605.6070682816
4.79113062647197,2606.27990142163
4.79324949230196,2606.952492875
4.79536789309796,2607.62483450151
4.79748581724591,2608.29691905772
4.79960325323497,2608.9687396713
4.80172019176235,2609.64029034078
4.8038366249264,2610.31156575902
4.80460038621108,2610.60584842865
4.80495725921489,2610.74024648442
4.80520516681764,2610.82480205846
4.8054530744204,2610.90318200077
4.80572810413165,2610.98825550581
4.80710325268791,2611.37720923241
4.80916903785385,2611.99809381392
4.81124744613967,2612.65366452229
4.81333959727533,2613.31794081482
4.81543475849331,2613.98442203835
4.8175314090549,2614.65178883543
4.81962906933537,2615.31970639556
4.82172755014247,2615.98805455407
4.82382672685104,2616.65676167154
4.82592649422569,2617.32576968803
4.82802675635678,2617.99502651532
4.83012742850116,2618.66448542232
4.83222842890775,2619.33410254093
4.83432968634104,2620.00383854792
4.83643113331441,2620.67365688624
4.83853270735508,2621.34352379605
4.84063435347267,2622.01340893053
4.84273602074645,2622.68328439941
4.84483766119538,2623.35312425375
4.84693923193367,2624.02290495968
4.84904069430623,2624.69260515687
4.85114201179905,2625.3622049829
4.85324315318968,2626.03168682007
4.85534408814559,2626.70103410732
4.85744478978018,2627.37023186061
4.85954523359393,2628.03926640351
4.86164539770124,2628.70812535911
4.8637452625147,2629.37679752651
4.86584480989712,2630.04527259523
4.86794402248127,2630.71354088848
4.87004288699362,2631.38159423908
4.87214138851351,2632.04942446482
4.87423951669038,2632.71702489703
4.8763372598916,2633.38438891367
4.87843460917224,2634.05151084671
4.88053155617981,2634.71838549431
4.88262809234127,2635.38500781358
4.8847242115589,2636.05137362495
4.88681990837999,2636.71747917621
4.88891517705239,2637.38332080851
4.89101001272293,2638.04889523962
4.8931044121386,2638.71419978804
4.89519837178914,2639.37923187091
4.89729188841076,2640.04398907245
4.89938495929604,2640.70846923277
4.90147758328115,2641.37267072976
4.90356975748009,2642.03659159192
4.90566148201478,2642.70023070671
4.90775275500556,2643.3635865644
4.90984357637732,2644.02665816012
4.91193394481392,2644.68944425091
4.91402386115151,2645.35194420859
4.91611332469899,2646.01415709315
4.91820233607614,2646.67608232675
4.92029089504708,2647.33771916958
4.92237900238342,2647.99906717256
4.924466659138,2648.66012602914
4.9265538654965,2649.32089523186
4.92864062309002,2649.98137467482
4.93072693267439,2650.64156407828
4.93281279566542,2651.30146334358
4.9348982125932,2651.96107216386
4.93698318493303,2652.6203904861
4.9390677152253,2653.27941860228
4.9411518046912,2653.93815649148
4.94323545329766,2654.59660375324
4.94531866425319,2655.25476085782
4.94740143781278,2655.91262756936
4.94948377657538,2656.57020422744
4.9515656819608,2657.22749092322
4.95364715600125,2657.88448789524
4.95572820026165,2658.54119527705
4.95780881591374,2659.19761308539
4.95988900549309,2659.85374170992
4.96196877046375,2660.50958129335
4.96404811269078,2661.16513206426
4.96612703510422,2661.82039456462
4.96820553872497,2662.4753688464
4.97028362500878,2663.13005502512
4.97236129632904,2663.78445348482
4.97443855516308,2664.43856467595
4.97651540246336,2665.09238863424
4.97859184058562,2665.74592573814
4.98066787137093,2666.39917626846
4.98274349700124,2667.05214059138
4.98340699644227,2667.31198004578
4.98407049588331,2667.52479373356
4.98453054611379,2667.67601527851
4.98499059634428,2667.81995718812
4.98536659076474,2667.93997100635
4.98724656286704,2668.47227517551
4.98927093029342,2669.09703977895
4.99131849806711,2669.74019821223
4.99337262895279,2670.3876895112
4.99542902734028,2671.03650298622
4.99748676279196,2671.68597288807
4.99954554255629,2672.33591121682
5.00160521761497,2672.9862325883
5.00366567569009,2673.63687658308
5.00572681713331,2674.28779101961
5.00778855360716,2674.93892934354
5.00985080290732,2675.59024872746
5.01191348939621,2676.24170984567
5.01397654464495,2676.89327692677
5.01603990792723,2677.54491780681
5.01810352048517,2678.19660224096
5.02016732971612,2678.84830278996
5.02223128941931,2679.49999492863
5.02429535512601,2680.15165568207
5.02635948721055,2680.80326426815
5.02842365043008,2681.4548019931
5.0304878116889,2682.10625155964
5.03255194066297,2682.75759710943
5.03461601129439,2683.40882460516
5.03667999909337,2684.05992108148
5.03874388140196,2684.71087459003
5.04080763868596,2685.36167452248
5.04287125200468,2686.01231091086
5.04493470537799,2686.6627749774
5.04699798399457,2687.31305867513
5.04906107456277,2687.96315470648
5.05112396518253,2688.61305646879
5.05318664455677,2689.26275780759
5.05524910265008,2689.91225315355
5.05731133161317,2690.56153778272
5.05937332327967,2691.21060713249
5.06143507112884,2691.85945725401
5.0634965685325,2692.50808436495
5.065557810084,2693.15648515582
5.06761879118191,2693.80465670126
5.06967950697554,2694.45259614459
5.07173995474947,2695.10030131856
5.07380013047575,2695.74776984879
5.07586003102734,2696.3949996564
5.07791965473166,2697.04198916871
5.07997899924166,2697.68873674338
5.08203806293585,2698.33524098429
5.08409684395737,2698.98150050698
5.08615534132005,2699.62751421497
5.08821355429404,2700.27328115793
5.09027148135733,2700.91880021756
5.09232912308369,2701.56407087332
5.09438647884268,2702.20909237074
5.09644354756176,2702.85386382995
5.09850033110684,2703.49838520139
5.10055682769116,2704.14265553874
5.10261303857604,2704.78667465782
5.10466896459548,2705.43044236673
5.10672460538597,2706.07395815488
5.10877996158064,2706.71722176651
5.1108350333771,2707.36023286957
5.11288982272119,2708.00299162332
5.11494432928893,2708.64549762507
5.11699855416289,2709.28775080672
5.11905249881498,2709.92975125928
5.12110616381557,2710.57149885033
5.12315955071642,2711.21299370196
5.12521265881899,2711.85423534739
5.12726549053657,2712.49522412255
5.12931804742229,2713.13596022724
5.13137032980599,2713.77644350924
5.13342233961853,2714.4166742248
5.13547407744934,2715.05665231086
5.1375255446377,2715.6963778788
5.13957674184964,2716.33585087784
5.14162767133934,2716.97507168328
5.14367833338745,2717.61404017605
5.14572872938544,2718.25275648952
5.14777886040635,2718.89122070204
5.14982872952286,2719.52943344383
5.15187833607435,2720.16739437582
5.1539276821785,2720.80510381676
5.155976768853,2721.44256186119
5.15802559708759,2722.07976857079
5.16007416885425,2722.71672427801
5.16212248575542,2723.35342924673
5.16417054901061,2723.98988362754
5.16621835924756,2724.62608739459
5.16826591734634,2725.26204057251
5.17031322540848,2725.89774353249
5.17236028476453,2726.53319647435
5.17300101763165,2726.77969777181
5.17364175049877,2726.98207776202
5.17410558405919,2727.13110004295
5.17456941761961,2727.27414368045
5.17497014846148,2727.399315668
5.1769738026708,2727.96240605864
5.17896938361533,2728.57616676655
5.18099184334726,2729.20366669421
5.18301875414705,2729.83419408831
5.18504786805916,2730.46580824813
5.18707840677808,2731.09803587382
5.18911012966962,2731.73073209841
5.19114289301238,2732.36382039832
5.19317658165648,2732.99724209826
5.19521109487066,2733.63094621237
5.19724633992071,2734.2648863038
5.19928223315033,2734.89902028993
5.20131869706026,2735.53330949492
5.2033556620012,2736.1677189072
5.20539306364688,2736.80221641265
5.2074308441162,2737.43677293027
5.20946895027615,2738.07136187676
5.2115073327732,2738.70595876088
5.21354594870625,2739.34054181404
5.21558475749698,2739.97509085399
5.21762372323585,2740.60958774809
5.21966281217852,2741.24401572049
5.22170199613206,2741.87836016682
5.22374124569505,2742.51260682592
5.22578053705799,2743.14674341886
5.22781984899634,2743.78075897054
5.22985916056339,2744.41464305469
5.23189845302078,2745.04838621333
5.23393771110295,2745.68198033183
5.23597691953396,2746.31541768944
5.23801606517562,2746.94869142294
5.240055134569,2747.58179487784
5.24209411855678,2748.2147227993
5.24413300689741,2748.84746995789
5.24617179034413,2749.48003155077
5.24821046196683,2750.11240360303
5.25024901431119,2750.74458221265
5.25228744008774,2751.37656364217
5.25432573501781,2752.00834511004
5.25636389354619,2752.63992368303
5.25840191183226,2753.27129696837
5.26043978502057,2753.90246242971
5.26247751126298,2754.53341841642
5.26451508559746,2755.1641625789
5.26655250638013,2755.7946934624
5.26858977105493,2756.42500951461
5.27062687848169,2757.05510961031
5.27266382622408,2757.68499235634
5.27470061276841,2758.31465662194
5.27673723670269,2758.94410136973
5.2787736973908,2759.5733258195
5.28080999383572,2760.20232914927
5.28284612631403,2760.83111091057
5.28488209279529,2761.45967008271
5.28691789381047,2762.088006309
5.28895352897337,2762.71611907538
5.29098899879193,2763.34400811425
5.29302430216014,2763.97167275585
5.29505944024308,2764.59911292648
5.29709441287088,2765.22632826546
5.2991292205317,2765.85331857249
5.30116386313087,2766.48008351557
5.30319834116056,2767.10662291956
5.30523265489042,2767.73293657498
5.3072668053855,2768.35902449627
5.30930079307549,2768.98488655552
5.31133461753643,2769.61052237932
5.31336828064789,2770.23593220823
5.31540178258696,2770.86111588929
5.31743512403554,2771.48607336833
5.31946830629772,2772.11080477892
5.32150132998754,2772.73531009003
5.32353419584173,2773.35958928921
5.32556690437991,2773.98364230989
5.32759945666882,2774.60746923339
5.32963185296312,2775.2310699372
5.33166409415572,2775.85444445405
5.33369618178572,2776.47759301508
5.33572811651703,2777.10051563522
5.33775989875388,2777.72321223507
5.33979153040832,2778.34568314148
5.34182301068326,2778.96792798401
5.34385434222231,2779.58994726074
5.34588552479197,2780.21174077926
5.34791656001945,2780.8333087811
5.34994744828304,2781.45465121537
5.35197819058228,2782.0757681697
5.35400878857349,2782.69665992923
5.35603924155754,2783.31732615533
5.35806955238846,2783.93776741533
5.36009972135093,2784.55798367508
5.36212974943031,2785.17797502474
5.36415963676113,2785.79774133601
5.36618938488659,2786.41728284327
5.36821899431557,2787.03659953914
5.37024846666066,2787.65569169208
5.37227780247822,2788.27455931276
5.37430700207782,2788.89320231544
5.37500186991917,2789.14703494979
5.37549067206656,2789.30571959391
5.37597947421394,2789.45427027651
5.37796657772324,2790.00840415664
5.37994427774213,2790.60658457892
5.38194826345788,2791.21719147975
5.38395668270595,2791.83057115696
5.38596751215739,2792.44503547968
5.38797999746174,2793.06015971147
5.38999389261092,2793.67580578564
5.39200904305005,2794.29189555743
5.39402532260984,2794.90836732676
5.39604261961278,2795.52516688658
5.39806082871825,2796.14224411425
5.40007985850101,2796.75955453983
5.40209962362334,2797.3770572499
5.40412004542457,2797.99471470202
5.40614105261022,2798.61249279306
5.40816258310818,2799.23036128522
5.41018457602272,2799.8482915549
5.41220698012587,2800.46625859737
5.41422974593499,2801.08423900268
5.4162528293752,2801.70221166986
5.41827619095512,2802.3201576019
5.42029979487092,2802.93805958211
5.42232360770701,2803.55590173111
5.42434760065817,2804.17367002337
5.4263717470324,2804.79135161802
5.42839602280882,2805.40893489971
5.43042040592596,2806.02640925418
5.43244487613703,2806.64376497271
5.43446941590823,2807.26099346063
5.43649400888197,2807.87808681321
5.43851864111294,2808.49503808453
5.44054329790209,2809.11184042775
5.44256796850646,2809.72848827297
5.44459264291239,2810.34497655622
5.44661731156527,2810.96130054309
5.44864196532178,2811.57745578217
5.45066659613625,2812.19343827576
5.45269119780691,2812.809244692
5.4547157645654,2813.42487199104
5.45674029057958,2814.04031723751
5.45876477029754,2814.6555776656
5.46078919955904,2815.2706509833
5.4628135746262,2815.88553513363
5.46483789243364,2816.50022832986
5.46686214985082,2817.11472885179
5.46888634386588,2817.72903506825
5.4709104723242,2818.34314563718
5.4729345331654,2818.95705931479
5.47495852501789,2819.57077509296
5.47698244686623,2820.18429211998
5.47900629425203,2820.7976086501
5.4810300702056,2821.41072491267
5.48305377123925,2822.02363959921
5.48507739678176,2822.63635204939
5.48710094653296,2823.24886176923
5.48912442086918,2823.86116848586
5.49114781833664,2824.47327146739
5.49317113886703,2825.08517032423
5.49519438180325,2825.69686455767
5.49721754759541,2826.30835397125
5.49924063589521,2826.91963819514
5.50126364782343,2827.5307172508
5.50328658231183,2828.14159061505
5.50530944031972,2828.75225826547
5.50733222095628,2829.36271973831
5.5093549262977,2829.97297533617
5.51137755543485,2830.58302463899
5.51340010885974,2831.19286753414
5.51542258648699,2831.80250379095
5.51744498999444,2832.41193365021
5.51946731836803,2833.02115667619
5.52148957308343,2833.63017303983
5.52351175447503,2834.23898267185
5.52553386375612,2834.84758571842
5.52755589970162,2835.45598168943
5.52957786467965,2836.06417100414
5.53159975810382,2836.67215338124
5.53362158036429,2837.27992873
5.53564333336503,2837.8874973937
5.53766501616265,2838.49485899187
5.53968663044417,2839.10201378036
5.54170817619821,2839.70896162542
5.54372965587765,2840.31570302027
5.54575106740096,2840.92223729816
5.54777241331954,2841.52856492299
5.54979369348237,2842.13468575092
5.55181490884449,2842.74059987222
5.55383606029481,2843.34630738577
5.55585714714498,2843.95180796508
5.55787817133275,2844.55710194934
5.5598991333985,2845.16218937268
5.5619200348798,2845.76707050619
5.56394087421443,2846.37174480874
5.56596165286804,2846.97621247077
5.56798237290319,2847.5804739244
5.57000303358481,2848.18452887179
5.57202363588718,2848.7883773983
5.57404418068681,2849.39201960516
5.57606466779274,2849.99545530738
5.57808509911852,2850.59868485775
5.58010547517757,2851.20170828961
5.5821257961836,2851.80452552093
5.58414606286411,2852.40713659634
5.58616627585213,2853.00954154917
5.58818643643333,2853.61174058779
5.59020654342694,2854.21373327483
5.59222659848105,2854.81551986627
5.59424660376087,2855.41710083263
5.59626655938772,2856.01847611664
5.59828646458303,2856.61964536183
5.6003063214274,2857.22060895003
5.60232612889775,2857.82136650762
5.60434588957802,2858.42191855047
5.60636560331407,2859.02226495379
5.60838527031711,2859.62240562212
5.61040489179198,2860.22234073084
5.61242446858806,2860.82207038912
5.61444400037277,2861.42159438146
5.61646348857349,2862.02091293072
5.618482934143,2862.62002617961
5.620502336105,2863.21893374429
5.6225216971644,2863.81763617311
5.62454101712916,2864.41613333697
5.62656029568533,2865.0144250015
5.62857953506653,2865.61251160492
5.63059873425991,2866.21039278708
5.63261789641313,2866.8080692178
5.63463701965553,2867.40554033221
5.63665610517356,2868.00280625278
5.63867515509946,2868.59986742938
5.64069416878949,2869.19672360317
5.6427131465412,2869.79337469186
5.6447320895703,2870.38982087832
5.64675099858566,2870.98606223823
5.64876987450672,2871.58209889215
5.6507887169095,2872.1779306063
5.6528075281621,2872.77355785593
5.65482630641975,2873.36898006594
5.6568450539152,2873.96419763932
5.65886377067754,2874.55921049484
5.66088245923398,2875.15401916673
5.66290111645102,2875.74862274338
5.66491974699699,2876.34302224241
5.66693834947665,2876.93721726849
5.66895692378897,2877.53120762138
5.67097547224661,2878.12499376594
5.67299399350602,2878.71857526289
5.67501248994763,2879.31195256985
5.67703096114802,2879.90512549257
5.67904940865599,2880.49809429313
5.68106783093921,2881.09085846168
5.68308623154077,2881.6834187583
5.68510461035065,2882.275775105
5.68712296600363,2882.86792700098
5.68914130102049,2883.45987493526
5.69115961495279,2884.05161871201
5.69317790765399,2884.64315814349
5.69519618141571,2885.23449369129
5.69721443590901,2885.82562518914
5.69923267289199,2886.41655295889
5.70125089141754,2887.0072766556
5.70326909382334,2887.59779673632
5.70528727961913,2888.18811299217
5.70730545033865,2888.77822568116
5.70932360505145,2889.3681344571
5.71134174476602,2889.95783942481
5.71335987065713,2890.54734078097
5.71537798261915,2891.13663839256
5.71739608131045,2891.72573229455
5.7194141681071,2892.3146227299
5.72143224357584,2892.90330974899
5.72345030593941,2893.49179276173
5.72546835908895,2894.08007261151
5.72748640086347,2894.66814869082
5.72950443471406,2895.25602172437
5.73152245898171,2895.8436912254
5.73354047512454,2896.43115740433
5.73555848339782,2897.01842022718
5.7375764840012,2897.60547961981
5.73959447698434,2898.1923354647
5.74161246484444,2898.7789882862
5.74363044781983,2899.36543807924
5.74564842471315,2899.9516844046
5.74766639761192,2900.53772764487
5.7496843664967,2901.12356771298
5.75170233266429,2901.70920481979
5.75372029475204,2902.29463850657
5.75573825591069,2902.8798694343
5.7577562150068,2903.46489725216
5.75977417288843,2904.0497220258
5.76179212985177,2904.6343437194
5.7638100874725,2905.21876262343
5.76582804546785,2905.80297857331
5.76784600440475,2906.38699158083
5.76986396501985,2906.97080172107
5.77188192738097,2907.55440890003
5.77389989275272,2908.13781332084
5.77591786139034,2908.72101495239
5.77793583244235,2909.30401344888
5.77995380982844,2909.88680968474
5.78197179046505,2910.46940282267
5.78398977798434,2911.05179361025
5.78600777154507,2911.63398178599
5.78802577014127,2912.21596694083
5.7900437766407,2912.79774966661
5.79206179102393,2913.37932990191
5.79407981334248,2913.96070753622
5.79609784378086,2914.54188248925
5.79811588465719,2915.12285524265
5.80013393395842,2915.70362520241
5.80215199472694,2916.28419298658
5.80417006531588,2916.86455811182
5.80618814816939,2917.4447210511
5.80820624237359,2918.02468149828
5.81022434933935,2918.60443967461
5.81224246911095,2919.18399549885
5.81426060158859,2919.76334882122
5.81627874896119,2920.34250008268
5.81829691045845,2920.92144901252
5.82031508787052,2921.50019593495
5.82233327986778,2922.07874042182
5.82435148765029,2922.65708262774
5.82636971233295,2923.23522274525
5.82838795376616,2923.81316064113
5.83040621318666,2924.39089651006
5.83242449010487,2924.96843013089
5.83444278554808,2925.54576163509
5.8364610991039,2926.12289081582
5.83847943328039,2926.69981819162
5.84049778741131,2927.27654352942
5.84251616251577,2927.85306695749
5.84453455819539,2928.42938827295
5.84655297705744,2929.00550802024
5.84857141705672,2929.58142561148
5.85058988003186,2930.15714135214
5.85260836565517,2930.73265507687
5.85462687554253,2931.30796707673
5.85664540911859,2931.88307712085
5.85866396698691,2932.45798523121
5.86068255083074,2933.0326917357
5.86270115946785,2933.60719625055
5.86471979428379,2934.18149898526
5.86673845581711,2934.75559999048
5.86875714453499,2935.32949928222
5.87077586124034,2935.90319695993
5.87279460590461,2936.47669291649
5.87481337938385,2937.04998725287
5.87683218216982,2937.6230799971
5.87885101466183,2938.19597114597
5.88086987625488,2938.76866043385
5.8828887685107,2939.34114812873
5.8849076916934,2939.91343421761
5.88692664737526,2940.48551899663
5.88894563415874,2941.05740202668
5.89096465354438,2941.62908354246
5.89298370642711,2942.20056369082
5.89500279231483,2942.77184225195
5.89702191306783,2943.3429195756
5.89904106852735,2943.9137955487
5.9010602581764,2944.48446991936
5.90307948330016,2945.05494288629
5.90509874517732,2945.62521469206
5.90711804218385,2946.1952848365
5.90913737614846,2946.76515363339
5.9111567478039,2947.33482119684
5.91317615645623,2947.90428725384
5.91519560298314,2948.47355189683
5.91721508816808,2949.04261523102
5.91923461239765,2949.61147726094
5.92125417701473,2950.18013822653
5.92327378144879,2950.74859790019
5.92529342685341,2951.31685644998
5.92731311310128,2951.88491375536
5.92933284163125,2952.4527700685
5.93135261178513,2953.02042514148
5.93337242520134,2953.58787926492
5.93539228026093,2954.15513194921
5.93741217906209,2954.72218357887
5.9394321210604,2955.28903394967
5.94145210782089,2955.85568333822
5.94347214038191,2956.42213193446
5.94549221789526,2956.98837943697
5.94751234137709,2957.55442597223
5.94953251072239,2958.12027142327
5.95155272595151,2958.68591568112
5.95357298916641,2959.25135916948
5.95559329913326,2959.81660151337
5.95761365675888,2960.38164280478
5.95963406286635,2960.94648316124
5.96165451758898,2961.51112252682
5.96367502153261,2962.07556094891
5.96569557498825,2962.63979840514
5.9677161793816,2963.20383515535
5.96973683422412,2963.76767099979
5.97175753971333,2964.33130586795
5.97377829838202,2964.89474029684
5.97579910785108,2965.45797363372
5.9778199697065,2966.0210061168
5.97984088497866,2966.5838379318
5.98186185273921,2967.14646876115
5.98388287478808,2967.70889893097
5.98590395051122,2968.27112821805
5.98792508163146,2968.83315693825
5.98994626793402,2969.39498496894
5.99196750985426,2969.95661230912
5.99398880704939,2970.51803877278
5.99601016041485,2971.07926446999
5.99803157133888,2971.6402896651
6.00005303944901,2972.20111419127
6.00207456534055,2972.76173808441
6.00409614840965,2973.3221610971
6.0061177907279,2973.88238363157
6.00813949264301,2974.44240571775
6.01016125425499,2975.00222728593
6.012183074369,2975.56184792956
6.01420495562182,2976.12126817809
6.01622689760993,2976.68048788473
6.01824890082548,2977.23950706222
6.02027096532802,2977.79832563008
6.02229309212997,2978.35694373943
6.02431528145681,2978.91536136557
6.02633753351735,2979.47357846242
6.02835984925309,2980.03159516677
6.03038222854545,2980.58941136615
6.03240467178508,2981.14702705218
6.03442717997856,2981.70444238206
6.03644975310875,2982.26165727141
6.03847239066468,2982.81867148806
6.0404950948297,2983.3754854638
6.04251786421013,2983.93209879549
6.04454070045616,2984.48851176393
6.04656360397096,2985.04472440349
6.04858657510911,2985.60073671206
6.05060961505157,2986.15654889164
6.05263272259998,2986.71216056668
6.05465589872299,2987.26757184966
6.05667914394765,2987.82278279023
6.05870245873584,2988.37779341553
6.06072584373867,2988.93260379798
6.06274929971728,2989.48721404202
6.06477282527548,2990.04162371467
6.06679642258527,2990.59583322495
6.06882009116061,2991.14984239835
6.07084383107249,2991.70365114298
6.07286764498503,2992.25726002415
6.07489153034721,2992.81066836625
6.07691548976204,2993.36387666217
6.07893952420918,2993.91688511264
6.08096363015149,2994.46969276112
6.08298781170966,2995.02230045249
6.08501206800457,2995.57470795802
6.08703639998698,2996.12691540119
6.08906080743933,2996.67892264832
6.09108529066918,2997.23072967208
6.09310985155994,2997.78233684849
6.09513448931366,2998.33374392409
6.09715920436337,2998.88495089132
6.09918399552986,2999.43595736543
6.10120886492707,2999.98676374559
6.10323381268014,3000.5373700118
6.10525884036688,3001.08777646458
6.10728394826283,3001.63798311131
6.10930913428806,3002.18798934554
6.11133440102928,3002.73779566213
6.11335974788196,3003.28740186953
6.11538517558029,3003.83680804234
6.11741068602852,3004.38601457135
6.11943627719302,3004.93502090036
6.12146195030912,3005.48382719334
6.1234877053604,3006.03243337371
6.12551354343318,3006.58083961508
6.1275394644512,3007.12904582707
6.12956546962874,3007.67705221359
6.13159155873122,3008.22485864808
6.13361773210279,3008.77246511562
6.13564399065188,3009.31987175185
6.13767033417978,3009.86707843305
6.1396967621486,3010.41408492701
6.14172327704272,3010.96089173849
6.14374987808532,3011.50749863694
6.14577656443198,3012.05390530467
6.14780333826997,3012.60011216481
6.14983020019447,3013.14611931834
6.15185714950123,3013.69192651447
6.15388418665364,3014.23753375711
6.15591131265507,3014.78294120798
6.15793852822374,3015.32814897347
6.15996583359752,3015.87315703621
6.16199322777536,3016.41796506209
6.16402071145406,3016.96257310533
6.16604828725282,3017.5069817304
6.16807595316432,3018.05119041197
6.17010371146167,3018.59519957338
6.17213156120277,3019.13900893835
6.17415950221079,3019.6826183521
6.17618753516911,3020.22602788332
6.17821566103097,3020.76923768832
6.18024387949189,3021.31224762302
6.18227219118612,3021.85505774517
6.18430059725183,3022.39766825541
6.18632909838951,3022.94007926047
6.18835769399489,3023.48229053824
6.19038638398128,3024.02430196259
6.19241516998726,3024.56611383939
6.19444405131121,3025.10772594258
6.19647302887405,3025.64913839277
6.19850210220386,3026.19035100301
6.20053127279341,3026.73136403772
6.20256053975991,3027.27217722357
6.20458990420626,3027.81279072156
6.20661936745225,3028.35320478691
6.20864892881244,3028.8934191939
6.21067858826616,3029.43343383376
6.21270834632359,3029.9732487388
6.21473820509887,3030.51286434583
6.2167681634221,3031.05228032894
6.21879822120716,3031.59149655449
6.22082838105578,3032.13051356214
6.22285864082337,3032.66933079916
6.22488900156772,3033.2079483895
6.22691946305613,3033.74636620753
6.22895002628257,3034.28458440251
6.2309806920346,3034.82260309943
6.23301146097758,3035.36042239105
6.23504233200013,3035.89804193547
6.23707330669074,3036.43546200594
6.23910438453997,3036.97268242448
6.24113556829333,3037.50970376034
6.24316685454531,3038.04652516092
6.24519824585052,3038.58314708569
6.24722974256607,3039.11956958507
6.24926134393644,3039.65579240119
6.25129305200007,3040.19181592419
6.25332486586839,3040.72763989633
6.25535678555724,3041.26326421814
6.25738881325009,3041.79868932966
6.2594209479121,3042.33391494302
6.26145318884065,3042.86894078264
6.26348553884968,3043.40376742436
6.26551799685559,3043.93839458204
6.26755056375914,3044.4728223679
6.26958324000776,3045.00705082223
6.27161602442511,3045.541079587
6.27364891960206,3046.07490917579
6.27568192350163,3046.608539068
6.27771503817806,3047.14196963246
6.27974826404744,3047.67520092658
6.28178160005076,3048.2082326233
6.28381504841379,3048.74106515069
6.28584860669406,3049.27369788417
6.28788227825579,3049.80613149783
6.28991606161666,3050.33836562159
6.2919499573422,3050.87040028019
6.29398396575755,3051.40223547785
6.29601808771948,3051.93387134453
6.29805232373381,3052.46530793758
6.30008667484054,3052.99654543559
6.30212113999609,3053.52758352869
6.304155720218,3054.05842235604
6.30619041433123,3054.58906157351
6.30822522391936,3055.11950145321
6.31026015006396,3055.64974220428
6.31229519091252,3056.17978332741
6.31433035021436,3056.70962559824
6.31636562453403,3057.2392681921
6.31840101604395,3057.76871147704
6.32043652591193,3058.29795569189
6.32247215376051,3058.82700069378
6.32450790017472,3059.35584653447
6.32654376331103,3059.88449270441
6.32857974650666,3060.4129398788
6.33061584875731,3060.94118780666
6.33265206964967,3061.46923629218
6.3346884106331,3061.99708558911
6.33672487219197,3062.52473576274
6.33876145287173,3063.0521863992
6.34079815493765,3063.57943792631
6.34283497802766,3064.10649022435
6.34487192270179,3064.63334334226
6.34690899017282,3065.15999749978
6.34894617865209,3065.68645221909
6.35098348998775,3066.2127078225
6.35302092407753,3066.738764243
6.35505848206109,3067.26462167234
6.35709616273934,3067.79027977125
6.35913396556371,3068.31573830639
6.36117189285404,3068.84099773481
6.36320994457425,3069.36605801835
6.36524812110664,3069.89091917218
6.36728642195079,3070.41558100756
6.36932484811484,3070.94004367441
6.37136340053555,3071.46430733686
6.37340207999027,3071.98837212228
6.37544088453667,3072.51223751178
6.37747981694581,3073.03590404155
6.3795188750939,3073.5593711883
6.38155805934667,3074.08263891988
6.38359737276899,3074.60570788655
6.38563681387403,3075.12857772647
6.38767638368276,3075.65124857663
6.38971608162573,3076.17372024504
6.39175590860991,3076.69599285777
6.39379586413009,3077.21806623753
6.39583594982991,3077.73994068535
6.39787616395766,3078.26161574688
6.39991650832148,3078.78309173665
6.40195698342918,3079.3043687336
6.40399758904693,3079.82544662058
6.40603832658491,3080.34632564895
6.408079195042,3080.86700553732
6.4101201961044,3081.38748658681
6.41216132904882,3081.90776858621
6.4142025941398,3082.42785150951
6.41624399132437,3082.94773527353
6.41828552145181,3083.46742000155
6.42032718458032,3083.98690565031
6.42236898172122,3084.50619238457
6.42441091222938,3085.02528000026
6.42645297614558,3085.54416842059
6.42849517604804,3086.062858174
6.43053751063211,3086.58134893559
6.43257997862884,3087.09964031166
6.43462258374067,3087.61773306427
6.43666532432133,3088.13562681084
6.43870820047046,3088.65332147252
6.44075121244059,3089.17081703429
6.44279436023177,3089.68811342824
6.44483764732811,3090.20521139375
6.44688107107684,3090.72211031258
6.44892463194538,3091.2388101708
6.45096832989458,3091.75531089195
6.45301216579532,3092.27161260589
6.45505614152743,3092.78771569562
6.45710025612633,3093.30361990509
6.4591445091486,3093.81932504195
6.46118890204114,3094.33483135932
6.46323343471116,3094.85013879286
6.46527810686575,3095.3652472032
6.46732291876638,3095.88015657319
6.46936787235094,3096.39486728568
6.47141296589953,3096.90937891117
6.47345820034664,3097.42369156256
6.47550357733332,3097.93780556542
6.47754909578072,3098.4517206343
6.47959475583084,3098.96543671162
6.48164055866529,3099.47895400118
6.48368650420481,3099.9922724386
6.48573259252669,3100.50539197157
6.48777882498408,3101.01831284386
6.48982520072208,3101.53103481571
6.49187172081281,3102.04355804904
6.49391838375495,3102.5558821482
6.4959651921431,3103.06800761268
6.49801214376854,3103.57993391463
6.50005924021014,3104.09166130743
6.5021064839958,3104.60319033303
6.50415387296316,3105.11452047842
6.50620140781855,3105.62565179682
6.50824908870401,3106.13658426286
6.51029691661938,3106.64731804142
6.512344890939,3107.15785294066
6.51439301220331,3107.66818900507
6.51644127966545,3108.17832600485
6.51848969578457,3108.68826442202
6.5205382606567,3109.19800425936
6.52258697359847,3109.70754529785
6.52463583358386,3110.21688722071
6.52668484337878,3110.72603057211
6.52873400245957,3111.23497521894
6.53078331086316,3111.74372109592
6.53283276966769,3112.25226838245
6.53488237771787,3112.76061676868
6.53693213468615,3113.26876609104
6.53898204403317,3113.77671706531
6.54103210372064,3114.28446922827
6.54308231513121,3114.7920227933
6.54513267795205,3115.29937764709
6.54718319159747,3115.80653358523
6.5492338587893,3116.31349114999
6.55128467664576,3116.82024967196
6.55333564894418,3117.32680989223
6.55538677214528,3117.83317101011
6.55743804921293,3118.3393335695
6.55948947944666,3118.84529739946
6.56154106408577,3119.35106270685
6.56359280296998,3119.85662941364
6.56564469545047,3120.36199730568
6.56769674177971,3120.86716636207
6.56974894301452,3121.37213676198
6.57180129998162,3121.87690864977
6.57385381241155,3122.38148191774
6.57590648063548,3122.88585657228
6.57795930530404,3123.39003270248
6.58001228563263,3123.89401007951
6.58206542248397,3124.39778881998
6.58411871691177,3124.90136911427
6.58617216827299,3125.40475077504
6.58822577631786,3125.90793367087
6.59027954282857,3126.41091813511
6.59233346805804,3126.91370419611
6.59438755065861,3127.4162914936
6.59644179294743,3127.91868046119
6.59849619335682,3128.42087072541
6.60055075308651,3128.92286246635
6.60260547070999,3129.42465532083
6.60466034913969,3129.92624985631
6.60671538556175,3130.42764543153
6.60877058387145,3130.92884281039
6.61082594227544,3131.42984159917
6.61288146162276,3131.9306418971
6.61493714192692,3132.4312436591
6.61699298240289,3132.93164664804
6.61904898468515,3133.43185115414
6.62110514943218,3133.93185729438
6.62316147634988,3134.43166495636
6.62521796516869,3134.93127401331
6.62727461669383,3135.43068457873
6.6293314305684,3135.9298965266
6.63138840796525,3136.42891005297
6.63344554939456,3136.92772523344
6.63550285339771,3137.42634169217
6.63756032290418,3137.92475999644
6.63961795620364,3138.42297975762
6.64167575400702,3138.92100104515
6.64373371670731,3139.41882389781
6.64579184563206,3139.91644856037
6.64785013860344,3140.41387451256
6.64990859816664,3140.9111022223
6.6519672230839,3141.40813139949
6.65402601426981,3141.90496216807
6.65608497165245,3142.40159446837
6.6581440960105,3142.89802841427
6.66020338647173,3143.39426376713
6.66226284453954,3143.89030078678
6.66432246956413,3144.38613929725
6.666382263199,3144.881779597
6.66844222428075,3145.37722139936
6.67050235478746,3145.87246506506
6.67256265317052,3146.36751022765
6.6746231208485,3146.86235711661
6.67668375553585,3147.35700519136
6.67874456101442,3147.85145519094
6.68080553578041,3148.34570679289
6.682866680625,3148.83976009122
6.6849279956738,3149.3336150689
6.68698948235033,3149.82727198657
6.68905113977712,3150.32073061946
6.69111296735928,3150.8139907636
6.69317496568698,3151.30705247951
6.69523713671573,3151.79991615239
6.69729947856267,3152.29258134712
6.69936199326106,3152.78504842272
6.70142467912689,3153.27731698646
6.70348753857423,3153.76938748502
6.70555056957928,3154.26125945881
6.70761377381681,3154.75293318562
6.70967715196893,3155.24440878816
6.71174070262891,3155.73568591554
6.71380442749769,3156.22676486052
6.71586832589934,3156.71764544844
6.71793239911069,3157.20832789379
6.7199966472777,3157.69881219595
6.72206107062993,3158.18909835401
6.72412567029139,3158.67918656352
6.72619044392484,3159.16907627714
6.72825539241613,3159.65876759163
6.73032051836475,3160.1482610352
6.73238581881975,3160.63755595579
6.73445129691591,3161.12665293384
6.73651695306578,3161.61555205916
6.73858278479091,3162.10425274623
6.74064879269275,3162.59275502641
6.74271498054742,3163.0810596787
6.74478134311444,3163.56916557427
6.74684788475482,3164.05707351964
6.74704633271792,3164.13827025569
6.747046332718,3164.14462445983
6.74704633271806,3164.14512171847
6.74911305434387,3163.33104771951
6.75117977596968,3162.45874707334
6.7553132192213,3160.78953546612
6.75947076647993,3159.07261750543
6.76363408268615,3157.37426013983
6.7678047919951,3155.69915840383
6.771983378877,3154.04763094476
6.77617024386136,3152.41967323743
6.78036576431652,3150.81524816972
6.78457032080649,3149.23429962604
6.78878428528098,3147.67675871526
6.79300801569794,3146.14254681224
6.79724187398342,3144.63157044484
6.80148621155272,3143.14372664316
6.80574138098229,3141.67890019809
6.81000772585695,3140.23696750084
6.81428558713976,3138.81779539948
6.81857530421607,3137.42124148129
6.82287720699731,3136.04715709192
6.82719162458579,3134.69538544164
6.83151888348088,3133.36576260337
6.83585931147519,3132.05811702856
6.84021322613631,3130.77227327403
6.8445809459142,3129.50804953469
6.84896279282744,3128.26525731167
6.85335907502357,3127.04370646486
6.85777010321234,3125.84320148132
6.86219618883357,3124.66354218905
6.86663764530839,3123.50452392809
6.87109478137189,3122.36593957859
6.87556790249245,3121.2475796007
6.8800573102951,3120.14923242695
6.88456331170803,3119.07068267745
6.88908621744353,3118.0117118143
6.89362632655325,3116.9721018466
6.89818394245712,3115.95163219941
6.90275937090262,3114.95008029512
6.90735291611028,3113.96722264395
6.91196488123389,3113.00283500098
6.91659557235878,3112.05669179304
6.92124529134148,3111.12856767294
6.92591434497239,3110.21823602683
6.93060303871966,3109.32547027101
6.93531168720049,3108.45004223241
6.94004059110593,3107.59172629786
6.94479006828385,3106.75029434651
6.94956042170566,3105.92552110792
6.95435196784863,3105.11717979758
6.95916501846989,3104.32504504605
6.96399989466174,3103.54889094952
6.96885690616448,3102.78849425126
6.9737363822078,3102.04362997332
6.9786386389347,3101.31407614061
6.98356400531015,3100.59961033941
6.9885128095683,3099.90001160671
6.99348538228512,3099.21506016517
6.99848205132349,3098.54453812287
7.00350315467371,3097.88822792678
7.00854902751411,3097.2459140195
7.01362001904527,3096.61738094671
7.01871647158627,3096.00241586045
7.02383873277755,3095.40080720777
7.02898715607731,3094.8123446997
7.03416209880261,3094.23681960286
7.03936391775964,3093.67402525153
7.04459297667928,3093.12375632709
7.04984965159885,3092.58580839354
7.05513431255784,3092.0599797365
7.0604473370838,3091.54607013184
7.06578910445301,3091.0438813707
7.07116000081361,3090.55321684619
7.0765604275843,3090.07388089474
7.08199077573091,3089.6056810029
7.08745145161996,3089.14842572381
7.09294285509529,3088.70192639867
7.09846541769123,3088.26599429649
7.10401954421099,3087.84044499663
7.10960566626055,3087.42509452404
7.11522421864874,3087.01976101273
7.12087563575141,3086.62426501029
7.12656036553761,3086.23842854766
7.13227886305858,3085.86207558642
7.13803158574131,3085.4950323401
7.14381900716406,3085.13712645992
7.14964159325899,3084.78818843375
7.15549983466157,3084.44804976276
7.16139421408093,3084.11654476546
7.16732523817305,3083.79350890376
7.17329341453848,3083.47877999026
7.17929925790248,3083.17219789384
7.18534329482039,3082.87360430523
7.19142605422606,3082.5828431824
7.19754809142836,3082.29975968474
7.20370995773983,3082.02420153291
7.20991220955043,3081.75601860727
7.21615543449415,3081.49506187522
7.22244020310457,3081.24118532624
7.22876711632678,3080.99424413607
7.23513678660585,3080.75409538754
7.2415498267099,3080.52059848869
7.24800687657568,3080.29361423918
7.25450857358962,3080.07300583034
7.26105558661608,3079.85863775837
7.2676485875274,3079.65037672911
7.27428824373261,3079.44809185644
7.2809761749644,3079.25162816583
7.28771777188597,3079.06073513643
7.29451387632231,3078.8752949092
7.30136539879801,3078.69519527771
7.30827326176953,3078.52032580294
7.31523839950389,3078.35057761994
7.32226179721892,3078.18584253843
7.32934444188285,3078.026014183
7.3364873650328,3077.870987091
7.3436915891924,3077.72065781948
7.3509581893678,3077.57492371431
7.35828825024505,3077.43368374877
7.36568290443924,3077.29683784498
7.37314329877082,3077.16428749326
7.38067060934381,3077.03593549907
7.38826606643731,3076.91168560268
7.39593088014996,3076.79144364523
7.40366633486574,3076.67511613505
7.41147372357816,3076.56261121607
7.41935441791253,3076.45383773996
7.42730978320788,3076.34870641413
7.43534122764499,3076.24712915981
7.44345023374146,3076.14901875526
7.45163827605251,3076.0542898138
7.45990689048293,3075.96285799666
7.46825766360715,3075.87464014533
7.47669222114291,3075.78955442315
7.48521224494696,3075.70752016483
7.49381945607823,3075.62845804573
7.50251564025911,3075.55228987031
7.51130262425389,3075.47893878549
7.52018229381401,3075.40832914294
7.52915656514637,3075.34038671303
7.53822745306924,3075.27503819847
7.54739703672135,3075.21221151169
7.55666743708535,3075.15183593496
7.56604084747281,3075.09384192384
7.57551954866712,3075.03816103386
7.58510589372194,3074.98472603083
7.59480228069742,3074.93347103654
7.60461121456989,3074.88433121263
7.61453529466123,3074.83724284818
7.62457719482792,3074.79214346786
7.63473969085105,3074.74897172086
7.64502563347533,3074.70766749756
7.6554379757643,3074.66817182406
7.66597981749995,3074.63042672177
7.67665435352778,3074.59437541331
7.68746484172799,3074.55996241835
7.69841474628227,3074.52713311994
7.70950761058835,3074.49583416197
7.72074712536729,3074.46601326479
7.73213708662348,3074.43761933379
7.74368150809553,3074.41060220195
7.75538453060941,3074.38491286146
7.7672504656076,3074.36050337702
7.77928379004548,3074.33732690278
7.7914891669324,3074.31533765131
7.80387144747818,3074.29449089844
7.81643572728043,3074.27474290661
7.82918729412973,3074.25605102014
7.84213163387569,3074.23837365638
7.85527453255963,3074.22167017888
7.8686220037279,3074.2059010041
7.88218031263189,3074.19102757554
7.89595608351578,3074.17701226135
7.90995617969707,3074.16381848645
7.92418787022567,3074.15141058663
7.93865868421739,3074.13975394242
7.95337663419093,3074.12881481096
7.96835002496575,3074.11856047755
7.983587613593,3074.10895914681
7.99909864111297,3074.09997993543
8.01489283699749,3074.09159288291
8.03098041769356,3074.08376895858
8.04737215720838,3074.07648003194
8.06407944304111,3074.06969885644
8.0811143667224,3074.06339904632
8.09848959753522,3074.05755512867
8.11621858489544,3074.05214247626
8.13431568915122,3074.04713728188
8.1527959997427,3074.04251661624
8.17167564880662,3074.03825835248
8.19097166002034,3074.03434120607
8.21070232551878,3074.03074466455
8.23088706407249,3074.02744902395
8.25154658425058,3074.02443536417
8.27270307870812,3074.02168552609
8.29438017178662,3074.01918212185
8.31660354248073,3074.01690847144
8.33940038927761,3074.01484866454
8.36280015249811,3074.01298749237
8.38683461333332,3074.01131044822
8.4115378787546,3074.00980373058
8.43694699300984,3074.00845420644
8.46310215815696,3074.00724940548
8.49004702933244,3074.00617750978
8.51782895399891,3074.005227344
8.54649981488707,3074.00438834719
8.57611636427355,3074.00365056648
8.60674071281452,3074.00300464454
8.63844130013245,3074.00244179825
8.67129372800729,3074.00195380481
8.70538145394709,3074.0015329902
8.74079739034647,3074.00117220716
8.77764498085444,3074.00086482295
8.81604016572657,3074.00060470005
8.85611258439939,3074.00038618405
8.89800926098185,3074.00020407859
8.94189682135089,3074.00005363298
8.98796482147613,3073.99993052455
9.03643113154741,3073.99983083771
9.08754652546889,3073.99975104795
9.14160225403407,3073.99968800149
9.19893942889191,3073.99963889581
9.25995941741436,3073.99960126115
9.32514054121167,3073.99957293926
9.39505672494609,3073.99955206394
9.47040580193994,3073.99953703976
9.55204601094576,3073.99952652131
9.64104834504113,3073.99951939171
9.73876887496309,3073.99951474101
9.84696326080233,3073.99951184401
9.96795097787049,3073.99951013843
10,3073.99950980702
