Time_s,Slip_Ratio
0,0
1.43536367514833e-07,-9.56906824024601e-10
8.61218205088999e-07,-5.74137152231008e-09
4.44962739295983e-06,-2.96618768410424e-08
2.2391673332314e-05,-1.49208614375954e-07
0.000112101903029085,-7.44252588752944e-07
0.000289301105011175,-1.89016410156234e-06
0.000419003735896392,-2.68519754836467e-06
0.000548706366781608,-3.42603970413269e-06
0.000663608656266707,-4.02525417526672e-06
0.000771749736667069,-4.53117054846361e-06
0.000875900851850197,-4.95804406415829e-06
0.000977291163627079,-5.31072269841443e-06
0.00107665239713869,-5.59111424570656e-06
0.00117448956387165,-5.79985175283188e-06
0.00127118216764325,-5.93691348998439e-06
0.00136703346549182,-6.00191433028752e-06
0.00146229820013292,-5.99425774991153e-06
0.00155719987941372,-5.91321766792735e-06
0.00165194254020421,-5.75798011409483e-06
0.00174671951124602,-5.52765867088274e-06
0.0018417206214775,-5.22128991465861e-06
0.00193713881695597,-4.83781060481459e-06
0.00203317696804788,-4.37601498157357e-06
0.00213005567071193,-3.83448697734811e-06
0.00222802307359583,-3.21149721224302e-06
0.00232736829120066,-2.50484647879513e-06
0.00242901139702284,-1.70694029340587e-06
0.0025339272894356,-8.07793374096904e-07
0.00264270726339042,2.0067620720785e-07
0.0027562420466587,1.33002931740452e-06
0.00287594668084457,2.59835055031269e-06
0.00300436928850647,4.03825279352326e-06
0.003147273318501,5.72418856619056e-06
0.00332865082281428,7.96830866323153e-06
0.00346523950474322,9.71847256186919e-06
0.00360182818667216,1.15066597413987e-05
0.00372724111036901,1.3172109961092e-05
0.00384649400354771,1.47689530009716e-05
0.00396190525208037,1.63205160667212e-05
0.00407465085666325,1.78372107726775e-05
0.00418546585585617,1.9324977348005e-05
0.00429487506139867,2.07879841487193e-05
0.00440328831343647,2.22297014228943e-05
0.00451104901238816,2.36534349822951e-05
0.00461846905544371,2.5062722903495e-05
0.00472583667734465,2.64614036163016e-05
0.00483342924014806,2.78537752601563e-05
0.00494152595392131,2.92447747012871e-05
0.00505044334888486,3.06404686110244e-05
0.0051605373304421,3.20481415808716e-05
0.00527221384811156,3.34765411203557e-05
0.00538596408809973,3.49364994584535e-05
0.00550240958836587,3.64417853294445e-05
0.0056223799937052,3.80105586619328e-05
0.00574706112799324,3.96680930720046e-05
0.00587831751948899,4.14525750579411e-05
0.00601955135236362,4.34301703589163e-05
0.00617898242497509,4.57510792785447e-05
0.00635677635961221,4.84735974185522e-05
0.00653457029424932,5.1363936600101e-05
0.00668005579169485,5.38719647669966e-05
0.0068142027872895,5.63107134876432e-05
0.00694352768043222,5.87853938740035e-05
0.00707014122632142,6.1332968154567e-05
0.0071951537288286,6.39753741200147e-05
0.00731931781457496,6.67295867999723e-05
0.00744321084518329,6.96103864164114e-05
0.00756731619578616,7.26316157239639e-05
0.00769206950163517,7.58069654236358e-05
0.00781789032460761,7.91506110544676e-05
0.00794520844858921,8.26778663848915e-05
0.00807449058140809,8.64059886003467e-05
0.00820627296047476,9.03553064200719e-05
0.00834120762327167,9.45509561210584e-05
0.00848013660139389,9.90257830380561e-05
0.00862422514607616,0.00010382564695184
0.00877523347328023,0.000109020303325536
0.00893617518982075,0.000114729738697237
0.00911342411697151,0.000121208051022591
0.00932915970283301,0.000129335641316843
0.00950841469663026,0.00013626889679131
0.00968766969042752,0.000143346180131693
0.00984998531411917,0.000149865286228766
0.01,0.000155974431288475
0.0101496464890561,0.000162142126686167
0.0102967267821143,0.000168270645638035
0.010442268419285,0.000174396775322263
0.0105871400723475,0.000180554075614045
0.0107320812169732,0.00018677360075909
0.010877782750259,0.000193087090908137
0.0110249474387917,0.000199529612004415
0.0111743481688856,0.000206142388006032
0.0113269010188724,0.000212976635642377
0.0114837782562687,0.000220099714218475
0.0116466148801224,0.000227606474463893
0.0118179544271519,0.000235643654032045
0.0120024469096752,0.000244474770031368
0.0122115650111106,0.000254732371789036
0.0124404553127408,0.000266296294667086
0.0126693456143711,0.000278249077320775
0.0128570108663431,0.000288363672694041
0.0130310946950509,0.000298015377565194
0.0131996553116302,0.000307618307181415
0.0133654171485444,0.00031731643231404
0.0135299469440217,0.000327197339054675
0.0136944206668464,0.000337331572226626
0.0138598631976839,0.00034778515505274
0.014027280361205,0.000358627154030064
0.0141977694118341,0.000369936935211874
0.0143726529151254,0.000381813978308785
0.0145536952975005,0.000394394670278403
0.0147435404759104,0.000407886931235617
0.0149468235913273,0.000422658452530281
0.015174168053881,0.000439552764881882
0.0154780237882626,0.000462704960316062
0.0156875920965154,0.000479025753596213
0.0158971604047681,0.000495614506627165
0.0160934914277096,0.000511386078992569
0.0162832663126625,0.000526834880364435
0.0164698183519357,0.000542212080322879
0.0166551741560032,0.000557676460831502
0.0168408993054818,0.000573358768065006
0.0170284316846918,0.0005893879635615
0.0172192920308568,0.000605909297208846
0.0174153069404063,0.00062310533246215
0.0176189663693063,0.000641231377274917
0.0178341983125601,0.00066069329590091
0.0180686411053518,0.000682275116913179
0.0183449309416676,0.000708260106934843
0.0185986765534061,0.000732687513386123
0.0188524221651445,0.000757687256424778
0.0190771043104187,0.000780323378730757
0.0192907784062468,0.000802299973321317
0.0194999867573082,0.000824250202545386
0.0197078450314983,0.000846487124680485
0.0199166001679702,0.000869249999816992
0.02,0.000878463839836348
0.0202178486560082,0.000902850530828768
0.0204378106879976,0.000927934496708014
0.020667987057443,0.000954665421414001
0.020914284847877,0.000983795612232623
0.0211908903727848,0.00101713212413601
0.0215007672780662,0.0010552206485354
0.0218106441833477,0.0010940525603377
0.0220651888051703,0.00112648227942123
0.0223019153937038,0.00115705966660864
0.0225326471402213,0.00118724456674939
0.0227616912561305,0.00121758094480043
0.0229919356973698,0.00124845406533474
0.0232260655296746,0.00128024500267772
0.0234671698125564,0.00131341434239564
0.0237195489897877,0.0013486222493093
0.0239906187886836,0.00138701830655657
0.0242982911012068,0.00143136442867178
0.0246337175556839,0.00148068578373281
0.0249691440101611,0.0015310707848977
0.0252461020149529,0.00157350101163416
0.02550733543172,0.00161422104492189
0.0257647789184839,0.001655018211448
0.0260234418473007,0.00169667430140445
0.0262875373076519,0.00173988572963357
0.0265621255170982,0.00178552884167963
0.0268552866245669,0.00183504196861156
0.0271856491725062,0.00189177398892057
0.027546382383475,0.00195480953430611
0.0279071155944438,0.00201893653054652
0.0282049272529019,0.00207267579851996
0.0284846431275796,0.00212379574755311
0.028759604146626,0.00217465414034909
0.029035274815238,0.00222625233682841
0.029316033063489,0.00227943916227519
0.0296068438939649,0.00233522375107148
0.0299150138901982,0.00239513159895612
0.03,0.00241179998005114
0.0304249305490092,0.00249612452215536
0.0308842090257122,0.00258916337338985
0.0312633202439624,0.00266749277306152
0.0315900555258859,0.0027361272644707
0.0319075428272083,0.0028038191711258
0.032228689490664,0.00287328510391047
0.0325631634432595,0.00294667793751013
0.0329265162893428,0.00302758473760937
0.0333693347963993,0.00312778937549009
0.0337274798715686,0.00321007886349014
0.0340856249467379,0.00329345047579325
0.0344160711990533,0.00337131714238707
0.0347370310033609,0.00344780843430149
0.035057327499661,0.00352498847822178
0.0353831406563795,0.00360437502891081
0.0357210266431461,0.00368765386523119
0.0360803969459851,0.00377731346711066
0.0364799066990373,0.00387833245182642
0.0369908748596732,0.00400964646709048
0.0374908487326786,0.00414046474937859
0.037900720192784,0.00424942931611288
0.0383040121875106,0.00435814110994507
0.0387352545497469,0.00447599480612155
0.0392683638285221,0.00462391465478273
0.0396678499631524,0.00473632076936405
0.04,0.00483077192154759
0.0403703367350677,0.00493712576780074
0.0407326390433276,0.00504222778405967
0.0410936977022805,0.00514800641979569
0.0414606504037133,0.00525657950147318
0.0418408061487086,0.00537020737507846
0.0422438904113591,0.00549198362594104
0.0426866180019872,0.00562729496551631
0.043211051959226,0.00578971137493744
0.0437821674526849,0.00596921829111044
0.0443532829461439,0.00615143306216844
0.0449966101375389,0.0063598357154227
0.0454419707837121,0.00650599498089906
0.0458873314298852,0.00665364926608759
0.0463003145971881,0.00679187602483247
0.0467007465416105,0.0069270860125048
0.0470992248888411,0.00706278697948641
0.0475031462120615,0.0072015138157622
0.0479195321570178,0.00734576344434963
0.048356489233207,0.00749850463389841
0.0488245870410078,0.00766369060249731
0.0493379437870402,0.00784670244480806
0.0499092825486056,0.00805264442775755
0.05,0.00808556000486088
0.050453587256972,0.00825100961985707
0.0509887581763391,0.00844804620349777
0.0514845509576985,0.00863229642963106
0.0519443162957604,0.00880458532188823
0.0523857238352507,0.00897125769965054
0.0528203183447743,0.00913654734775204
0.0532559891484404,0.00930342093640683
0.053699332198942,0.00947443603942087
0.0541567006716464,0.00965213139913589
0.0546345190692824,0.00983914723630364
0.0551384659339876,0.0100379036817643
0.0556698659465886,0.0102491492667713
0.0562182877176384,0.0104689097302382
0.0567606269247151,0.0106879247240921
0.0572794264012656,0.0108989514307719
0.0577743751295944,0.0111016110213996
0.0582536379513939,0.0112990515088661
0.0587258182895046,0.011494704352986
0.0591982277778573,0.0116915548485832
0.0596772620548117,0.0118922778918349
0.06,0.0120281358616707
0.060510998926279,0.0122442631852457
0.0610324670833028,0.0124660909597998
0.0615749644936932,0.0126982000463019
0.0621320950112281,0.0129379453049043
0.0626907939729348,0.0131797107721945
0.0632384258495278,0.0134179361171893
0.0637708949748703,0.0136506966934225
0.0642917570146451,0.0138794166021704
0.0648074910585916,0.0141068545692911
0.0653248739709183,0.0143359597635088
0.0658503064355605,0.0145695678129471
0.0663896064287956,0.0148102998306143
0.0669473493449821,0.0150602560922758
0.0675251027536626,0.0153202040340475
0.0681186790491664,0.0155883034534341
0.0687174261344623,0.0158597338284003
0.0693098122022894,0.0161291954521907
0.0698909548659823,0.0163943616101021
0.07,0.0164442026366185
0.0705452256700883,0.016693792621203
0.0711140180050359,0.0169548230668115
0.071689282997353,0.0172194614273523
0.0722788358243148,0.0174912985111833
0.0728896069899573,0.0177735433120406
0.0735256806771254,0.0180681001267582
0.0741843861293402,0.0183737308838924
0.0748534505744761,0.0186846983365936
0.075517273341227,0.0189936642598114
0.0761690387420944,0.0192973517110784
0.0768131934659788,0.0195977404753749
0.0774597893755231,0.0198994470535675
0.0781203775808706,0.020207803606489
0.0788065869891711,0.0205281799301829
0.0795283181900281,0.020865121648002
0.08,0.0210852695931204
0.080777596763497,0.0214480043181928
0.0815531858576305,0.021809440554286
0.0823158470441811,0.0221643667600173
0.0830722822373449,0.0225158003960047
0.0838410124214849,0.0228722265651615
0.0846452297404682,0.0232442106785862
0.0855122947034213,0.0236440896877519
0.0864690751821082,0.0240837216377789
0.0875042919226142,0.0245571925854019
0.0885293810452764,0.0250234697748334
0.0895120944039031,0.0254678060602754
0.09,0.0256873678279733
0.0912007606477991,0.0262245369203311
0.09254719826336,0.0268210394991683
0.0938161983188693,0.0273770122973095
0.0950173369039048,0.0278971683583161
0.0963831027621496,0.0284808310567138
0.0977413780153303,0.029052458320395
0.0989137039242343,0.0295382501044989
0.1,0.0299817334417795
0.101171864340797,0.0304525696000988
0.102535565538345,0.0309900542399141
0.104032426184671,0.0315664183836374
0.105360183788981,0.0320651197489189
0.10672061928616,0.0325632254120749
0.10797047601441,0.0330088487521682
0.109223253170229,0.0334435294604817
0.11,0.0337068265150972
0.111135698109855,0.0340829883460538
0.112250145133712,0.0344416674422271
0.113309016145612,0.0347726121655028
0.114330103738711,0.0350824352682372
0.115329393620919,0.0353765933788257
0.116313107661849,0.0356572394797569
0.117281591494918,0.0359247197671856
0.11823435049817,0.0361791623877654
0.11917294742152,0.036421249948321
0.12,0.0366274112136011
0.120918479105173,0.0368483989498595
0.121830851601988,0.037059516657439
0.122739715012535,0.0372613990331079
0.123647720581132,0.0374546027290855
0.124555074774297,0.0376391044782415
0.125460543172912,0.0378146060241327
0.126363283310206,0.037980933698208
0.127264070849851,0.0381382297266857
0.127429417261449,0.0381660639040967
0.127594763673047,0.0381929833438803
0.127951993715426,0.0382477972999239
0.128312555408862,0.0382989469743044
0.128689870261405,0.038348854837259
0.12908005802317,0.038397744980372
0.129459830581842,0.0384438823583585
0.129840553224243,0.0384897904475075
0.13,0.0385091260333977
0.13039259673815,0.0385573837214852
0.13078368713223,0.0386066312834497
0.131168035093432,0.0386561416572641
0.131557030557102,0.0387069738267814
0.131962049166674,0.0387599259403977
0.132384786957958,0.0388141625568795
0.132793736136368,0.0388645165122561
0.13320231456432,0.0389117485392613
0.133622945374694,0.0389563555011086
0.134052203745702,0.0389971723445695
0.134468142175321,0.0390320900602598
0.134884863816409,0.0390627726138245
0.135315290867584,0.0390905503423596
0.135776625066145,0.0391168623347125
0.1362220604536,0.0391399183557049
0.136664507137943,0.0391614885828866
0.137119869592697,0.0391830649719202
0.137586254758349,0.0392049708914723
0.138037448335513,0.0392260436260825
0.138490753707924,0.0392468027567866
0.138962309577201,0.0392673416164533
0.139450841581481,0.0392866024779791
0.139922986072147,0.0393023634901973
0.14,0.0393046121846396
0.140385069639264,0.0393143261736544
0.140885969949603,0.0393228391100138
0.141381048987401,0.0393264397795517
0.141866812182075,0.0393254279051078
0.142362809100251,0.0393201842789984
0.142890500569197,0.0393106849407942
0.143410570946373,0.0392982503324049
0.143923601730792,0.0392838058085472
0.144452560629003,0.0392672800566517
0.144990165287825,0.0392491246111926
0.145512437230039,0.0392301558646239
0.146042340157364,0.0392092358680355
0.146603299951284,0.0391846344352661
0.147151807928694,0.0391574118462462
0.1476930877318,0.0391268234706917
0.14825083548256,0.0390909477375176
0.148837548629911,0.0390482073570754
0.149409104699726,0.0390017547957835
0.15,0.0389491731935573
0.150633603452794,0.0388883923415384
0.151230422945937,0.038827747959434
0.151828773153795,0.0387642813064997
0.152457032603537,0.0386951852512505
0.153054923983729,0.0386271787776563
0.153653803198485,0.0385566606563676
0.15428179534395,0.0384797016207179
0.154909050207203,0.0383992137045758
0.155527594552392,0.0383158213618642
0.156168743631072,0.0382248447268709
0.156866693970247,0.0381204901918824
0.157553783368987,0.0380126148600067
0.158286095203434,0.0378926265815367
0.158985045187125,0.0377739788934948
0.159670490060121,0.0376542988346994
0.16,0.0375957107224016
0.160662392759275,0.0374759580401763
0.161322510420073,0.0373539492610333
0.161997136112101,0.0372262946531958
0.162716729858603,0.0370864675725721
0.163419375222369,0.036945930120618
0.164138474159259,0.0367977725366701
0.164924777409697,0.0366307406031468
0.165811921101235,0.0364363408431057
0.166717759773921,0.0362320808802332
0.167505473155593,0.0360503848296426
0.168271913641454,0.0358703886826708
0.168993068224743,0.0356983065571646
0.16970753807887,0.0355251995955464
0.17,0.0354535584261086
0.170776740932604,0.0352609650072696
0.171571554562084,0.0350602189372983
0.17237859453757,0.0348524520736477
0.173259720258613,0.0346211452560381
0.174445180230935,0.0343031572801924
0.175421751936666,0.0340361083363398
0.176254418018452,0.0338052830309122
0.177027317169077,0.0335886797021428
0.177786350466756,0.0333738320099995
0.17855462063719,0.0331541888525604
0.179350494682695,0.0329242567107204
0.18,0.032734751308931
0.180903830787429,0.0324682509147181
0.181849482297838,0.0321860768669792
0.182808895276084,0.0318966242599241
0.183718725790753,0.0316195634384696
0.184570268373962,0.0313582988541864
0.185387701279763,0.0311059166207511
0.186194573581255,0.0308553678178913
0.187008992777381,0.0306010610295472
0.187846141965617,0.0303381640608489
0.188718869244887,0.0300624806935646
0.189633895424207,0.0297717248577044
0.19,0.029654932533259
0.190964051098406,0.029346262117714
0.191907316203458,0.0290428969367577
0.192817877366901,0.028749050955106
0.193700337766259,0.0284635413061534
0.194570778939054,0.0281813453300954
0.195446097456102,0.0278970650872607
0.196341706242644,0.027605714742169
0.197270927302318,0.0273029622493483
0.19824173474436,0.0269862418298233
0.199248741540754,0.0266574264864105
0.2,0.0264120683385874
0.201008324367006,0.0260828910543741
0.201996166038039,0.0257607681597744
0.202968838275159,0.0254441308441425
0.203944082594469,0.0251273238603047
0.204942145833368,0.0248038954815394
0.205983607574498,0.024467358411343
0.207086539820586,0.024112167610131
0.208255229459321,0.0237373898534875
0.209461437178318,0.0233526119961514
0.21,0.0231815678812749
0.211213765342167,0.0227979851565802
0.212398733963166,0.0224262546115184
0.213624945532478,0.0220446735842674
0.214820162895968,0.0216759592371898
0.216005759278972,0.0213135667663262
0.217226610269806,0.0209441465836482
0.218505836166529,0.0205614611476583
0.219826160330971,0.020171554877119
0.22,0.0201206201888319
0.220869198345144,0.0198673989436517
0.222140017194037,0.0195016631094634
0.223358801301188,0.019156118840448
0.224576696861548,0.0188161587972402
0.225757951658021,0.0184917489879691
0.226915479254981,0.0181791675702206
0.228063982390055,0.0178744396983313
0.229207961892931,0.0175764817126929
0.23,0.0173735472948388
0.231120671003026,0.0170912376089083
0.232230786097718,0.0168173125161848
0.233327457506898,0.0165524645119238
0.234416224016429,0.0162953540193168
0.235502546227736,0.0160447742444473
0.236589941522246,0.0158000655630562
0.237679366039424,0.01556119614012
0.238769676870487,0.0153285914245127
0.239859001190337,0.0151027927809409
0.24,0.0150740552192884
0.240704994048317,0.0149320696198854
0.241789114686696,0.0147193315693023
0.242871652526667,0.0145138049855054
0.243958368894197,0.0143145647947048
0.245052936325999,0.0141211993664368
0.246156970648885,0.0139337373299152
0.247269798473827,0.0137526147663516
0.248389349719934,0.0135784590031125
0.249513851463248,0.0134117935585716
0.25,0.0133423332593211
0.251147108802961,0.0131847119852435
0.252283978747318,0.0130372972908898
0.253433682477243,0.0128972546763057
0.254601518351047,0.0127644327308593
0.255790835255931,0.0126390554525404
0.257001640357559,0.0125217743991907
0.258231366869584,0.0124134629178829
0.259477702596161,0.0123148910985266
0.26,0.0122769580181769
0.261315934240492,0.0121902791527106
0.262612473143038,0.0121174077933734
0.263950927261338,0.0120553181237143
0.26534315016195,0.0120049759274549
0.26680182884241,0.0119678709811467
0.268334742689957,0.0119461620677598
0.27,0.0119426637922696
0.271532238505436,0.011957908722054
0.273006192422687,0.0119892395161539
0.274448188597156,0.0120356512898849
0.275876737151644,0.012096920210452
0.277301250044446,0.0121730632440598
0.278722205998656,0.0122638553966744
0.28,0.0123580321858033
0.2814146391463,0.0124759830366483
0.282806209824323,0.0126058708552886
0.284192661851642,0.0127487562958626
0.285577282205388,0.012904662499715
0.286962123356056,0.0130735625438092
0.288334418675759,0.0132534766791597
0.289697381846796,0.0134442656930022
0.29,0.0134882348807062
0.291326555338423,0.013687754153256
0.292673382996538,0.0139014040708228
0.294015824926025,0.014125177091849
0.295354587275527,0.0143587876777449
0.296691741805277,0.0146022173995265
0.298029322602835,0.0148554926824804
0.299368853827077,0.0151185852558671
0.3,0.0152457226729466
0.301330760111208,0.0155202409107505
0.30267765777876,0.0158066937885988
0.304028752985708,0.0161023524167317
0.305384505515922,0.0164069996247475
0.30674596370505,0.0167205490171881
0.308114246485128,0.0170429360007473
0.309490296773823,0.0173740571038872
0.31,0.0174983746549909
0.31137364943139,0.0178376505433068
0.312769835450234,0.0181884567786837
0.314175733387968,0.018547288500614
0.315591627052361,0.018913828603703
0.317018351394728,0.0192878840177359
0.318456872420329,0.0196692806348478
0.32,0.020082530214561
0.321448998022959,0.0204738596921889
0.322917878374642,0.020873217505769
0.324393376289426,0.021276478629817
0.325878180039118,0.0216838096447612
0.327373114304819,0.0220948540709007
0.328879206594328,0.0225092905960374
0.33,0.0228175425882403
0.33157114038253,0.0232488828021482
0.333108322520858,0.023669419333316
0.334666593390544,0.0240935571540353
0.336241582685352,0.0245193460556907
0.337836167555155,0.0249467660133122
0.339452751588569,0.0253756032691492
0.34,0.025519626069038
0.341770325509002,0.0259811074244272
0.343439826889784,0.0264094849610974
0.345157890719954,0.0268426063684919
0.346915156630449,0.02727669501155
0.348721755271095,0.0277127118840953
0.35,0.0280144625845442
0.351973208087238,0.0284685232813034
0.35399273771743,0.028917517184717
0.356172264374296,0.0293830164111679
0.358455880326736,0.0298481750095304
0.36,0.0301489395037608
0.362020293527182,0.0305249417698848
0.363981111163522,0.0308701897634304
0.365890002446113,0.0311870174022406
0.367761917797873,0.0314786894117734
0.369607863961852,0.0317474064890854
0.37,0.0318020329457883
0.371814767832188,0.0320434663835995
0.373631615444825,0.0322662123882357
0.37544628212129,0.0324694827965942
0.377264873470635,0.0326537174542463
0.379093920501669,0.0328191800903656
0.38,0.0328937438029607
0.38185357620559,0.0330309495323641
0.383737293980278,0.0331492618977205
0.385618728423958,0.0332461924706426
0.387506403345421,0.033322187788423
0.389402649965888,0.0333772221366367
0.39,0.03339016415681
0.392023107011212,0.0334184850535888
0.393946353887027,0.0334234258482159
0.395896595593456,0.0334068926655787
0.397871458831717,0.0333684407854087
0.4,0.0333030567625015
0.402059082293678,0.0332167549044429
0.403995992318669,0.0331154497170428
0.405849807782444,0.0330007492461336
0.407641732699901,0.0328738843414428
0.409385332786371,0.0327358269501293
0.41,0.0326838112988806
0.411720824676967,0.0325291619635129
0.413382541876953,0.032367556019432
0.415019905747426,0.0321969669881731
0.41663633593057,0.0320179351791081
0.418235123242308,0.0318308964798377
0.419819061530389,0.0316362428413158
0.42,0.0316134332169404
0.420904692348055,0.0314976666928534
0.422487912285141,0.0312883688062251
0.424042646831459,0.0310748825949857
0.425590792314426,0.0308548731514235
0.427133520843144,0.0306286599282419
0.428672393129268,0.0303964748032642
0.43,0.0301912241614418
0.431542067563847,0.0299474266770011
0.433077627264935,0.0296992797221433
0.434614985941572,0.029445861732665
0.436155295031308,0.0291873560985515
0.437699937011391,0.028923895786616
0.439250313833198,0.028655599938814
0.44,0.028524597580926
0.441598522892058,0.0282427678194302
0.443168291222365,0.0279630403789214
0.444750791592289,0.027678483496597
0.446346221467667,0.0273894174306968
0.447956635080192,0.0270958377678207
0.449584232729414,0.0267977228365173
0.45,0.0267213960704473
0.451694797976911,0.0264097559926898
0.453368969837198,0.0261014597692916
0.455072543080575,0.0257877681325278
0.456806929376609,0.0254689127692423
0.458577344331785,0.0251444767072284
0.46,0.0248848816248686
0.461868079126922,0.0245459920944017
0.463777510360886,0.024202492200849
0.465708725932213,0.023858671841268
0.467640044033893,0.0235190743968235
0.469571166364314,0.0231843618992137
0.47,0.0231107523599776
0.471947064556303,0.0227800906982254
0.473885835617367,0.0224570548167111
0.475831866301729,0.0221396196565534
0.477787456018902,0.0218280590327651
0.479755000398336,0.0215226660554814
0.48,0.0214852320550342
0.48122499800832,0.0213001058702485
0.483316277787264,0.0209922135813126
0.48531543675376,0.0207079693197118
0.48733952996807,0.0204307475143758
0.489327055219069,0.0201693621041125
0.49,0.0200833732948198
0.491948816178783,0.0198417397194485
0.493885468235752,0.0196127932773457
0.495812590190346,0.0193963962997703
0.497735611604485,0.0191921525831721
0.499659335642296,0.018999831044898
0.5,0.0189670461926231
0.501703321788518,0.0188089533316622
0.503647372022398,0.0186405611008426
0.505600041678508,0.0184845787049975
0.507571295808289,0.0183407062277627
0.509565862890579,0.018209231410359
0.51,0.0181825111018519
0.51213357149233,0.018061125575863
0.5141967947369,0.0179595431897981
0.516310464560514,0.0178716978719721
0.51847828501387,0.0177987280784092
0.52,0.0177578839959782
0.522286162680814,0.0177126032077953
0.524638284796414,0.017686108716614
0.526925934060865,0.0176797662903318
0.529153028859224,0.0176918226352604
0.53,0.0177010844443031
0.532194643363148,0.0177369393606894
0.534338740648838,0.017788276438177
0.536463174921341,0.0178547425780472
0.538572681951011,0.0179357773005728
0.54,0.0179989215053684
0.542154426943089,0.0181066351366316
0.544235743388257,0.0182244830033722
0.546319408218881,0.0183555903762747
0.548400828667369,0.0184991954220305
0.55,0.0186177948038798
0.552146849234695,0.0187878491111611
0.554224859711955,0.0189637585901051
0.556316356984051,0.0191514548472906
0.558412507612506,0.0193496742036961
0.56,0.0195061385178884
0.562190204177106,0.0197304121108456
0.564298078040626,0.0199548148783967
0.566429575976944,0.0201895526561291
0.568571241330854,0.020432594834655
0.57,0.0205983675434264
0.572281069812944,0.0208684171584592
0.574446274320498,0.0211301402259188
0.576647883592604,0.021400807998715
0.578866257733267,0.021677320941974
0.58,0.0218198266721041
0.582436786836741,0.0221281775361287
0.584691887230528,0.0224152352194842
0.587002234873379,0.0227100589075274
0.589340583991351,0.0230082494802766
0.59,0.0230921690023027
0.592627158931042,0.0234251604551216
0.595033485517002,0.0237274244643252
0.597516323000532,0.0240354641669065
0.6,0.0243386558174164
0.602609376129868,0.0246507292999761
0.605301084008695,0.0249645175748512
0.608105168245281,0.0252813463834967
0.61,0.025488989319653
0.612984293403946,0.0258044473927062
0.615914945006359,0.0260993049328722
0.618752602569684,0.0263695795639603
0.62,0.0264833893838859
0.622793290261994,0.0267266552652009
0.625510133000849,0.0269472885966451
0.628206161355031,0.0271500180710073
0.63,0.0272756872281332
0.632704538848557,0.0274508794373215
0.635397435280864,0.0276079135523147
0.638109217682855,0.0277481847211188
0.64,0.0278352560430257
0.642791403606062,0.0279475571719266
0.645620071143737,0.0280415243549579
0.648529744469526,0.0281173580082337
0.65,0.0281476760207918
0.653150250668562,0.028194694137108
0.656047716686507,0.0282165887197075
0.658997798565714,0.0282182467926779
0.66,0.0282141538730615
0.662973111650354,0.0281884053164891
0.665977227284175,0.0281422140915055
0.669014908214806,0.0280756176114629
0.67,0.0280498610068754
0.67275069999966,0.0279675155574764
0.675643238257156,0.0278649648907749
0.678432234024636,0.0277513742330438
0.68,0.0276814848018362
0.682712541212327,0.0275508259958287
0.685358725654265,0.0274121225249588
0.687973780907871,0.0272648916494461
0.69,0.0271443476899136
0.692610238104478,0.0269813648619825
0.695175533607749,0.0268134391833427
0.697737706232413,0.0266387947718586
0.7,0.0264794350030308
0.702586950383764,0.026291970197644
0.705163492510477,0.0261004415496519
0.70775734681607,0.0259035413699155
0.71,0.0257305916066547
0.712669429687222,0.025522176319195
0.715339008362449,0.0253117582267414
0.71805238297309,0.0250966895578027
0.72,0.0249420404946512
0.722679376129214,0.0247295388037064
0.725464619568741,0.0245097130039189
0.728265365134845,0.024290618257884
0.73,0.0241562746047462
0.732737105902628,0.0239469490165196
0.73555068402223,0.0237358488371344
0.738382874346844,0.023528298065809
0.74,0.0234123060238
0.742890172974972,0.0232100626349207
0.745782242778404,0.0230148061348719
0.748709011954122,0.0228251633973804
0.75,0.0227442300567799
0.753235473023843,0.0225491607846435
0.756247293641098,0.0223781030163023
0.759360833343603,0.0222125734156624
0.76,0.0221800670511361
0.763195833281983,0.0220253195242871
0.766495934388313,0.0218795378292522
0.77,0.021740872694438
0.773304699837761,0.0216257326968168
0.776624860090371,0.0215256476928737
0.78,0.0214401388270013
0.783397887929266,0.0213707034613411
0.786866512343135,0.0213170693955734
0.79,0.0212835229143841
0.793528086127076,0.0212624983414576
0.79696331358144,0.02125878246648
0.8,0.0212689532156055
0.803202121732206,0.0212929783757441
0.806352675784375,0.0213295107653411
0.809461276633456,0.0213776118342922
0.81,0.0213871271792546
0.812693616832719,0.0214397609371871
0.815770712980703,0.0215098366968223
0.818816684058554,0.021589087314157
0.82,0.021622394637882
0.823205905639363,0.0217193196655616
0.82623633132015,0.0218193659543872
0.829285493713305,0.0219275922493983
0.83,0.0219539728292414
0.833323696957537,0.0220813701068226
0.836380962585198,0.0222047528918612
0.839481246749372,0.0223351317568834
0.84,0.0223574082857802
0.842593766253138,0.0224705464038955
0.845789591630242,0.0226134402374959
0.848971026509575,0.0227586981880071
0.85,0.0228061765447124
0.853423411746221,0.022965367598955
0.856701861980138,0.0231188406092368
0.86,0.0232733036840282
0.863412482702344,0.02343222777175
0.866901668796745,0.0235927803557771
0.87,0.0237328993637634
0.873673851427368,0.0238951057260371
0.877510965305372,0.0240588775408333
0.88,0.0241615070319459
0.883955972564723,0.0243179786814305
0.887978496703665,0.0244677760546337
0.89,0.0245391990246097
0.894088107233762,0.0246751723214756
0.898018726497466,0.0247945886129939
0.9,0.0248503691341502
0.904062427079027,0.0249551320219624
0.908041312338028,0.0250448384690941
0.91,0.0250842001031021
0.914179268984877,0.0251574349662376
0.918349454732448,0.0252157886100456
0.92,0.0252348105763803
0.92449647230275,0.0252749514361605
0.928571412197437,0.0252967164917141
0.93,0.0253011056913004
0.934475759697472,0.0253041873400888
0.938563719689089,0.0252932414871625
0.94,0.0252863751211582
0.944087906280586,0.0252585452971636
0.948193538274349,0.0252187675938618
0.95,0.0251976951175716
0.953899221572108,0.0251451817026447
0.957967308738576,0.0250807866859852
0.96,0.0250451939167071
0.963805430926093,0.0249729207120868
0.967822071951033,0.0248893618010637
0.97,0.0248412429614053
0.973764127172449,0.0247539461758487
0.977739241895428,0.024656803361922
0.98,0.0245996259413274
0.983759799207202,0.0245019848526858
0.987713594674229,0.0243966001382721
0.99,0.0243347323556792
0.993791160231929,0.0242311952989458
0.99775411195803,0.0241224053046911
1,0.0240608097408492
1.00386354561823,0.0239554634483882
1.00787304195264,0.0238476272048185
1.01,0.023791300282058
1.01399326368648,0.0236876661742436
1.01809467404393,0.0235847113793864
1.02,0.0235382793915346
1.02421532108846,0.0234391166631711
1.02846326089212,0.0233446890823293
1.03,0.0233120077776083
1.03462292835154,0.0232187836619877
1.03908005672049,0.023136584971956
1.04,0.0231206040771147
1.04459971639753,0.0230459510815402
1.04942482097423,0.0229773413197026
1.05,0.0229698413309062
1.05287589512884,0.0229345416621563
1.05852243357657,0.0228760102647759
1.06,0.0228630664556289
1.06562167533612,0.0228228106945998
1.07,0.0228012400412166
1.07551653408444,0.0227859894049059
1.08,0.0227830826132872
1.08520791300981,0.0227899019978657
1.09,0.0228053230832625
1.09493317985083,0.0228297168889219
1.1,0.0228630202630388
1.10481523279141,0.0229016506650854
1.11,0.0229499454119086
1.11480452047066,0.0230000372069554
1.12,0.02305899635109
1.12488291768663,0.0231180150795325
1.13,0.0231826220913762
1.13505214999635,0.0232482024460111
1.14,0.0233132331360859
1.14531592188397,0.0233829939483502
1.15,0.023443577453779
1.15532720263108,0.0235105995295238
1.16,0.0235670649192347
1.1653001430173,0.0236277538790748
1.17,0.0236780281834303
1.17531776462679,0.0237303204350719
1.18,0.0237719114009236
1.18539787781479,0.0238142675629011
1.19,0.0238453854280965
1.19554981552666,0.0238765469561339
1.2,0.0238963901589259
1.2057912597994,0.023915284055391
1.21,0.0239241101653992
1.21579586235663,0.0239296095710014
1.22,0.0239288919708527
1.22560018723003,0.0239220260088675
1.23,0.023912113387429
1.23544608694542,0.0238946776496408
1.24,0.0238760172113197
1.24536715010321,0.0238496734499839
1.25,0.0238235211775892
1.25533171772382,0.0237899857493936
1.26,0.0237580157868436
1.26532507785689,0.0237190809426778
1.27,0.0236831611872612
1.27534187622593,0.0236406388751542
1.28,0.0236026924420515
1.28538358316077,0.0235583279585329
1.29,0.023520241273521
1.29545421892642,0.0234756556759901
1.3,0.0234391805310175
1.30556103040518,0.0233958236882492
1.31,0.0233624960043214
1.31571521511588,0.0233216192792641
1.32,0.0232926884864532
1.32593588544972,0.0232553254473686
1.33,0.0232317074200054
1.33626094874475,0.0231986527266077
1.34,0.0231809159699127
1.34678819462186,0.0231526601780512
1.35,0.0231410860197805
1.35718088251162,0.0231193809974935
1.36,0.0231124206476936
1.36708086280673,0.0230987191111533
1.37,0.0230946001370058
1.37694740917553,0.0230882085881881
1.38,0.0230868467282678
1.38685262925282,0.0230867621518507
1.39,0.0230880053219278
1.39676813545358,0.023093124342813
1.4,0.0230966321429782
1.40670240762946,0.0231057830323395
1.41,0.0231110886130328
1.41665068453829,0.0231230762555813
1.42,0.0231296344328096
1.42661605557875,0.0231432949897578
1.43,0.0231505161352312
1.43659909906846,0.0231647514355091
1.44,0.0231720471966225
1.44660185474683,0.023185856469699
1.45,0.0231926769564432
1.45662539345468,0.0232051748397943
1.46,0.0232110462438077
1.46667064565465,0.0232214754220011
1.47,0.0232260285545874
1.47673775034568,0.0232337662739465
1.48,0.0232367563956347
1.4868261425349,0.0232413185293457
1.49,0.023242633181135
1.49693420151882,0.0232436769559113
1.5,0.0232433316952977
1.50705905242982,0.0232406585627551
1.51,0.0232387806568057
1.51719628166098,0.0232323395869091
1.52,0.0232291412969155
1.52733985732751,0.0232190316156363
1.53,0.0232147761063498
1.53748235342344,0.0232012472994167
1.54,0.0231962120160199
1.54600735718528,0.0231833088641023
1.55,0.0231741006995517
1.55684492205904,0.0231572964490699
1.56,0.0231491752125859
1.56724390425899,0.0231298026921514
1.57,0.0231222135669933
1.57740330467331,0.0231014014793708
1.58,0.0230939964026209
1.58754265094199,0.0230723412889884
1.59,0.0230652756675838
1.59770850152937,0.0230432320136648
1.6,0.0230367439831871
1.60616767835246,0.023019510667218
1.61,0.0230090123643058
1.61718279010999,0.0229898758843437
1.62,0.0229825901159406
1.62622347215574,0.0229669894353785
1.63,0.0229578784567937
1.63746569509579,0.022940716818366
1.64,0.0229351587845779
1.6462697781437,0.0229220105933427
1.65,0.0229146001899033
1.65760212424548,0.0229004538282803
1.66,0.022896256579398
1.66779757659551,0.022883465747802
1.67,0.0228800849096973
1.67769346624095,0.0228690392301735
1.68,0.0228659499650262
1.68769319854781,0.0228563340901936
1.69,0.0228536449001421
1.6976568269251,0.0228452967591004
1.7,0.0228429052163389
1.70764575253215,0.0228355619941891
1.71,0.0228334271946839
1.71763417071809,0.0228268386821759
1.72,0.0228248844633564
1.72763381456735,0.0228187861300116
1.73,0.0228169443894781
1.73763985953204,0.0228110822806866
1.74,0.0228092826451259
1.74765435964382,0.0228034160902932
1.75,0.0228015959461078
1.75767615363824,0.0227955069996253
1.76,0.0227936124424534
1.76770513398314,0.0227871104998705
1.77,0.0227850996539666
1.77774049944616,0.0227780259819045
1.78,0.022775869859571
1.78778143645606,0.0227681002075378
1.79,0.0227657830085755
1.79782690780177,0.0227572290819083
1.8,0.0227547473080154
1.80787574568821,0.0227453569069766
1.81,0.0227427177250386
1.81792668849262,0.0227324736589216
1.82,0.0227296927053639
1.82797841830575,0.0227186105592817
1.83,0.0227157094487134
1.83802965232589,0.0227038342319594
1.84,0.0227008381050082
1.84807918315643,0.0226882399829902
1.85,0.0226851752576203
1.8564927456428,0.0226746366463505
1.86,0.0226688375238172
1.8679557691399,0.0226554416763645
1.87,0.0226519521039109
1.87651059989186,0.0226407298420086
1.88,0.0226346562947671
1.88799528044259,0.0226206208002634
1.89,0.022617081853764
1.89654389343372,0.0226054946122663
1.9,0.0225993609752632
1.90803801565717,0.0225850891917004
1.91,0.0225816093734444
1.91657665324746,0.0225699714145702
1.92,0.0225639353946098
1.92806921377728,0.0225497888778353
1.93,0.0225464243662095
1.93660621084654,0.0225349826315393
1.94,0.0225291499648831
1.94808982628311,0.0225153816577065
1.95,0.0225121603580949
1.95663263267906,0.0225010675828608
1.96,0.0224954913851007
1.96810453259447,0.022482225126575
1.97,0.0224791543401111
1.97665652199657,0.022468465209369
1.98,0.0224631504785475
1.98811820146165,0.0224503896495794
1.99,0.022447460007051
1.99667861273499,0.0224371436575486
2,0.0224320573640322
2.00813474843705,0.0224197110493921
2.01,0.0224169008761118
2.01505283800606,0.0224093202607262
2.02,0.0224019033970465
2.02574066440256,0.0223932094366259
2.03,0.0223866343357581
2.03606614240896,0.0223769959123081
2.04,0.0223705327234167
2.04534466303418,0.0223614352118218
2.05,0.0223531604537085
2.05433698610099,0.0223451012401938
2.05867397220199,0.0223366191438653
2.06,0.0223339222863508
2.06481787179874,0.0223236411538179
2.06951486809803,0.0223127529332777
2.07,0.022311572227896
2.07242565950983,0.0223054979667261
2.0773257244717,0.0222922844998489
2.08,0.0222844802328406
2.08468793339249,0.0222696781634108
2.08933058697247,0.0222534752244886
2.09,0.0222510026897026
2.09334706513766,0.022238101436407
2.09817831653805,0.022217823261776
2.1,0.0222096424875919
2.10478614081799,0.0221866968851303
2.10941958836552,0.0221624039224923
2.11,0.022159212108248
2.11290205817239,0.0221427499752519
2.11823925671816,0.0221102629129523
2.12,0.0220989105924873
2.12497283982116,0.0220651533645503
2.12945877077408,0.0220325533701134
2.13,0.0220284820995076
2.13270614612961,0.0220076831763579
2.13799873977824,0.0219648903747287
2.14,0.0219479858278645
2.14472092263763,0.0219065756442889
2.15,0.0218578032061468
2.15523427851117,0.0218070076463393
2.16,0.021758767966952
2.16475861562145,0.0217088143233087
2.17,0.021651883496852
2.17513003924879,0.0215944137379424
2.18,0.0215384438329317
2.18498480815465,0.0214799096461677
2.19,0.0214199371182496
2.19497180670451,0.0213596044439324
2.2,0.0212978961424413
2.20505047538838,0.0212354087218241
2.21,0.021173862920615
2.21497207649093,0.021111905128418
2.22,0.0210492902954615
2.22503957881319,0.0209867329646218
2.23,0.0209255070329672
2.23500746365756,0.0208641902596852
2.24,0.0208036896881693
2.24522795603263,0.0207411682550696
2.25,0.0206849538706045
2.2549380105559,0.0206277251416298
2.26,0.0205701247002824
2.26506012103716,0.0205136877610102
2.27,0.0204597589765463
2.27531046427229,0.0204031353136234
2.28,0.0203543249182581
2.28493681318967,0.0203041525510751
2.29,0.0202539943501911
2.29532697890155,0.020202656689015
2.3,0.0201588362879056
2.30521589731732,0.0201112507401783
2.31,0.020068797014264
2.31499780782155,0.0200256096141986
2.32,0.0199835257508645
2.32541567448031,0.0199392001792704
2.33,0.0199026388035735
2.3352085068656,0.0198621049160784
2.34,0.0198257013997966
2.34525865559404,0.0197866558158524
2.35,0.0197522047138688
2.35531211821478,0.0197143797630275
2.36,0.0196816131374378
2.36525763143523,0.0196454718436885
2.37,0.0196133578123672
2.3753150271234,0.0195778351704937
2.38,0.0195468700641172
2.38528691696332,0.0195122435012242
2.39,0.0194816121014638
2.39559912149044,0.0194454685261569
2.4,0.019417207778389
2.40516237965025,0.0193841646792804
2.41,0.0193532533907724
2.41532010261057,0.0193192661897307
2.42,0.0192893488200815
2.42566309294666,0.0192530997508626
2.43,0.0192252807099199
2.43513286664898,0.019192253235646
2.44,0.0191608145035725
2.44563724348093,0.0191242533743727
2.45,0.0190958409712568
2.45519406254719,0.0190618558745797
2.46,0.0190302325273774
2.46529510489215,0.0189951746394819
2.47,0.0189638373663981
2.47572135925341,0.0189255106049967
2.48,0.0188967044383392
2.48538905817626,0.018860265850693
2.49,0.0188289693288331
2.495532263415,0.0187913052849316
2.5,0.0187608223445536
2.5054968537026,0.0187232667700916
2.51,0.0186924686179379
2.51522503067101,0.0186566982507943
2.52,0.0186239874878762
2.52565059435074,0.0185852838340458
2.53,0.0185555196436921
2.5354960240675,0.0185179660551364
2.54,0.0184872550057481
2.54547188601751,0.0184500464103136
2.55,0.0184193602447895
2.55557690272014,0.0183817212966756
2.56,0.018352005750301
2.56548651568429,0.0183153316054778
2.57,0.0182853286268397
2.57555659594765,0.0182486140864547
2.58,0.018219440420647
2.58552538255204,0.0181834044470476
2.59,0.018154436556542
2.59594340806092,0.0181162988858228
2.6,0.0180905035896083
2.60536974065769,0.0180566525921077
2.61,0.0180277294552693
2.61555831583038,0.0179933335179728
2.62,0.0179660996043619
2.62561541921436,0.0179319816989035
2.63,0.0179055867752783
2.63589713872535,0.017870440833267
2.64,0.0178462280306343
2.64543259848913,0.01781445397367
2.65,0.0177879751261609
2.65555879831935,0.0177560203707513
2.66,0.0177307029237423
2.66606742602005,0.017696427606397
2.67,0.0176743968134937
2.6753627562791,0.0176445635996947
2.68,0.0176189391793304
2.68563509381658,0.0175879923745358
2.69,0.0175641598837346
2.69603852281552,0.0175313899195667
2.7,0.0175100075908606
2.70539117650255,0.0174810309745894
2.71,0.0174563616830111
2.71598703103458,0.0174244617897624
2.72,0.0174031670894028
2.72546510907828,0.0173742555845113
2.73,0.0173503323395285
2.73589775961267,0.0173193183794636
2.74,0.0172978207261902
2.74595118801885,0.0172667480239585
2.75,0.0172456756540366
2.75540062011195,0.0172176333288048
2.76,0.017193806374808
2.76609492487751,0.0171623225602665
2.77,0.0171422117424193
2.77581193162756,0.0171123752346588
2.78,0.0170909480743969
2.78584262218365,0.0170611683208997
2.79,0.0170400653740891
2.79594092609591,0.0170100461923293
2.8,0.0169896333195204
2.80584203403605,0.0169603989009884
2.81,0.0169396882022439
2.81552648157603,0.0169122629705337
2.82,0.01689013895729
2.82600397191093,0.0168605557831961
2.83,0.0168409385813921
2.8359128825736,0.0168120166086068
2.84,0.0167920963564459
2.84583901711852,0.0167637399354566
2.85,0.0167436080948934
2.85597505171579,0.016714812598478
2.86,0.0166954905994568
2.86586907831631,0.0166674256998699
2.87,0.0166477508032255
2.87593604041328,0.0166195934095971
2.88,0.0166003939346164
2.88590744255747,0.0165725977245998
2.89,0.0165534179528165
2.89592038356989,0.0165257823027581
2.9,0.0165068131762224
2.90592100178062,0.0164793872723826
2.91,0.0164605633893772
2.91592088322952,0.016433339913699
2.92,0.0164146624756237
2.92641747028216,0.0163854387284088
2.93,0.0163692161883742
2.9357219435501,0.016343438586677
2.94,0.0163242671647368
2.9459185136668,0.0162978844862789
2.95,0.0162797833010205
2.95600963230616,0.0162532611357769
2.96,0.0162357287389579
2.96587199106007,0.0162100314828923
2.97,0.0161920320647932
2.97597911895562,0.0161660485076579
2.98,0.0161486363360117
2.9864093106977,0.0161210049964329
2.99,0.0161055935876513
2.99575964290944,0.016080966348485
3,0.0160628998735685
3.00592118235712,0.0160377570627125
3.01,0.0160205012247156
3.01524537002892,0.015998402467356
3.02,0.0159784636900311
3.0260856071065,0.0159530591838705
3.03,0.0159367882408905
3.03640565971664,0.0159103038315444
3.04,0.015895523354982
3.04581333980759,0.0158717283919657
3.05,0.0158546634859647
3.05587071346927,0.0158308232919804
3.06,0.0158141203745634
3.06523532676516,0.0157930331808676
3.07,0.0157739274824999
3.07609813247826,0.0157495744489692
3.08,0.0157340484166703
3.08642384083538,0.0157086006212602
3.09,0.0156944956584097
3.0958338248526,0.0156715648377648
3.1,0.0156552336402808
3.10587154683131,0.0156322647335965
3.11,0.0156161491324948
3.11668468605374,0.0155901336342858
3.12,0.015577273136017
3.12616931789352,0.0155534257337666
3.13,0.0155386700342046
3.13585310426151,0.0155161889889602
3.14,0.0155003089901939
3.14649965683382,0.0154755187403465
3.15,0.0154622273013749
3.15630972360165,0.0154383842969963
3.16,0.0154245040245138
3.16578781591667,0.0154028156448279
3.17,0.0153870926738374
3.1752363147115,0.0153676279572401
3.18,0.0153499964202934
3.18628404932619,0.0153268234220785
3.19,0.0153131593871964
3.19636792923198,0.0152898218681722
3.2,0.0152765624711251
3.20645619901678,0.0152530933273113
3.21,0.0152402579882078
3.2157383609886,0.015219526023208
3.22,0.0152041673040229
3.22661420096228,0.0151804081763314
3.23,0.0151682882094983
3.23628138318054,0.0151458831715179
3.24,0.0151326604072862
3.24580451002555,0.0151120628766969
3.25,0.0150972031139711
3.25658192519739,0.0150739502680743
3.26,0.0150619083633576
3.26630183074403,0.0150397735900446
3.27,0.0150268262403814
3.2762773820771,0.015004927860692
3.28,0.0149919839675674
3.28590194147884,0.0149715086323585
3.29,0.0149573189423369
3.29644188245762,0.0149350671701926
3.3,0.0149228095270511
3.30640505474867,0.0149008069342575
3.31,0.0148884843073969
3.31577867818728,0.0148686958377328
3.32,0.0148542501613892
3.32659265338532,0.0148317158830205
3.33,0.0148200861890908
3.33631574612138,0.0147985653705285
3.34,0.0147860340353787
3.346277299833,0.0147647278026083
3.35,0.0147521143383309
3.35591213025735,0.0147320979959115
3.36,0.0147182632540036
3.36644279374926,0.0146964755464623
3.37,0.0146844600929937
3.37641672922874,0.014662818298313
3.38,0.0146507527508471
3.38625126831302,0.014629743440071
3.39,0.0146171642195049
3.39592399802155,0.0145972976550896
3.4,0.0145836314036162
3.40644999550841,0.0145620184066399
3.41,0.0145501346609186
3.41641716123691,0.0145286815334398
3.42,0.014516721399669
3.42625673853628,0.0144958738957662
3.43,0.0144834298216215
3.43646021402344,0.014462013142004
3.44,0.014450304647498
3.44581969429933,0.0144310767608536
3.45,0.0144172761526464
3.45651951274384,0.0143957792431413
3.46,0.0143843204765289
3.46639111707925,0.0143633157960789
3.47,0.0143514766898698
3.47626493015679,0.0143309680399732
3.48,0.0143187716997012
3.48647145436327,0.0142977044770412
3.49,0.0142862549414858
3.49631803194799,0.0142658244374259
3.5,0.0142539531362702
3.5058863773145,0.0142350071937641
3.51,0.0142217836377711
3.51650436472729,0.0142009067399722
3.52,0.0141897058083212
3.52640889852861,0.0141692066061911
3.53,0.0141577403923586
3.53627323408914,0.0141377488259787
3.54,0.0141258984234073
3.5464731532038,0.0141053687698786
3.55,0.0140942139596205
3.55632769991299,0.0140742598270982
3.56,0.0140627162833592
3.56640651666421,0.0140426462297611
3.57,0.0140314191291434
3.5758642645403,0.0140131215238631
3.58,0.0140002264487349
3.58650967005486,0.0139799465791154
3.59,0.013969083516087
3.59642324859087,0.0139491118687486
3.6,0.0139380003952937
3.6062730980273,0.0139185315572274
3.61,0.0139069787133478
3.61648456679054,0.0138869085869539
3.62,0.0138760461778408
3.62633129698586,0.0138565196715692
3.63,0.0138452283677988
3.63641207445272,0.013825540850961
3.64,0.0138145525018113
3.64638373348102,0.0137950560019042
3.65,0.0137840436674576
3.65639040499151,0.0137646441543962
3.66,0.0137537216093617
3.66639656254542,0.0137344311986825
3.67,0.0137236013745097
3.67639261168741,0.0137044568762535
3.68,0.0136936918262235
3.6863979622781,0.0136746681976953
3.69,0.0136639962351189
3.69639734702638,0.0136451080220455
3.7,0.0136344980960994
3.70588021014389,0.0136171955709309
3.71,0.0136050728613695
3.71652104104261,0.0135858803637624
3.72,0.0135756390768039
3.72643888377621,0.0135566771082204
3.73,0.0135461828976734
3.73628273162235,0.0135276555787848
3.74,0.0135166868509052
3.746495514833,0.0134975123947294
3.75,0.0134871639593517
3.75634189272851,0.0134684342685899
3.76,0.0134576305110353
3.76642019977696,0.0134386742919757
3.77,0.01342810911108
3.77639326568853,0.0134092534158603
3.78,0.0133986249111824
3.78639794204982,0.0133797917496628
3.79,0.0133692017431583
3.79640440404591,0.0133504007263438
3.8,0.0133398621945439
3.80639977133749,0.0133211385795841
3.81,0.0133106254825515
3.81640479306319,0.0132919615555643
3.82,0.0132815073269724
3.82640402173686,0.0132629280037537
3.83,0.0132525194876379
3.83640570150238,0.0132340230883421
3.84,0.0132236697111808
3.8464067136106,0.0132052611457388
3.85,0.0131949619291369
3.85640751862077,0.0131766448738069
3.86,0.0131664105141152
3.86563450191734,0.0131504335503078
3.87,0.0131381276292513
3.87662644149933,0.0131195709508585
3.88,0.013110178051952
3.88633068464567,0.0130926514700591
3.89,0.0130825526929005
3.89657403335167,0.0130645665612334
3.9,0.0130552439989004
3.90632047739613,0.0130381287078828
3.91,0.0130282108488385
3.91648172058443,0.0130108148098048
3.92,0.0130014077879165
3.92639603057363,0.0129843615636311
3.93,0.0129747830495367
3.93642443101027,0.012957747265721
3.94,0.0129482829151234
3.94642224338225,0.0129313060755462
3.95,0.0129218566955729
3.95641534985727,0.0129049202317146
3.96,0.0128954571122205
3.96642171968023,0.0128784988173338
3.97,0.0128690429789173
3.9764171918798,0.0128520686254628
3.98,0.0128425796610227
3.98641882152755,0.0128255568967218
3.99,0.0128160534442204
3.99565063391327,0.0128010705816924
4,0.0127895572191538
4.00663488216614,0.0127720262976003
4.01,0.012763147485658
4.01633410874028,0.0127464592818549
4.02,0.012736816180623
4.02658434131444,0.0127195237688415
4.03,0.0127105646207064
4.03632516381573,0.0126939899666755
4.04,0.0126843675049124
4.04648614446406,0.0126673932682074
4.05,0.0126582001008357
4.05640153208768,0.0126414546286398
4.06,0.0126320489603237
4.06564532330734,0.012617324098962
4.07,0.0126059994547544
4.07665677253614,0.0125887432323786
4.08,0.01258009844689
4.08633420228931,0.0125637586549675
4.09,0.0125543253182234
4.09659546788769,0.0125373925109116
4.1,0.0125286681834839
4.10632819247728,0.0125124744700021
4.11,0.0125030884771549
4.11649129726167,0.0124865077242077
4.12,0.0124775486349359
4.1264065825358,0.0124611918856708
4.13,0.012452023439635
4.13564550853461,0.0124376464295601
4.14,0.0124265869911394
4.14666594194446,0.0124097039940793
4.15,0.0124012771409294
4.15633617688097,0.0123852922356162
4.16,0.0123760662346709
4.16660129991769,0.012359471138086
4.17,0.012350937186304
4.17633128356342,0.0123350529682751
4.18,0.0123258616029087
4.18561385036202,0.0123118335613653
4.19,0.0123009106300959
4.19667786254666,0.012284337927733
4.2,0.0122761142586202
4.20634265728705,0.012260448564861
4.21,0.0122514346972473
4.21660985503844,0.0122351769706621
4.22,0.0122268582714785
4.22570069898674,0.0122129154571549
4.23,0.0122024429147814
4.23669229772279,0.0121862080618193
4.24,0.0121782084985719
4.2463331114964,0.0121629312512968
4.25,0.0121541064231467
4.25660836785036,0.0121382329673718
4.26,0.0121300958848124
4.26634367620055,0.0121148854459126
4.27,0.012106127078195
4.27561648659909,0.012092700800101
4.28,0.0120822497824142
4.28669170115966,0.0120663339619343
4.29,0.0120584765688354
4.29634515832339,0.012043423458229
4.3,0.0120347689040808
4.30557281166311,0.0120216121668039
4.31,0.0120111982885223
4.31661039383153,0.011995701945197
4.32,0.0119877744185071
4.32639126627983,0.0119728545150659
4.33,0.0119644433236702
4.33659281071632,0.0119490945551104
4.34,0.0119411730699241
4.34569631065469,0.0119279589045948
4.35,0.0119180032916017
4.35671494032102,0.0119025088395746
4.36,0.0118949397436585
4.36633490563068,0.0118803582310521
4.37,0.0118719357756296
4.37556941901272,0.0118591718938658
4.38,0.011849051306779
4.38663513773566,0.0118339385737145
4.39,0.0118262877284689
4.39638740956202,0.0118117812171485
4.4,0.0118035829244501
4.40660402690118,0.0117885999737651
4.41,0.0117808988019452
4.41569814765444,0.0117679944128779
4.42,0.011758269951277
4.4267200616654,0.0117431002289475
4.43,0.011735699192712
4.43633678525824,0.0117214002671973
4.44,0.0117131389467945
4.44556987302382,0.0117005997594523
4.45,0.0116906489810037
4.45664153942598,0.0116757573946386
4.46,0.0116682326568653
4.46638768605623,0.0116539262821704
4.47,0.0116458440183019
4.47557913485531,0.0116333876617462
4.48,0.0116235431613752
4.48662094739447,0.0116088305828441
4.49,0.0116013296305218
4.49639809633018,0.0115871357519722
4.5,0.0115791548159888
4.50558353896696,0.0115668111691866
4.51,0.0115570743602041
4.51662452344404,0.0115425040639086
4.52,0.0115350966877176
4.52560963471562,0.0115228262693254
4.53,0.0115132631062253
4.53697067465001,0.0114981415545716
4.54,0.0114915864173982
4.54629482889715,0.0114779883159769
4.55,0.0114700027836081
4.55554785526134,0.0114580844614974
4.56,0.0114485549825245
4.56664951925855,0.0114343640562251
4.57,0.0114272242991149
4.57639806434908,0.0114136012439983
4.58,0.0114059413456141
4.58557754690841,0.0113941053961678
4.59,0.0113847432593582
4.59662814243402,0.0113707361591412
4.6,0.0113636213416226
4.60560910970448,0.0113518147507925
4.61,0.0113426020518391
4.61698221412262,0.0113279932309498
4.62,0.0113216867335875
4.62629714612114,0.0113085321107002
4.63,0.0113008032493205
4.63554832600563,0.0112892435904753
4.64,0.0112799882572148
4.64665618134253,0.0112661681319495
4.65,0.0112592330241785
4.65560920442494,0.0112476232827858
4.66,0.0112385605163891
4.66700999384981,0.0112241274211227
4.67,0.0112179835801981
4.67567879040099,0.01120634583443
4.68,0.0111975209339916
4.68701781087826,0.0111832328859628
4.69,0.0111771696673099
4.69628540274014,0.0111643957656149
4.7,0.0111568521596063
4.70554543691912,0.0111456095352963
4.71,0.0111365955511779
4.71668167527256,0.0111230880946408
4.72,0.0111163843524322
4.72561377906297,0.0111050613341257
4.73,0.0110962337946304
4.73702014478732,0.011082129821606
4.74,0.0110761508448203
4.74568146238736,0.0110647739524946
4.75,0.0110561493724666
4.75702187073368,0.0110421585123051
4.76,0.0110362356169006
4.76569431867926,0.0110249382079968
4.77,0.011016422216228
4.7769880926795,0.0110026381836353
4.78,0.0109967099487617
4.78569116874981,0.0109855379328121
4.79,0.0109771073358443
4.79698250343066,0.0109634841806607
4.8,0.0109576098774982
4.80568946211383,0.010946563336838
4.81,0.0109382212424955
4.816986187832,0.0109247375711963
4.82,0.0109189325839522
4.82568965515037,0.0109080006260747
4.83,0.0108997436459049
4.83698908237147,0.0108863868842744
4.84,0.0108806424956398
4.84569021349894,0.0108698097560937
4.85,0.0108616264234453
4.85699065694797,0.0108483778926214
4.86,0.0108426818487231
4.86569072115056,0.0108319295719312
4.87,0.0108238050723198
4.87699178115222,0.0108106413570539
4.88,0.0108049822202916
4.88569119865733,0.0107942905463885
4.89,0.0107862098386259
4.89699276823302,0.0107731073721724
4.9,0.0107674748398223
4.90569167189958,0.0107568253226999
4.91,0.0107487749186158
4.91699366988401,0.0107357130876975
4.92,0.0107300984978516
4.92569213470267,0.0107194759018597
4.93,0.0107114449625218
4.9369945184342,0.0106984077430146
4.94,0.0106928046119846
4.94569257799604,0.010682197842033
4.95,0.0106741787247584
4.95699535534057,0.0106611553122286
4.96,0.0106555595315666
4.96730780020607,0.0106419614320612
4.97,0.0106369624975331
4.97574482088733,0.0106263253586827
4.98,0.0106184707105203
4.98641959336548,0.0106066467123279
4.99,0.0106000652870148
4.99556588580854,0.0105898634431877
5,0.0105817632074816
5.00696072827215,0.0105690792653218
5.01,0.0105635502180101
5.01566057723503,0.0105532741981952
5.02,0.0105454165961121
5.02706843560779,0.0105326387431447
5.03,0.0105273439323995
5.03731232361372,0.0105141619196415
5.04,0.0105093313039531
5.04573516838644,0.0104990583484123
5.05,0.0104914465691536
5.0564220268728,0.0104800129366875
5.06,0.0104736559151496
5.06556504017699,0.0104637957842883
5.07,0.0104559622057947
5.07697106465716,0.0104436733739816
5.08,0.0104383392990435
5.08738665863589,0.0104253578590778
5.09,0.0104207793476788
5.09575006189158,0.0104107392539965
5.1,0.0104033441390435
5.10640577306532,0.0103922216908749
5.11,0.0103859914536865
5.11556087131893,0.0103763749112122
5.12,0.0103687178255507
5.12697105445972,0.0103567080578292
5.13,0.0103514911630148
5.13739296562372,0.0103387734226613
5.14,0.0103342988211796
5.14575009916256,0.0103244555947719
5.15,0.0103171989540514
5.1564071184764,0.0103062710907145
5.16,0.0103001473312107
5.1677694611865,0.0102869338408182
5.17,0.0102831517507277
5.17718529867969,0.0102710104582857
5.18,0.0102662680246253
5.18621242631729,0.010255814652035
5.19,0.0102494493376037
5.19557049859914,0.0102401056010752
5.2,0.0102326899947242
5.20692150501168,0.0102211063801985
5.21,0.0102159514034519
5.21741096065149,0.0102035456114459
5.22,0.0101992175568957
5.22575656431162,0.0101896121973153
5.23,0.0101825426545905
5.23640988979942,0.0101718638309587
5.24,0.0101658804270849
5.24777046612583,0.0101529424180161
5.25,0.0101492373882963
5.2571918377483,0.0101373154959362
5.26,0.0101326688955608
5.26621392572413,0.0101223906205803
5.27,0.0101161293869697
5.27776199430077,0.0101033133363376
5.28,0.0100996269869368
5.287181638201,0.0100878314729587
5.29,0.0100832127085678
5.29622667958213,0.0100730153138309
5.3,0.0100668387693504
5.30774110139981,0.0100541906218403
5.31,0.0100505093330354
5.31719504002405,0.0100388218568805
5.32,0.0100342832562714
5.32716071563924,0.0100227505840556
5.33,0.0100181970278079
5.3363540278713,0.0100080333116665
5.34,0.0100022151478003
5.34746287589685,0.00999034775608224
5.35,0.00998632943540003
5.35579865580905,0.00997718037510629
5.36,0.00997057591697274
5.36645282362305,0.00996045143537905
5.37,0.00995489185007774
5.3777418667858,0.00994278389912335
5.38,0.00993926183851422
5.38722881372411,0.00992802258266202
5.39,0.0099237294338225
5.39714662495893,0.00991270288093978
5.4,0.00990831559380194
5.40636485655379,0.00989854565881857
5.41,0.00989297239443274
5.41746496141765,0.00988155033787336
5.42,0.00987768144365485
5.42579774233601,0.00986885523798563
5.43,0.009862470761289
5.43645642149162,0.00985266118471783
5.44,0.00984727277972174
5.44774177666995,0.00983550037943756
5.45,0.0098320691722212
5.45723506475361,0.00982109095227542
5.46,0.00981690263723274
5.46714787225729,0.00980609912328601
5.47,0.00980179524559794
5.476366637673,0.00979218808225289
5.48,0.00978670217129504
5.48746490483921,0.00977543268512452
5.49,0.00977160922632124
5.49737402777877,0.00976050683514799
5.5,0.00975656131295665
5.50714385539483,0.00974585493064959
5.51,0.00974158269698037
5.51636483008758,0.00973206479831532
5.52,0.00972662709545845
5.52748555186538,0.0097154344388213
5.53,0.00971167918877078
5.53736510131582,0.00970070045716374
5.54,0.00969678143365729
5.5471490801468,0.00968617635012536
5.55,0.00968195564343495
5.55636497053827,0.00967253516571235
5.56,0.00966715327750342
5.56748621902315,0.00965607321906389
5.57,0.00965235670768335
5.57736851043905,0.00964148195222696
5.58,0.0096376062754258
5.58715027099874,0.00962710434932493
5.59,0.00962293348615101
5.59573989809781,0.0096145636369656
5.6,0.00960837426786303
5.60661794505003,0.00959877685117871
5.61,0.00959387572313317
5.6176120511624,0.00958286111152146
5.62,0.00957941293840642
5.62734716643751,0.00956883069994398
5.63,0.00956502019655461
5.6371368279653,0.00955480219363133
5.64,0.00955071888710655
5.6457330411038,0.00954257485235857
5.65,0.00953653630439556
5.65661878218008,0.00952718567058072
5.66,0.00952241113587607
5.66761820146668,0.00951166508081742
5.67,0.00950831074341325
5.67735091428309,0.00949797863299549
5.68,0.00949426282457912
5.68713863885528,0.00948427457956041
5.69,0.00948028332267692
5.69573289281402,0.0094723119592716
5.7,0.00946639544585834
5.70662036593597,0.00945722150828003
5.71,0.00945253539724008
5.71761891224222,0.00944196955343629
5.72,0.00943866910158637
5.72735441289703,0.00942848415784526
5.73,0.00942482383244218
5.73713961767669,0.00941495995304203
5.74,0.00941101611001907
5.74752887298647,0.00940066721689578
5.75,0.009397282140133
5.75726180436208,0.00938737140082963
5.76,0.00938364456652814
5.76631683594928,0.00937505120411967
5.77,0.00937003870584865
5.77757885765176,0.0093597244060269
5.78,0.00935643119621119
5.78734113882163,0.00934645455803037
5.79,0.00934284441200375
5.7971666302161,0.00933312689291667
5.8,0.00932929222204167
5.80751066141396,0.00931915602137221
5.81,0.00931580709051793
5.81727172803302,0.0093060608675207
5.82,0.00930241965120272
5.82577629793781,0.00929474115365277
5.83,0.00928914731854133
5.83665044312418,0.00928035153975718
5.84,0.00927592104545459
5.84760379556807,0.00926586499347332
5.85,0.00926269791504259
5.85737802882142,0.00925295418641812
5.86,0.00924949395697222
5.86715188937541,0.00924006504433109
5.87,0.00923631552451607
5.87752985988576,0.00922642498418205
5.88,0.00922318867543015
5.88727247462872,0.00921368930035998
5.89,0.00921013884354563
5.89738729809749,0.00920056251526871
5.9,0.00919719066590963
5.90735672290714,0.00918774364389142
5.91,0.00918436714889476
5.91578933511144,0.00917700594315497
5.92,0.00917167466964691
5.92664838273326,0.00916326999877862
5.93,0.00915903222245977
5.93761497558525,0.00914940169154542
5.94,0.00914638560925574
5.94738096726864,0.0091370522560796
5.95,0.00913373973663176
5.95715949760633,0.00912468376811347
5.96,0.00912109157618193
5.96753293836216,0.00911157324332785
5.97,0.00910845931611771
5.97727782230538,0.00909928700743813
5.98,0.00909586242832392
5.9873908603775,0.00908658703507921
5.99,0.00908332147193003
5.99736031148425,0.00907413898538352
6,0.00907085718523692
6.00736006044063,0.00906174259168019
6.01,0.00905848680486761
6.01737437765598,0.00904943320640965
6.02,0.00904622469408581
6.02578910430228,0.00903917834642737
6.03,0.00903406978124041
6.03664821899996,0.00902600626447129
6.04,0.00902193458214906
6.04762157712526,0.00901265864369486
6.05,0.00900975961131126
6.05738578277489,0.00900074315099079
6.06,0.0089975456134165
6.06716281597933,0.00898876882259495
6.07,0.0089852869125359
6.07753717612893,0.00897602788806211
6.08,0.00897300038289891
6.08728121179223,0.00896404802103116
6.09,0.00896070556501711
6.09739354112705,0.00895162276558553
6.1,0.00894842426237018
6.10736322798529,0.00893940351826665
6.11,0.00893617949870301
6.11736232084876,0.00892719988209833
6.12,0.00892399163930606
6.12737664347574,0.00891504837785078
6.13,0.00891187881745497
6.13736833410977,0.00890301038140173
6.14,0.00889985552602315
6.14737539123926,0.00889105177016699
6.15,0.00888793255062129
6.1573747630494,0.00887920824453903
6.16,0.00887611693024222
6.16737630747819,0.00886747234720283
6.17,0.00886441204298676
6.17737778239657,0.00885584765457329
6.18,0.0088528179637989
6.18737839954721,0.00884433292731111
6.19,0.00884133182246455
6.19737952167776,0.00883292184337566
6.2,0.00882994827047938
6.20738015810794,0.00882160866250012
6.21,0.00881865996114194
6.21738081999844,0.00881038428800846
6.22,0.00880745803544335
6.22738134815513,0.00879923922703296
6.23,0.00879633259739313
6.2373817540236,0.00878816308625426
6.24,0.00878527315576686
6.2473820930169,0.00877714513163951
6.25,0.00877426902693705
6.25738233766173,0.00876617479483426
6.26,0.00876330968773572
6.26738252463115,0.00875524182418575
6.27,0.00875238507463024
6.27738264644806,0.00874433666174067
6.28,0.00874148582691554
6.28738272073324,0.00873345056880224
6.29,0.00873060347376475
6.29738277094722,0.00872257579390929
6.3,0.00871973056729419
6.30738279075123,0.00871170570664711
6.31,0.00870886076494055
6.31738279673448,0.00870083478809989
6.32,0.00869798886581355
6.3273827962802,0.00868995867151184
6.33,0.00868711080639275
6.33738279494401,0.00867907410369716
6.34,0.00867622362151664
6.34738280791593,0.00866817887185595
6.35,0.00866532537684289
6.35738282929651,0.00865727175240346
6.36,0.00865441507896185
6.36738287031158,0.00864635236685249
6.37,0.0086434925691932
6.3773829302241,0.00863542109891926
6.38,0.00863255840669664
6.38738301014626,0.00862447895807406
6.39,0.00862161374609798
6.39738311315991,0.00861352745596559
6.4,0.00861066021422247
6.4073832384721,0.00860256849148687
6.41,0.00859969978990827
6.41738338616836,0.00859160422982631
6.42,0.00858873469020535
6.42738355171476,0.00858063700112413
6.43,0.00857776726557985
6.43738373598028,0.00856966919263117
6.44,0.0085667999060966
6.44738394158489,0.00855870316787948
6.45,0.00855583495991256
6.45738415772633,0.00854774121141397
6.46,0.00854487466484638
6.46738438278319,0.00853678544539917
6.47,0.0085339210932729
6.47738462250472,0.00852583778622861
6.48,0.00852297611012567
6.48738486152547,0.00851489994302122
6.49,0.00851204134342393
6.49738510566038,0.00850397335053979
6.5,0.00850111816644517
6.50738535633262,0.00849305918724086
6.51,0.00849020769039276
6.5173856058377,0.00848215838001851
6.52,0.008479310766288
6.52738585360959,0.00847127159425542
6.53,0.0084684279946894
6.53738609793451,0.0084604024944616
6.54,0.00845757046960369
6.54592436804674,0.0084511865731259
6.55,0.00844683012060464
6.55765764343602,0.00843872599427299
6.56,0.00843626719202243
6.56739535537647,0.00842856752572224
6.57,0.00842587906849902
6.57767103866896,0.00841803109335645
6.58,0.00841566758317826
6.58725418134245,0.00840835735471056
6.59,0.00840560893310465
6.59750522108219,0.00839814328992853
6.6,0.0083956749627397
6.60736901047311,0.00838841602955534
6.61,0.00838583377497395
6.61740263218759,0.00837858828494508
6.62,0.00837605110132482
6.62740523434852,0.00836882562139434
6.63,0.00836629482499312
6.63738988215405,0.0083590842871795
6.64,0.00835653484149367
6.64739977374091,0.00834929475810193
6.65,0.0083467448857545
6.65739255894158,0.00833947852167338
6.66,0.00833691356192763
6.66592782322145,0.00833109517121099
6.67,0.0083271145370641
6.67766294682155,0.00831966032233887
6.68,0.00831739489340513
6.6873990887748,0.00831024716585704
6.69,0.00830774370875214
6.69767663618312,0.00830038093155377
6.7,0.00829815878354412
6.70725686647259,0.00829123128891522
6.71,0.00828861629387193
6.7175069098982,0.00828146577577707
6.72,0.00827909136840985
6.72737078741435,0.00827206709391996
6.73,0.00826955822276856
6.73740319286618,0.00826247999276954
6.74,0.00825999090244705
6.74740591489869,0.00825287355195153
6.75,0.00825037784649889
6.75593098648101,0.00824468299035957
6.76,0.00824079082212947
6.76766953890819,0.00823348735297579
6.77,0.00823127500234822
6.77740088023725,0.00822427011820381
6.78,0.0082218177366493
6.78768041231678,0.00821459252179877
6.79,0.00821241520259388
6.79725928187804,0.00820560992095612
6.8,0.00820304242982173
6.80750839148744,0.00819600909696031
6.81,0.00819367374066324
6.8173730222859,0.00818675683327388
6.82,0.0081842935578138
6.82592843645058,0.0081787524117157
6.83,0.00817496644451582
6.83769370799124,0.00816785385540458
6.84,0.00816573029171011
6.84740509893897,0.00815893645717508
6.85,0.00815656432714699
6.85769096911211,0.00814955631650404
6.86,0.00814745706130005
6.8672608381527,0.00814086313114884
6.87,0.00813837643104079
6.8775120693906,0.0081315532234885
6.88,0.00812929047318869
6.88737562784473,0.0081225705100815
6.89,0.00812017833626845
6.89592973121866,0.00811478611288786
6.9,0.00811110009305554
6.90769616547867,0.0081041616291263
6.91,0.00810209039325795
6.91740620553424,0.00809544757714688
6.92,0.00809312642715148
6.92769331896556,0.00808625433420226
6.93,0.00808419564408293
6.93726200524298,0.00807771274823091
6.94,0.00807526590294569
6.94751292538333,0.00806854220570181
6.95,0.00806631640047257
6.95594060120883,0.0080610142141708
6.96,0.00805740713410385
6.96764820019641,0.0080506429939682
6.97,0.00804856914106281
6.97741108877893,0.00804204976195533
6.98,0.00803977747875771
6.98767852114886,0.0080330493040207
6.99,0.00803101642436209
6.99726908854591,0.00802464740248774
7,0.00802225113563593
7.00751184598245,0.00801564701576715
7.01,0.00801345839898747
7.01594127744584,0.00800824414450455
7.02,0.00800469591737841
7.02765152279231,0.00799803338496052
7.03,0.0079959931059377
7.03741179458431,0.00798956516887086
7.04,0.00798732395713027
7.04768079543004,0.00798067890564362
7.05,0.00797867216857405
7.05726989194559,0.00797237646986999
7.06,0.0079700132843276
7.06590287232542,0.00796492036998999
7.07,0.00796140336764318
7.07771126075034,0.00795481861070619
7.08,0.00795287031049949
7.08742329990294,0.00794656629125979
7.09,0.00794438275570172
7.09770883169336,0.00793785903740985
7.1,0.00793592040104321
7.10726231953289,0.0079297709370999
7.11,0.00792745385678601
7.11590137760783,0.00792247517225178
7.12,0.00791903450397592
7.12771609075675,0.0079125888786268
7.13,0.00791068617371573
7.13742547623111,0.00790451159152586
7.14,0.00790237398995175
7.14771207314307,0.00789597830528087
7.15,0.00789408521725208
7.15599063876344,0.00788914982572023
7.16,0.00788586731983219
7.16773024344858,0.00787957888096079
7.17,0.00787773972189192
7.17740411330759,0.00787175697813572
7.18,0.00786966412919098
7.18769766500196,0.00786346493135382
7.19,0.00786161013462935
7.19728155822893,0.00785573504781804
7.2,0.00785354061306573
7.20590681386194,0.00784878331238526
7.21,0.00784549908445548
7.21772012477754,0.00783932456851017
7.22,0.00783750303659257
7.22742649857926,0.00783156988850594
7.23,0.00782951290862538
7.23771455076062,0.00782334071937274
7.24,0.00782151247747873
7.24599173476079,0.00781673182436172
7.25,0.00781354697906807
7.25773096305123,0.00780742786172704
7.26,0.00780563499406193
7.26740481701371,0.00779978789426847
7.27,0.00779773873105103
7.27769923432366,0.00779165615938091
7.28,0.00778983954055708
7.28598547103703,0.00778512742139653
7.29,0.00778198115184996
7.29772271280468,0.00777595370562673
7.3,0.00777417963409667
7.30740918389235,0.00776841164418757
7.31,0.00776639474742538
7.31769939392823,0.00776039699432803
7.32,0.00775860556632492
7.32598614525577,0.00775395715783601
7.33,0.00775085354426303
7.33772520340363,0.00774490265384088
7.34,0.00774315291106782
7.3474097719822,0.00773745481608593
7.35,0.00773546198140134
7.35770084431796,0.00772953002882016
7.36,0.00772775873007613
7.36598665882958,0.00772315717129872
7.37,0.00772008378845938
7.37772573357272,0.00771418569747224
7.38,0.00771245096479865
7.38741003079357,0.00770679691357162
7.39,0.00770481854914647
7.39770155830772,0.00769892490959543
7.4,0.00769716473992683
7.4059870769392,0.00769258826559482
7.41,0.00768953053802313
7.41772622815813,0.00768365796723566
7.42,0.00768193036908002
7.42741006997262,0.0076762957602969
7.43,0.0076743233598281
7.43770214866653,0.00766844446756047
7.44,0.00766668861751402
7.44598742747565,0.00766212062125426
7.45,0.00765906802145953
7.45772673573027,0.00765320243887504
7.46,0.00765147695403182
7.46741006320442,0.00764584992261586
7.47,0.00764388580856483
7.47594150166504,0.0076393990344516
7.48,0.00763635238516543
7.48749568886354,0.00763075493908099
7.49,0.00762888975891733
7.49745629454293,0.00762334415845163
7.5,0.00762145343448877
7.50768294357073,0.00761574082602608
7.51,0.00761401890875155
7.51599233599592,0.0076095780924498
7.52,0.00760662046508412
7.52775800002778,0.00760091439515514
7.53,0.00759926683949973
7.53741051366272,0.00759382105506738
7.54,0.00759192124308276
7.54594229418704,0.00758758074124889
7.55,0.00758463452811087
7.55749876467072,0.00757921687575968
7.56,0.00757741370733099
7.56745772379665,0.00757204422144728
7.57,0.00757021924564712
7.57594573394665,0.00756597416036277
7.58,0.0075630998352613
7.58746041388844,0.00755784172092478
7.59,0.00755605680130787
7.59746882127119,0.00755081635345184
7.6,0.00754904618317267
7.60594690647693,0.00754491034882449
7.61,0.00754211152622664
7.61746462676749,0.00753698615624404
7.62,0.00753524952217524
7.62746992060781,0.00753013551743383
7.63,0.00752840207529579
7.63767308900939,0.00752313262234708
7.64,0.00752153190076577
7.64599240500444,0.0075174128530255
7.65,0.00751466241689637
7.6577632119218,0.0075093333027691
7.66,0.00750779395003914
7.667413344544,0.00750267382881077
7.67,0.00750088364143514
7.67594401509161,0.00749677518434855
7.68,0.00749397815862513
7.68750011950445,0.00748880878331387
7.69,0.00748708266376047
7.69745798018393,0.00748191927587337
7.7,0.00748015778303396
7.70594699147246,0.00747604619914043
7.71,0.00747325361011215
7.71746182085516,0.0074681214743245
7.72,0.00746637452582352
7.72746806402442,0.00746122612395452
7.73,0.00745948083158675
7.73594774904337,0.00745539354639672
7.74,0.00745262076204188
7.74746608259423,0.00744752575053999
7.75,0.00744579653510845
7.75746885765055,0.00744069422881571
7.76,0.00743896617280645
7.76594809305299,0.00743491928384332
7.77,0.00743217534860888
7.77746826711764,0.00742713300248514
7.78,0.00742542392152844
7.78746926211728,0.00742037671371365
7.79,0.00741866771003897
7.79594844182998,0.00741466447731524
7.8,0.00741195033198722
7.8074689241765,0.00740696408274704
7.81,0.00740528003164267
7.8159327641677,0.00740135577688911
7.82,0.00739868805716989
7.82833990642371,0.00739326354050962
7.83,0.00739218787365114
7.83752488908251,0.0073873212977959
7.84,0.00738572627850716
7.84593902211258,0.00738192152348167
7.85,0.00737933897761678
7.85746935730003,0.00737461369862604
7.86,0.00737301500256105
7.8674745149424,0.00736829132640015
7.87,0.00736669690264706
7.87594983477016,0.00736295383132235
7.88,0.00736041699383825
7.8874557316491,0.00735575549812435
7.89,0.00735416241040777
7.8974755722043,0.00734946674242581
7.9,0.00734787834209466
7.90595033784685,0.00734413930290751
7.91,0.00734159945640056
7.91746934004576,0.00733691117728933
7.92,0.00733531712210804
7.92747107648452,0.00733058756291186
7.93,0.00732898120154511
7.93595012292343,0.0073252019664609
7.94,0.00732263117006474
7.94747075290215,0.00731788242729426
7.95,0.00731627345137024
7.95593479946832,0.00731250734657208
7.96,0.00730993914125615
7.96834164359155,0.00730468753616957
7.97,0.00730364332824576
7.97752430499383,0.00729889769768024
7.98,0.00729733603579739
7.98593984022363,0.0072936002418898
7.99,0.00729105681613125
7.99747134913244,0.00728638695229551
8,0.00728480968643493
8.00593486041606,0.00728112521728658
8.01,0.00727861912994992
8.01840529799219,0.00727346961691468
8.02,0.00727249426255887
8.02754695030598,0.00726787685221428
8.03,0.00726637770504826
8.03593962275492,0.00726276176637997
8.04,0.00726030186480431
8.04747016030648,0.007255785661223
8.05,0.00725425389984603
8.05747562205814,0.0072497122985981
8.06,0.00724817572151292
8.06595118764764,0.00724455740061984
8.07,0.00724209962359647
8.07745724763229,0.00723756948105184
8.08,0.00723602398277923
8.08593400990435,0.00723242649167308
8.09,0.00722997233281525
8.09835105444111,0.00722494643463586
8.1,0.00722395308699743
8.10753007049028,0.00721940459203087
8.11,0.00721791059639664
8.11594080116857,0.007214323878679
8.12,0.0072118794882811
8.12747276928315,0.00720738100887912
8.13,0.00720586009915655
8.13593633480797,0.00720229910870166
8.14,0.00719987414782832
8.14840846500186,0.00719488051417221
8.15,0.00719393891304163
8.1561324718511,0.00719033058911695
8.16,0.00718807325423614
8.1682134383816,0.00718331318167969
8.17,0.00718228017866927
8.17743253533158,0.00717798162748326
8.18,0.0071764982000252
8.18594110978998,0.00717307804883534
8.19,0.00717075170973719
8.19751255252208,0.00716645374318813
8.2,0.00716503235087171
8.20594153595075,0.0071616499599293
8.21,0.00715935245947276
8.21841132489922,0.00715460800738212
8.22,0.0071537109797588
8.22754872153077,0.00714943454845117
8.23,0.00714804275615065
8.23594121743437,0.00714467284650585
8.24,0.0071423736704083
8.24747516862615,0.00713813196166454
8.25,0.00713669676676619
8.25593783791223,0.00713332642151034
8.26,0.00713102762190175
8.2684145473481,0.00712627370626701
8.27,0.00712537898964745
8.27613589887441,0.0071219281431874
8.28,0.00711976655660211
8.28821264615789,0.00711518868956625
8.29,0.0071141916204478
8.2974319289795,0.00711003264053692
8.3,0.00710859245134787
8.30594185491141,0.0071052639247313
8.31,0.00710299394768787
8.31751428975966,0.0070987842306885
8.32,0.00709738938553576
8.32594286550413,0.00709405963665524
8.33,0.00709179334112488
8.33841257532156,0.00708710174935951
8.34,0.00708621739357104
8.34613615036698,0.00708281035982024
8.35,0.00708067617005104
8.35821023186461,0.00707616064384361
8.36,0.00707517957917387
8.3660824421957,0.00707186232454008
8.37,0.00706974109695783
8.37822559060774,0.00706531109762382
8.38,0.00706435583888775
8.38745233176864,0.00706033409169911
8.39,0.00705895711428731
8.39594377873589,0.00705574932658706
8.4,0.00705356391189563
8.4075184541136,0.00704950611248036
8.41,0.00704816409398442
8.41594398261177,0.00704495314609479
8.42,0.00704276736413526
8.4284111392651,0.00703823685665376
8.43,0.00703738103249227
8.43613631508204,0.00703408394275306
8.44,0.00703201627071216
8.44821175689205,0.00702763308318143
8.45,0.00702668033271916
8.45608370876468,0.00702345156719079
8.46,0.00702138482048816
8.46822590669491,0.00701706269393787
8.47,0.00701613351102522
8.47608237800541,0.00701296332936745
8.48,0.007010935272765
8.48820793902834,0.00700670481276596
8.49,0.00700578044158139
8.49745210781488,0.00700192182586339
8.5,0.00700059846239769
8.50594473053924,0.00699751113236323
8.51,0.00699540499247655
8.5175191457105,0.00699148428510064
8.52,0.00699018545161244
8.52594497533523,0.00698707120656863
8.53,0.00698494786519113
8.53841216137924,0.00698053365948595
8.54,0.00697969868395388
8.54613758953206,0.00697647410573396
8.55,0.00697444891966061
8.5582122461384,0.00697014368501048
8.56,0.00696920634148769
8.56608481385633,0.00696602363617181
8.57,0.00696398358582895
8.57822623795113,0.00695970674602665
8.58,0.00695878594517963
8.58608335351197,0.00695563933777991
8.59,0.00695362411186249
8.59820836090972,0.00694941631503826
8.6,0.00694850023992306
8.60607638921322,0.00694540690876524
8.61,0.00694342170782624
8.61822114573186,0.00693928070852542
8.62,0.0069383874233205
8.62608038183848,0.00693534822841824
8.63,0.00693340153903628
8.63821884000198,0.00692933809065127
8.64,0.00692846007309818
8.64608006790535,0.0069254764407158
8.65,0.00692356459804813
8.65822054661418,0.00691957128171613
8.66,0.00691870896134299
8.66608083131704,0.00691577414604526
8.67,0.00691389298208493
8.67821995692936,0.00690995960467002
8.68,0.00690910917926489
8.68608089316231,0.00690621386278079
8.69,0.00690435645119009
8.6982202076618,0.00690046813329202
8.7,0.00689962678395835
8.70608119432727,0.00689675969486001
8.71,0.00689491888521969
8.71822001728743,0.00689106061364044
8.72,0.00689022486089984
8.72608134670804,0.00688737503379715
8.73,0.0068855437911464
8.73821996493355,0.00688170140591677
8.74,0.00688086837042046
8.74608151298369,0.00687802606947094
8.75,0.00687619842401922
8.75821985936366,0.00687236023779978
8.76,0.00687152751358031
8.76608163698992,0.00686868506025038
8.77,0.00686685639897106
8.77821982472038,0.00686301370231094
8.78,0.00686217961637128
8.78608175882922,0.00685933164793675
8.79,0.00685749889384768
8.798219828577,0.00685364616670305
8.8,0.00685280971191374
8.8060818742047,0.00684995316288773
8.81,0.00684811468277906
8.81821989002076,0.00684424931641209
8.82,0.0068434101039994
8.82608199448516,0.00684054391345232
8.83,0.0068386993114432
8.83821999678454,0.00683482111152506
8.84,0.00683397923590549
8.84608212153181,0.00683110391917636
8.85,0.00682925373874192
8.85822014826224,0.0068253642779001
8.86,0.00682452017964256
8.86608225966442,0.00682163733563748
8.87,0.00681978274207243
8.87822031996656,0.00681588470629575
8.88,0.00681503901824356
8.88608240529618,0.00681215085397532
8.89,0.00681029332938308
8.89822051365734,0.00680638989852472
8.9,0.00680554333168052
8.90608256111788,0.00680265224283278
8.91,0.00680079333431242
8.91822071003311,0.00679688769518551
8.92,0.00679604092805336
8.92608272263679,0.0067931491782811
8.93,0.00679129030214407
8.93822090533707,0.00678738528009295
8.94,0.00678653889554319
8.94608288900013,0.00678364839417043
8.95,0.00678179071227097
8.95822108968183,0.00677788855236095
8.96,0.00677704299402089
8.96889455159086,0.00677282925780931
8.97,0.00677230931680687
8.97552724204573,0.00676972838065699
8.98,0.00676766085629036
8.98737108205991,0.00676428068928528
8.99,0.00676308319561122
8.99593791326069,0.00676040265691126
9,0.0067585890994304
9.00810141586333,0.00675500354204498
9.01,0.00675416793408987
9.01599568178023,0.00675154612658742
9.02,0.00674980966681996
9.02846120994839,0.00674616056892782
9.03,0.00674549870462598
9.03769395025802,0.00674220495570548
9.04,0.00674122228583896
9.04724109041422,0.00673813795176947
9.05,0.00673696185998002
9.05602637670336,0.006734396100197
9.06,0.00673270690427698
9.06830296592506,0.00672916713145627
9.07,0.00672844091792545
9.07610780646862,0.00672582498891473
9.08,0.00672415628215602
9.08818378463611,0.00672062806758917
9.09,0.00671984052170814
9.09908107681944,0.00671589747952311
9.1,0.00671549965776381
9.10459461590279,0.00671351777700511
9.11,0.00671119940433423
9.11824594104728,0.00670767124557584
9.12,0.00670692190595296
9.1259650333815,0.00670438477654347
9.13,0.00670267867920474
9.13801828771195,0.00669929533033104
9.14,0.00669845920299619
9.14599445119881,0.00669593584655285
9.15,0.00669425503374934
9.1584736334005,0.00669069614043733
9.16,0.00669005359569553
9.16763183299752,0.00668684216713083
9.17,0.00668584578102034
9.17726054695063,0.00668277989247605
9.18,0.00668161758494507
9.19,0.00667737283878503
9.19603935068906,0.00667483154222711
9.2,0.00667317477049682
9.20712518970726,0.00667020015545785
9.21,0.00666900188554496
9.21587570955283,0.00666656435536743
9.22,0.0066648634053716
9.2281639717095,0.00666150234892073
9.23,0.00666074619251564
9.23599381098816,0.00665828233760656
9.24,0.00665663971108811
9.24846263466583,0.00665316313801179
9.25,0.00665252951469337
9.25768682667085,0.0066493632406512
9.26,0.00664841477380756
9.26599742738243,0.00664597272126369
9.27,0.00664435434884719
9.27715447759926,0.00664146934887233
9.28,0.0066403240159572
9.28588040938287,0.00663796848028316
9.29,0.00663632787127178
9.2982121974682,0.00663306155898933
9.3,0.00663234974790322
9.30605594782577,0.00662994165742149
9.31,0.00662837584427799
9.3183730591477,0.00662504023856972
9.32,0.00662438910005141
9.32813470426149,0.00662113126385035
9.33,0.00662038673453788
9.33600132359529,0.00661800456880545
9.34,0.00661642606890047
9.34715500950665,0.00661360396052928
9.35,0.00661248198325798
9.35588096334352,0.00661017049821607
9.36,0.00660855825063914
9.36820912512622,0.00660534229548722
9.37,0.00660463877206159
9.37605536032414,0.00660225993630985
9.38,0.00660071024960271
9.38837401908941,0.00659740264549672
9.39,0.00659675644275015
9.39812990455294,0.0065935188531708
9.4,0.0065927756171207
9.40600141660963,0.00659040133621192
9.41,0.00658882624597649
9.4171551763077,0.00658600664474707
9.42,0.00658488461565414
9.42588128849381,0.00658257088425424
9.43,0.00658095590294153
9.43820984280882,0.00657773105313985
9.44,0.00657702548009698
9.4489507859559,0.00657350190436966
9.45,0.00657309112046417
9.45524607022049,0.00657104871935057
9.46,0.00656921132787283
9.4675038326201,0.00656631894913514
9.47,0.00656535812018654
9.47594458569769,0.00656307981745043
9.48,0.00656153355326831
9.48808575953013,0.00655845025932466
9.49,0.00655771857742568
9.5,0.00655390644786258
9.50604594870608,0.00655163031172264
9.51,0.00655015248908704
9.51708900592205,0.00654750833535071
9.52,0.00654642366682676
9.52586939939658,0.00654424553564
9.53,0.00654271970126643
9.53815896960378,0.00653970185407883
9.54,0.00653901845294269
9.55,0.00653531102132946
9.55604863279895,0.0065330921213875
9.56,0.00653165108664916
9.56708832314794,0.00652906671577575
9.57,0.00652800447229588
9.57586957006978,0.00652586879124001
9.58,0.00652437034346761
9.58815677592139,0.006521400989426
9.59,0.00652072640458723
9.6,0.00651706400536246
9.60604883107698,0.00651486651553918
9.61,0.00651343734431367
9.61708830493092,0.00651086991386074
9.62,0.00650981311855742
9.63,0.00650620110068546
9.63633018794575,0.00650394887341578
9.64,0.0065026536232964
9.64710979042504,0.00650015106093736
9.65,0.00649913554501085
9.65588069652995,0.0064970786988123
9.66,0.00649564477621828
9.66807730395284,0.00649282764218496
9.67,0.00649215408090721
9.68,0.0064886512237875
9.68605301240751,0.00648654986389137
9.69,0.00648518574212375
9.69709327281641,0.00648272960918079
9.7,0.00648172031143585
9.70587092297108,0.00647968324943084
9.71,0.00647825145539143
9.71815537609904,0.0064754042365778
9.72,0.00647475492892315
9.73,0.0064712208472536
9.73604918313146,0.00646909123073338
9.74,0.00646770266791615
9.74708882886053,0.0064651999844595
9.75,0.00646416721683229
9.76,0.00646062479183686
9.76632965839772,0.00645840728036386
9.77,0.00645712865053454
9.7771098020595,0.00645465229686137
9.78,0.00645364515700772
9.78588116201494,0.00645160133287293
9.79,0.00645017390070899
9.79807834472366,0.00644736250211181
9.8,0.00644668961894053
9.81,0.00644318208422096
9.81605300276261,0.00644107330467166
9.82,0.0064397027492423
9.82709352331614,0.00643723230019672
9.83,0.00643621639811619
9.84,0.00643273098803104
9.84632817604051,0.00643055300714205
9.85,0.00642929726124152
9.85711130309621,0.00642686682620097
9.86,0.00642587935048046
9.87,0.00642248421427923
9.87631282976504,0.00642037741258814
9.88,0.00641915773341523
9.88713789139352,0.00641680327444871
9.89,0.00641586055119887
9.9,0.00641259485515526
9.90630369609343,0.00641057514851209
9.91,0.00640940212707028
9.91713884796506,0.00640714322989966
9.92,0.00640623896235438
9.92588604346278,0.00640438554886351
9.93,0.00640309427144207
9.93809032639746,0.00640054101557151
9.94,0.00639993346539557
9.95,0.00639673804780111
9.95605310260088,0.00639480953472414
9.96,0.00639355229094177
9.96709529170849,0.0063912752559221
9.97,0.00639033554611499
9.98,0.00638709156573592
9.98632734881308,0.00638505071046384
9.99,0.00638386822748362
9.99711125153898,0.00638156773354667
10,0.0063806282840341
