Time_s,Motor_Torque_Nm
0,124.6
5.6691999554816e-30,124.6
6.81617413467732e-09,124.60000245975
4.08970448080639e-08,124.60001475581
2.11301398174997e-07,124.600076178226
8.546747819125e-07,124.600307215311
1.50014874126267e-06,124.600537634538
2.1469507941085e-06,124.600767154505
2.79475483826294e-06,124.600995656107
3.47802459533756e-06,124.601235182709
4.19250657591331e-06,124.601484027086
4.93511128521215e-06,124.60174091399
5.70347077689683e-06,124.602004838654
6.49576259137992e-06,124.602275000463
7.31057427141244e-06,124.60255075208
8.14679269693988e-06,124.602831558365
9.00354720606548e-06,124.603116974504
9.88016252257925e-06,124.603406627997
1.07761149772353e-05,124.603700202294
1.16910169106541e-05,124.603997430126
1.26245914303415e-05,124.604298083907
1.3576658787922e-05,124.604601970157
1.45471263872052e-05,124.604908925264
1.55359775575076e-05,124.60521881096
1.65432627416972e-05,124.605531510722
1.75690975953121e-05,124.605846928396
1.86136555316386e-05,124.606164985166
1.96771660960097e-05,124.606485618371
2.07599098429904e-05,124.606808779311
2.18622176347263e-05,124.607134432427
2.29844716240797e-05,124.607462554981
2.41271004470689e-05,124.607793135048
2.52905806217559e-05,124.608126171354
2.64754377815264e-05,124.608461673048
2.76822437071795e-05,124.608799658281
2.89116227362658e-05,124.609140155422
3.0164248066805e-05,124.609483201417
3.14408461325488e-05,124.609828842382
3.27421981243487e-05,124.610177133377
3.4069143872946e-05,124.610528138774
3.54225831198596e-05,124.610881931886
3.68034812557935e-05,124.611238595736
3.821287183035e-05,124.611598222909
3.96518632967261e-05,124.611960916442
4.11216450098857e-05,124.612326790411
4.26234925752258e-05,124.612695970282
4.41587778924923e-05,124.61306859431
4.57289774524392e-05,124.613444814362
4.73356814886104e-05,124.613824796818
4.89806102871369e-05,124.614208724996
5.06656241405687e-05,124.61459679986
5.23927462790358e-05,124.614989243505
5.41641794653757e-05,124.615386300872
5.59823329074652e-05,124.61578824346
5.78498510784751e-05,124.616195373028
5.97696513177274e-05,124.616608026704
6.17449707574687e-05,124.617026583455
6.37794205558311e-05,124.617451471296
6.5839875444383e-05,124.617875573385
6.79232245835072e-05,124.618298214645
7.00301682185862e-05,124.618719528069
7.21613919387323e-05,124.619139642318
7.43175831100007e-05,124.619558682957
7.64994281983105e-05,124.619976771812
7.87076123153424e-05,124.620394027023
8.09428205215175e-05,124.620810563462
8.32057388341465e-05,124.621226493077
8.54970540332816e-05,124.621641924996
8.78174553845452e-05,124.622056965978
9.01676340084993e-05,124.622471720418
9.25482842920096e-05,124.622886290719
9.49601043135539e-05,124.623300777465
9.74037962509685e-05,124.623715279592
9.98800665125972e-05,124.624129894502
0.000102389626913942,124.624544718343
0.000104933194483617,124.624959846062
0.000107511492166322,124.625375371591
0.0001101252488517,124.625791387922
0.000112775200540543,124.626207987366
0.000115462089562752,124.626625261484
0.000118186666120466,124.627043301395
0.000120949687764867,124.627462197749
0.000123751919749756,124.627882040837
0.000126594136035437,124.628302920793
0.000129477118877425,124.628724927588
0.000132401658695175,124.629148151055
0.000135368555507034,124.629572681155
0.000138378618576231,124.629998607964
0.000141432666340706,124.630426021716
0.000144531526266129,124.630855012828
0.000147676036580673,124.631285672189
0.000150867044927233,124.631718091019
0.000154105408422703,124.632152360925
0.000157391994852422,124.632588574112
0.000160727681913402,124.633026823329
0.000164113357490679,124.633467201956
0.000167549920545556,124.633909804164
0.000171038278445567,124.63435472463
0.00017457934911478,124.634802058864
0.000178174061742415,124.635251903353
0.000181823353513513,124.635704355208
0.000185528172703079,124.636159512608
0.000189289475380815,124.636617474457
0.000193108227886818,124.637078340751
0.000196985404406365,124.637542212351
0.00020092198763963,124.638009191133
0.000204918967747464,124.638479379938
0.000208977341801321,124.638952882581
0.00021309811389877,124.639429803947
0.000217282293438648,124.639910249872
0.000221530894390679,124.640394327145
0.000225844935042528,124.640882143573
0.000230225437040706,124.641373807965
0.000234673423712053,124.641869430038
0.000239189918556677,124.642369120352
0.000243775944741365,124.642872990364
0.000248432523352539,124.643381152339
0.000253160672522225,124.643893719372
0.000257961404635116,124.644410805198
0.000262835724894641,124.64493252416
0.00026778463117197,124.645458991313
0.000272809109924307,124.64599032212
0.000277910133437254,124.646526632286
0.000283088662156887,124.647068038136
0.000288345639231593,124.647614656177
0.000293681987231134,124.648166602889
0.000299098608576352,124.648723994908
0.000304596381230115,124.649286948718
0.000310176159501404,124.64985558087
0.00031583876798248,124.650430007494
0.000321585002265872,124.651010344507
0.00032741562170972,124.651596707017
0.000333331356444728,124.652189210151
0.000339332896247258,124.652787968067
0.000345420895904152,124.653393094605
0.000351595966825311,124.654004702564
0.000357858683687721,124.654622904476
0.000364209575430386,124.655247811803
0.000370649130668551,124.655879535573
0.000377177793863724,124.656518186079
0.000383795964089498,124.657163872835
0.00038789668980539,124.657563105446
0.000387896689805394,124.657563105446
0.000388782766033491,124.657649241113
0.000388782766033495,124.657649241113
0.000395490802299032,124.658300590347
0.000402358666187912,124.658966316364
0.0004093144416985,124.659639279685
0.000416360615176446,124.660319762893
0.000423497716156801,124.661007900865
0.000430725947144998,124.66170380791
0.000438045426973448,124.662407595465
0.000445456241592084,124.663119375884
0.000452958447930137,124.66383926258
0.000460552085491007,124.664567371077
0.000468237183568795,124.665303819664
0.000476013751975941,124.66604872847
0.00048388180674188,124.666802221891
0.000491841360167595,124.667564427599
0.000499892428127048,124.668335477204
0.000508035038317182,124.669115507005
0.000516269239451124,124.669904658838
0.000524595104260861,124.670703080337
0.000533012720164891,124.671510924013
0.000541522210585717,124.672328349282
0.00055012374383306,124.673155523306
0.000558817524859776,124.673992620211
0.000567603801285399,124.674839821666
0.000576482877401584,124.67569731826
0.000585455109372661,124.676565309073
0.000594520910834088,124.67744400226
0.000603680761549086,124.678333615948
0.000612935212081933,124.679234378773
0.000622284878172015,124.680146529413
0.000631730448181875,124.68107031742
0.000641272693476383,124.682006004351
0.00065091246473343,124.682953863544
0.000660650700863135,124.683914181149
0.000670488412803095,124.684887254695
0.000680426725118598,124.68587339738
0.000690466846801099,124.686872935399
0.000700610086176275,124.687886209639
0.000710857856859201,124.688913576516
0.000721211680002345,124.689955408468
0.000731673186107954,124.691012094424
0.000742244137152069,124.692084042346
0.000752926407317123,124.693171677625
0.000763722005422767,124.694275445718
0.000774633076283701,124.695395812682
0.000785661922326331,124.696533267826
0.000796810995985951,124.697688323408
0.000808082940863487,124.698861519413
0.000819480546561912,124.700053419425
0.000831006839811559,124.701264620744
0.00084266506297526,124.702495752877
0.000854458663902426,124.703747477205
0.000866391358963601,124.705020494472
0.000878467205152449,124.706315553478
0.000890690533920134,124.707633445114
0.000903066056526102,124.708975014868
0.000915598883023368,124.710341166284
0.000928294604348978,124.711732871503
0.000941159317933792,124.713151175913
0.000954199744348204,124.714597213102
0.000967423308057968,124.716072216328
0.000980838194815479,124.717577527788
0.000994453593419713,124.719114629112
0.00100827981453942,124.720685158977
0.00102232846206676,124.722290937452
0.00103661279527108,124.723934013294
0.00105114800298425,124.725616702884
0.00106595170449651,124.727341657251
0.00108104452480465,124.729111940568
0.00109645098778731,124.730931149586
0.00111220066928105,124.732803569112
0.0011283297194155,124.734734378586
0.00114504249621594,124.736749227432
0.00116249553986805,124.738868649107
0.00118079694344261,124.741107849833
0.00120010001078345,124.743488120493
0.00122063593824686,124.746041173182
0.00124279336064662,124.748819639713
0.00126735708961052,124.751928455728
0.00129671570417576,124.755682877265
0.00132687031137561,124.759582601325
0.00135458992527706,124.76320704973
0.00137996256373657,124.766558288054
0.00140425507627462,124.769796676163
0.00142793689034709,124.772981135822
0.00145123722582682,124.776140308795
0.00147429384794438,124.779291433451
0.00149719895346035,124.78244610016
0.00152001863515057,124.785612679232
0.00154280273735755,124.788797547016
0.00156559043959417,124.792005779966
0.00158841356163338,124.79524156385
0.00161129867154394,124.798508454291
0.0016342684388059,124.801809542699
0.00165734268023969,124.805147586668
0.00168053896440536,124.808525082636
0.00170387313566923,124.811944330731
0.00172735974884138,124.81540748969
0.00175101221908462,124.8189165921
0.00177484313678455,124.822473585373
0.00179886444152657,124.826080353354
0.00182308750921176,124.829738725825
0.00184752330469881,124.833450498552
0.00187218242560884,124.837217437527
0.00189707521894141,124.841041294709
0.00192221183107958,124.844923814085
0.00194760219962086,124.848866728974
0.00197325624729353,124.852871790931
0.00199918374166339,124.856940747055
0.00202539446008178,124.861075364905
0.00205189812826447,124.865277422229
0.00207870451497709,124.869548721357
0.0021058234252096,124.873891087743
0.00213326470961455,124.878306371097
0.00216103831548811,124.882796453306
0.00218915424738792,124.887363241858
0.00221762270208243,124.892008691603
0.00224645393599487,124.89673478316
0.00227565829877158,124.901543528151
0.00230524639852468,124.906436996392
0.00233522896877015,124.911417294126
0.00236561689425864,124.916486568257
0.00239642128558957,124.921647018853
0.00242765343399014,124.926900891758
0.00245932485848379,124.932250486637
0.00249144728648772,124.93769815389
0.00252403272460684,124.943246306856
0.00255709333456013,124.948897400921
0.00259064164861454,124.954653970475
0.00262469040510858,124.960518601139
0.00265925263348317,124.966493944563
0.00269434164269695,124.972582716723
0.00269790458816942,124.973202349371
0.00270146753364189,124.973822486393
0.00270324900637812,124.974132662762
0.00270503047911436,124.974442905695
0.00271393784279553,124.975994888848
0.00271753861142417,124.976622628811
0.00271814084524645,124.976727649806
0.00271831790074672,124.976758528592
0.00271849495624698,124.976789408323
0.00271854038984489,124.976797332373
0.00271858582344279,124.976805256462
0.00271868561863265,124.9768226618
0.00271918459458199,124.976909688712
0.00272167947432866,124.977344828509
0.00273415387306203,124.979520657775
0.00278473806336032,124.988345932759
0.00283667964075792,124.997411675406
0.00289033558566438,125.006780664813
0.00294576162753087,125.016462938295
0.00300302072627969,125.026469783316
0.00306217889173694,125.036813033591
0.00312330512154253,125.047505063193
0.00318647148463811,125.058558803108
0.00325175321826323,125.069987759803
0.00331922905683063,125.08180607444
0.00338898115064469,125.094028510416
0.00346109542863712,125.106670518777
0.00353566158958619,125.119748238708
0.00361277344409111,125.133278559656
0.00369252903230174,125.147279144332
0.00377503088643486,125.161768477299
0.00386038611907422,125.17676588319
0.00394870671979414,125.192291581711
0.00404010987297746,125.208366746655
0.00413471811540975,125.225013537028
0.00423265963134865,125.242255152631
0.00433406854581634,125.260115889651
0.00443908517161894,125.278621188464
0.00454785643494206,125.297797713274
0.00466053603406327,125.317673385142
0.00477728498103626,125.338277482978
0.00489827183885096,125.359640691353
0.00502367320307334,125.381795191973
0.00515367388397376,125.404774702852
0.00528846767964066,125.428614622536
0.00542825762073947,125.453352081724
0.0055732564780262,125.479026042066
0.00572368714525474,125.505677373748
0.00587978347393353,125.533349014045
0.00604179062375266,125.562086041156
0.00620996561927749,125.59193578563
0.00638457803789646,125.622947966319
0.00656591070422985,125.655174828862
0.00675426023427276,125.688671258927
0.00694993800717461,125.72349497311
0.00715327045452513,125.759706590187
0.00736460032328222,125.797369877549
0.00758428725850435,125.836551878756
0.00781270866231715,125.877323092579
0.00805026063125339,125.919757668582
0.00829735890505495,125.963933607608
0.00855443968200389,126.009932941457
0.0088219605973589,126.057841945016
0.00910040238224002,126.107751474065
0.00939026871789342,126.159756983823
0.0096920885939599,126.213959000582
0.0100064161525242,126.270463147283
0.0103338327808057,126.329380577832
0.0106749478756363,126.390828178815
0.0110303997030749,126.4549287942
0.0114008565551749,126.521811510129
0.0117870186553703,126.591612082457
0.0121896174751093,126.664472904482
0.0126094182087823,126.740543553502
0.0130472197068503,126.819980887047
0.0135038556492074,126.902949372958
0.013980194639196,126.989621233854
0.0144771406672846,127.080176669065
0.0149956336367618,127.174804099305
0.0155366488261165,127.273700229216
0.0161011963671579,127.377070124137
0.0166903204472065,127.485127248321
0.0173050982840105,127.598093473603
0.0179466376957809,127.716198841688
0.0186160751408618,127.839681423149
0.0193145735989545,127.968787158397
0.0200433173479197,128.103769134201
0.0208035087559756,128.244887238375
0.0215963637404941,128.39240757395
0.0224231047281371,128.546601410605
0.0232849554720203,128.707744479422
0.0241831345989706,128.876116028165
0.025118847455827,129.051997549632
0.02609327881559,129.235671657473
0.0271075839629377,129.427420639614
0.0281628814304005,129.627525300323
0.029260244911914,129.836263622038
0.0304006974185209,130.05390982492
0.0315852017940796,130.280732701228
0.0328146563644575,130.516994891875
0.034089890484751,130.762952112889
0.0354116597469248,131.018852281456
0.0367806428965796,131.284934934757
0.038197444636271,131.561431763878
0.0396625936983956,131.848566208805
0.0411765435539241,132.146553539299
0.042739677569202,132.455601794776
0.0443523121700638,132.775912329058
0.0460147019494175,133.107680736285
0.0477270439398919,133.451097614071
0.0479032882042288,133.486541225705
0.0479496541630211,133.495868721595
0.0479617155706433,133.498295338454
0.0479680852698395,133.499576883541
0.0479744549690357,133.5
0.0479798770341889,133.5
0.0480069873599551,133.5
0.0481425389887858,133.5
0.0488202971329394,133.5
0.0506211590582673,133.5
0.0524904526517774,133.5
0.0544486525498778,133.5
0.056500396080282,133.5
0.0586509028322958,133.5
0.0609057242818662,133.5
0.0632707725297534,133.5
0.0657523434530946,133.5
0.0683571445177093,133.5
0.0710923269271434,133.5
0.0739655196150018,133.5
0.0769848634242251,133.5
0.0801590482384571,133.5
0.0834973651156781,133.5
0.0870097417269555,133.5
0.0907068001388926,133.5
0.0945999104739058,133.5
0.0987012494743019,133.5
0.103023871430007,133.5
0.107581781274229,133.5
0.112390010681294,133.5
0.117464705685574,133.5
0.12282322822039,133.5
0.128484268750152,133.5
0.134467954918442,133.5
0.140795993430701,133.5
0.147491823440235,133.5
0.154580770181153,133.5
0.162090248095547,133.5
0.170049971284753,133.5
0.178492191918232,133.5
0.187451987765097,133.5
0.196967582499306,133.5
0.207080717784148,133.5
0.217837078168171,133.5
0.229286846715569,133.5
0.241485292818126,133.5
0.254493532055592,133.5
0.268379461431559,133.5
0.283218878606173,133.5
0.299096951053876,133.5
0.316110103730244,133.5
0.334368446291253,133.5
0.353999119378811,133.5
0.375150933690981,133.5
0.398000990830035,133.5
0.400477360981913,133.5
0.40295373113379,133.5
0.415335581893176,133.5
0.418058434728347,133.5
0.418444786212818,133.5
0.41883113769729,133.5
0.419143400107163,133.5
0.419455662517035,133.5
0.419495857916347,133.497192481342
0.419536053315659,133.493963205144
0.419737030312218,133.477819076597
0.420741915295013,133.397154294372
0.42576634020899,132.995223377422
0.426769032240895,132.915290654774
0.427771724272801,132.835455320696
0.428298983630737,132.793512208005
0.428365160077391,132.788249798049
0.428388491544274,132.781979837759
0.428411823011157,132.775023640286
0.428528480345573,132.740253147391
0.429111767017652,132.566662302661
0.432028200378045,131.70521469938
0.435523980451894,130.686794896375
0.439033263998976,129.679778587715
0.442558444432255,128.68345530812
0.446099545700809,127.697797709636
0.446706353254112,127.530407510112
0.446931526090528,127.468407813863
0.446990366205677,127.452216817392
0.447049206320825,127.436827951898
0.447100408152022,127.423684342583
0.447356417308007,127.358006922407
0.44863646308793,127.030631743956
0.452418581484815,126.073129729756
0.456207365122695,125.128443116322
0.456599927847919,125.031388757593
0.456745956988245,124.99532723751
0.456891986128571,124.959287479272
0.457006900440409,124.931836573978
0.457121814752247,124.904515341494
0.457696386311439,124.768091905855
0.460569244107397,124.090515593749
0.46451238636576,123.17271957006
0.465143310724061,123.027172442927
0.465774235082363,122.881992072851
0.466603219320835,122.691779937249
0.466841242847919,122.637278616869
0.467079266375004,122.582828494095
0.467188271742502,122.557909427752
0.467297277110001,122.533741604318
0.467389490652611,122.513458236385
0.467850558365664,122.412146334379
0.470155896930927,121.908196118808
0.474267692150859,121.02005992744
0.474816591906575,120.902532856662
0.47536549166229,120.785256280354
0.475846269172356,120.682734146574
0.476327046682422,120.580397340319
0.476804524179583,120.478945815139
0.477282001676744,120.377676157998
0.477840640964877,120.259422964742
0.477904525373311,120.245915724971
0.477968409781745,120.232665247931
0.478034662635483,120.219202578662
0.478365926904171,120.151937380149
0.480022248247611,119.816809896076
0.484314703544609,118.957536103054
0.488615193656976,118.109869036301
0.489098344564516,118.015459980575
0.489482335793153,117.943487440169
0.48986632702179,117.871670245698
0.491786283164976,117.514011985826
0.496275597584768,116.686918739526
0.497255470564039,116.50809553902
0.498235343543311,116.329894277902
0.499047566052875,116.18264351861
0.499859788562438,116.03580879856
0.500687601842435,115.886581679459
0.500790826248726,115.868420487441
0.500894050655017,115.850623352195
0.501410172686472,115.761729235904
0.503990782843747,115.319529342211
0.50869037068649,114.523875500473
0.513401927883546,113.738565326662
0.518134552589973,112.962065693227
0.522888309588336,112.194346739689
0.523653353639866,112.071935297903
0.524418397691395,111.94985031307
0.525096773869309,111.841858194593
0.525334549851204,111.804064438422
0.525398547843556,111.793897446205
0.525462545835908,111.783755941648
0.525517359576233,111.77580848601
0.525791428277854,111.736091039238
0.527161771785961,111.537997067589
0.532335937400099,110.797393121261
0.537516741879554,110.067385980444
0.542720693372524,109.345646517737
0.547947882411602,108.632148362557
0.549136785548333,108.471462369741
0.550325688685064,108.311381071084
0.55147994684672,108.156523639231
0.551798520347174,108.113880199087
0.552117093847627,108.071279533751
0.552255844798178,108.052738423303
0.55239459574873,108.034766889434
0.552517772255095,108.019103496703
0.553133654786922,107.940870284198
0.556213067446056,107.551782630476
0.56172227478179,106.864260466126
0.567245343684073,106.185949727335
0.572792967860657,105.515537026854
0.578365263875275,104.852990202735
0.579347305425261,104.737349530901
0.580329346975247,104.622060692885
0.581306160319565,104.507716415855
0.581402489039888,104.496458241018
0.581471687271294,104.488373116979
0.5815408855027,104.480575175373
0.581612963606814,104.472577874838
0.581973354127384,104.432615185677
0.583775306730231,104.233393623173
0.589651177976514,103.59056993626
0.595535070800422,102.957207131113
0.596622148595034,102.841330109548
0.59689095949788,102.812736367191
0.597039843483343,102.796909622434
0.597188727468807,102.781821654369
0.597326727891217,102.767935087567
0.598016730003265,102.698577399502
0.601466740563508,102.353651501001
0.607678867150252,101.740339732391
0.613906237644906,101.135469556202
0.620161231362938,100.537854972621
0.62644402719502,99.9474630267576
0.627471174180628,99.8518852463951
0.628498321166236,99.7565910963507
0.62959709351689,99.6549420938472
0.629948682408837,99.6224792233892
0.630134634793374,99.6053228110297
0.630320587177911,99.5883320191957
0.630516757903118,99.5712553647889
0.631497611529155,99.4859963820042
0.63640187965934,99.0627777825481
0.643063193476835,98.4960757194726
0.649746025805245,97.9369242801416
0.656458496212559,97.3846575689977
0.663200804821846,96.8392410341261
0.664485224591845,96.736399026892
0.665769644361843,96.6339200626121
0.666452361792986,96.5795866634655
0.666606309856712,96.5673484325894
0.666760257920437,96.5556967453112
0.666894935724381,96.545627907428
0.667568324744101,96.4953313515782
0.670935269842699,96.2450258480665
0.6780995359914,95.718900985989
0.685278080644623,95.2005191303079
0.692488382960532,94.6886688987294
0.699730784802133,94.1833153044814
0.70075363953157,94.1126581313196
0.701776494261008,94.0422011531525
0.702593397377979,93.9860576204062
0.70341030049495,93.9300246854068
0.704146574400982,93.8796161250534
0.704882848307014,93.8292964228056
0.706042574681743,93.750214650491
0.707202301056472,93.6742005645788
0.708242522727113,93.6080460800026
0.713443631080314,93.2795402501887
0.721181757305426,92.7976736032621
0.728942287236422,92.3226636908202
0.736737293180473,91.8538143711903
0.74456714407318,91.3910906451641
0.752432037056613,90.9344579881121
0.760332143516192,90.4838818964823
0.768267634800423,90.0393275435528
0.776238688302113,89.6007596191157
0.784245484197888,89.1681425595905
0.792288205457483,88.7414405661462
0.800367044422492,88.3206172804389
0.808482196068277,87.9056361716951
0.816633862062035,87.496460347834
0.82482224708952,87.0930527659472
0.833047563864257,86.6953760059614
0.841310026084702,86.3033926373484
0.84960985830292,85.9170647675219
0.85794729042483,85.5363543370068
0.866322558251669,85.1612231168375
0.874735898682228,84.7916329402986
0.883187561636058,84.4275451961895
0.891677796331012,84.0689214542757
0.900206864757785,83.7157229064379
0.908775030990604,83.3679108444705
0.917382568396376,83.025446380258
0.926029758992006,82.6882905026802
0.934716886243747,82.3564043787433
0.943444246779528,82.0297489196691
0.952212141893658,81.7082851333515
0.961020880832492,81.3919740188247
0.969870780508951,81.0807765988482
0.978762168551958,80.7746538368143
0.987695376710685,80.4735668877589
0.996670750991809,80.1774767740169
1.00568864018976,79.8863447930413
1.01474940872852,79.6001321167996
1.02307745498798,79.3425571977112
1.023077454988,79.3425571977107
1.02307745498801,79.3425571977107
1.03218147148614,79.3425571977107
1.04128548798426,79.3425571977107
1.05949352098052,79.3425571977107
1.09590958697303,79.3425571977107
1.1544432309458,79.3425571977107
1.21368815151256,79.3425571977107
1.273477559298,79.3425571977107
1.33373707080287,79.3425571977107
1.39442727188577,79.3425571977107
1.45551478104318,79.3425571977107
1.51696788162818,79.3425571977107
1.57875555962677,79.3425571977107
1.64084749008108,79.3425571977107
1.7032136646229,79.3425571977107
1.76582442952301,79.3425571977107
1.82865041190215,79.3425571977107
1.89166234844849,79.3425571977107
1.95483105758651,79.3425571977107
2.01812743416754,79.3425571977107
2.08152239289638,79.3425571977107
2.14498671905599,79.3425571977107
2.20849119034389,79.3425571977107
2.27200651574887,79.3425571977107
2.33550339233198,79.3425571977107
2.39895242219688,79.3425571977107
2.46232422998121,79.3425571977107
2.52558945624445,79.3425571977107
2.58871881611307,79.3425571977107
2.65168315000498,79.3425571977107
2.71445359045086,79.3425571977107
2.7770015439394,79.3425571977107
2.83929880728999,79.3425571977107
2.90131774808693,79.3425571977107
2.96303134728994,79.3425571977107
3.02441341254892,79.3425571977107
3.08543865201531,79.3425571977107
3.14608290763046,79.3425571977107
3.20632321543935,79.3425571977107
3.26613810505938,79.3425571977107
3.32550774727282,79.3425571977107
3.38441415896855,79.3425571977107
3.44284148244322,79.3425571977107
3.50077623105463,79.3425571977107
3.55820759521051,79.3425571977107
3.61512782955251,79.3425571977107
3.67153266576833,79.3425571977107
3.72742191344293,79.3425571977107
3.78280008107674,79.3425571977107
3.8376772938623,79.3425571977107
3.89207049642523,79.3425571977107
3.9460051068543,79.3425571977107
3.99951733014447,79.3425571977107
4.05265761115143,79.3425571977107
4.10549580789058,79.3425571977107
4.13275434331275,79.3425571977107
4.13275434331281,79.3425571977108
4.14601517539318,80.1664861781497
4.15927600747354,80.9832098175265
4.17331177439456,81.8467577626358
4.18683342811542,82.679548348497
4.20002375944587,83.4946533450787
4.21302215321403,84.3014474059001
4.22597937287843,85.1100038634623
4.23909242117409,85.9334863357381
4.25271696603836,86.7954508758961
4.26791912201853,87.7655057622506
4.27995832012042,88.5421297375229
4.29199751822232,89.329911597284
4.30278886430962,90.0451616222292
4.31242128594062,90.6923291782153
4.32122559242401,91.2917093454285
4.32938685005204,91.8543024205722
4.33701985777658,92.3868200522045
4.34420284311723,92.8937671125239
4.35099309076594,93.3783885625671
4.35204166689347,93.4539922335115
4.35309024302101,93.5302886394668
4.35434750396557,93.6220358223343
4.35560476491014,93.7139568277447
4.35576554444043,93.7263152245136
4.35592632397072,93.7388974406319
4.35673022162217,93.8018404426208
4.36074970987941,94.11672080251
4.36661580174979,94.576963770413
4.37228380374049,95.0240409019826
4.37772449313113,95.4566260448609
4.38294488679369,95.8750988247581
4.38795980056296,96.2802715474059
4.3888336252517,96.3513879914095
4.38970744994044,96.4229905029768
4.39104724074287,96.5330169545452
4.39129105676481,96.5530673148898
4.39137243903249,96.5597713511784
4.39145382130017,96.5665716585127
4.39152659661235,96.5729461718672
4.39189047317327,96.6048219951337
4.39370985597785,96.764199816345
4.39824184829385,97.1612097928892
4.40266281588313,97.5489990156086
4.40694848841566,97.926530303916
4.41109777360598,98.2936332492364
4.41511774665574,98.6506540403542
4.41901640170962,98.9979900908049
4.4228013777037,99.3360083651939
4.42351735369124,99.4001426294939
4.42423332967877,99.4645335734022
4.42538965547272,99.5685911812675
4.42562529345745,99.5898019269793
4.42586093144219,99.6122131661682
4.42609789990687,99.6348257537039
4.42728274223031,99.7478249948011
4.43080043057197,100.082361282135
4.4342400034942,100.40815228838
4.43760004216197,100.725634463613
4.44087883368677,101.034504672196
4.4440789715614,101.334747932702
4.44720320199921,101.626346011502
4.45025367632887,101.909228162631
4.45323179541228,102.183263919959
4.45613819118146,102.448267301592
4.45897278304419,102.704008576336
4.459862856373,102.783737929891
4.4599739017216,102.793674304942
4.46008494707019,102.804088926055
4.46021362141903,102.816236186025
4.46085699316322,102.87685045262
4.46353006353409,103.126374413812
4.46614573604635,103.366722255792
4.4686888709168,103.596595974289
4.47115760473391,103.815821141733
4.47263347024447,103.944886956081
4.47263347024453,103.944886956086
4.47276471073807,103.956284816643
4.47276471073814,103.956284816649
4.47289595123168,103.967669321978
4.47302719172523,103.979041096505
4.47328967271231,104.001745908022
4.47381463468648,104.047000218635
4.47486455863482,104.136877674022
4.47696440653149,104.314025787833
4.47751957239197,104.360253488418
4.47807473825244,104.406192635855
4.47895934815334,104.478832713072
4.47920425326777,104.499494170101
4.4794491583822,104.520468378211
4.48067368395435,104.62448287204
4.48274263383415,104.796949015669
4.4847647509627,104.961302798206
4.48672832002876,105.116643254513
4.48863702814923,105.263438181668
4.49049450384836,105.402158706356
4.49230424501051,105.533260097062
4.49406961652291,105.657178096701
4.49579382606367,105.774325787495
4.4974799054448,105.88509176287
4.49913070156573,105.989839524191
4.50074887616002,106.088907829341
4.50233691032011,106.182611577934
4.50389711108183,106.271242968407
4.5054316220038,106.355072964438
4.50694243404121,106.434352790099
4.50843139623417,106.509315400244
4.50990022616272,106.58017690566
4.5113505216467,106.647138005965
4.51278376985555,106.710385233147
4.51420135687299,106.770092156473
4.51560457665978,106.826420492305
4.51699463847944,106.879521085234
4.5183726745522,106.92953483819
4.51973974663848,106.976593540794
4.52109685208674,107.020820623523
4.52244492935,107.062331842213
4.52378486326512,107.101235905975
4.52511748875666,107.137635014659
4.52644359625056,107.171625405164
4.52776393442708,107.203297784765
4.52907921410687,107.232737763328
4.53039011097035,107.260026225451
4.53169726889606,107.2852396882
4.53300130249145,107.308450613644
4.53430279897949,107.329727687292
4.53560232066239,107.349136086403
4.53690040711342,107.366737721792
4.53819757666446,107.38259145107
4.53949432789988,107.39675327744
4.54079114159107,107.409276538142
4.54208848199091,107.420212070543
4.54338679788882,107.429608364388
4.5446865239381,107.437511705248
4.54598808165952,107.443966304627
4.54729188083096,107.449014421914
4.54859831950452,107.452696471554
4.54990778553539,107.45505112938
4.55122065722996,107.456115426805
4.55253730393914,107.455924838745
4.55385808714825,107.454513365013
4.5551833604667,107.451913606081
4.55651347028175,107.448156834462
4.55784875645308,107.443273060339
4.55918955291643,107.437291092056
4.56053618793033,107.43023859372
4.56188898367882,107.422142143769
4.56324825796796,107.413027278502
4.56461432404538,107.402918541009
4.56598749003779,107.391839532311
4.56736806023667,107.379812946215
4.56875633459977,107.36686061469
4.57015260951377,107.353003540511
4.57155717708411,107.338261941436
4.57297032595027,107.322655277892
4.57439234047544,107.306202295612
4.57582350208624,107.288921042685
4.57726408741752,107.270828921954
4.57871437011193,107.25194269872
4.58017461955591,107.232278543886
4.58164510049024,107.211852066625
4.58312607350651,107.19067833357
4.5846177944629,107.16877190133
4.58612051461965,107.146146837859
4.58763447916975,107.122816767038
4.58915992817897,107.098794876422
4.59069709521737,107.074093958978
4.59224620739045,107.048726432792
4.59380748364766,107.022704388098
4.59538113574001,106.996039590338
4.59696736625342,106.968743530719
4.5985663692417,106.940827432573
4.60017832784148,106.912302308943
4.601803414398,106.883178976651
4.60344178927469,106.853468092522
4.60509359992765,106.823180184621
4.60675898060749,106.79232567129
4.60843805002276,106.760914917275
4.61013091104657,106.728958252053
4.61183765003631,106.696465994191
4.61355833512854,106.663448494613
4.61529301556342,106.629916159968
4.61704172035824,106.595879487821
4.61880445799202,106.561349081639
4.62058121481491,106.526335689925
4.62237195348695,106.490850244704
4.62417661443251,106.454903839565
4.62599511300664,106.418507791776
4.62782733980752,106.381673641832
4.62967316135022,106.344413144523
4.63153241822502,106.306738310123
4.63340492534465,106.268661403363
4.6352904734097,106.230194916812
4.63718882932248,106.191351564877
4.63909973496358,106.152144311268
4.64102290932804,106.112586327601
4.64295805025806,106.07269095957
4.64490483456251,106.032471726247
4.64686292178108,105.991942244135
4.64883195224246,105.951116269151
4.65081155252758,105.910007585673
4.65280133530523,105.868630011976
4.65480090337842,105.826997318745
4.6568098506534,105.785123211685
4.65882776397591,105.743021296715
4.66085422631874,105.700705017299
4.66288882015345,105.658187588174
4.66493112580478,105.615482034528
4.66698072839611,105.57260105216
4.66903721616273,105.529557048263
4.67110018440804,105.486362064957
4.67316923636109,105.443027767825
4.67524398418078,105.39956543191
4.67732405047556,105.355985917221
4.6794090709662,105.312299620439
4.68149869369983,105.268516499129
4.68359258009313,105.22464605791
4.68569040486104,105.180697358001
4.68779185888817,105.136678965093
4.68989664671501,105.092599010013
4.69200448912252,105.048465142677
4.69411511965866,105.004284612677
4.6962282884943,104.960064196356
4.69834375893405,104.91581027727
4.70046130855816,104.871528829726
4.7025807282578,104.827225445983
4.70470182365882,104.782905313272
4.70682441216738,104.738573282059
4.70894832375532,104.694233855961
4.71107339958234,104.649891226415
4.71319949253217,104.605549267134
4.71532646570823,104.561211570792
4.71745419192811,104.516881464642
4.71821142004849,104.501126965468
4.71863561888963,104.492322631042
4.71891651549142,104.486497867384
4.71919741209322,104.4809412062
4.71953458737277,104.474300987853
4.72122046377055,104.441063031452
4.72330199692662,104.399933577803
4.72540131685176,104.358427999276
4.7275107163305,104.316731876786
4.72962322082382,104.27498936685
4.73173761607383,104.233226632123
4.73385348504219,104.19145305535
4.73597061802141,104.149673661582
4.73808885338966,104.107892417256
4.74020805006868,104.066112810548
4.74232807798318,104.024338050837
4.74444881640147,103.982571107406
4.74657015462102,103.940814700431
4.74869199016511,103.899071340509
4.75081422844569,103.857343339087
4.75293678200717,103.81563282682
4.755059571072,103.773941746081
4.75718252266237,103.732271871231
4.75930556851443,103.690624852429
4.76142864714053,103.649002177783
4.76355170085275,103.607405234086
4.76567467736438,103.565835277707
4.76779752992066,103.524293434024
4.76992021465619,103.482780751108
4.77204269240288,103.441298166168
4.77416492574059,103.399846564794
4.7762868831766,103.358426700807
4.77840853318848,103.317039313908
4.78052984936044,103.275685030813
4.7826508057891,103.2343644559
4.78477138145072,103.193078087248
4.78689155534802,103.15182641208
4.78901130921122,103.110609855208
4.79113062647197,103.069428799723
4.79324949230196,103.028283587035
4.79536789309796,102.987174527579
4.79748581724591,102.946101886616
4.79960325323497,102.90506592141
4.80172019176235,102.864066840964
4.8038366249264,102.823104822103
4.80460038621108,102.808344532989
4.80495725921489,102.801464776407
4.80520516681764,102.796690398245
4.8054530744204,102.792079671019
4.80572810413165,102.787063269256
4.80710325268791,102.761960025717
4.80916903785385,102.724173269805
4.81124744613967,102.686121040909
4.81333959727533,102.647826666459
4.81543475849331,102.609493511428
4.8175314090549,102.571151518642
4.81962906933537,102.53281032376
4.82172755014247,102.494473968362
4.82382672685104,102.456145218132
4.82592649422569,102.417826431645
4.82802675635678,102.379519755816
4.83012742850116,102.341227097164
4.83222842890775,102.302950274169
4.83432968634104,102.264690883109
4.83643113331441,102.226450423709
4.83853270735508,102.188230278663
4.84063435347267,102.150031670801
4.84273602074645,102.111855727127
4.84483766119538,102.073703501348
4.84693923193367,102.0355759364
4.84904069430623,101.997473881649
4.85114201179905,101.959398132305
4.85324315318968,101.921349373661
4.85534408814559,101.883328262025
4.85744478978018,101.84533537966
4.85954523359393,101.807371254893
4.86164539770124,101.769436358986
4.8637452625147,101.731531112723
4.86584480989712,101.693655902539
4.86794402248127,101.655811093548
4.87004288699362,101.617996970227
4.87214138851351,101.580213840479
4.87423951669038,101.542461924299
4.8763372598916,101.504741459518
4.87843460917224,101.467052630983
4.88053155617981,101.429395608562
4.88262809234127,101.391770562204
4.8847242115589,101.354177613872
4.88681990837999,101.31661687066
4.88891517705239,101.279088442112
4.89101001272293,101.241592419004
4.8931044121386,101.204128860995
4.89519837178914,101.166697830104
4.89729188841076,101.129299381962
4.89938495929604,101.091933560421
4.90147758328115,101.05460038008
4.90356975748009,101.017299884749
4.90566148201478,100.98003206326
4.90775275500556,100.942796938818
4.90984357637732,100.905594501423
4.91193394481392,100.868424762112
4.91402386115151,100.831287692737
4.91611332469899,100.794183291422
4.91820233607614,100.757111532298
4.92029089504708,100.720072403978
4.92237900238342,100.683065876604
4.924466659138,100.646091914746
4.9265538654965,100.609150497853
4.92864062309002,100.572241579352
4.93072693267439,100.535365127726
4.93281279566542,100.498521099464
4.9348982125932,100.461709466371
4.93698318493303,100.424930183294
4.9390677152253,100.38818318599
4.9411518046912,100.351468433259
4.94323545329766,100.314785905873
4.94531866425319,100.27813552733
4.94740143781278,100.241517272884
4.94948377657538,100.204931076499
4.9515656819608,100.168376892693
4.95364715600125,100.131854665169
4.95572820026165,100.09536434574
4.95780881591374,100.058905893065
4.95988900549309,100.022479241827
4.96196877046375,99.9860843454066
4.96404811269078,99.9497211501592
4.96612703510422,99.9133895837678
4.96820553872497,99.8770896072756
4.97028362500878,99.8408211741748
4.97236129632904,99.8045842218959
4.97443855516308,99.7683786860318
4.97651540246336,99.7322045287956
4.97859184058562,99.6960616879953
4.98066787137093,99.6599501103756
4.98274349700124,99.6238697367893
4.98340699644227,99.6123534621795
4.98407049588331,99.6008632340514
4.98453054611379,99.5929002780426
4.98499059634428,99.5852770534545
4.98536659076474,99.5791336229812
4.98724656286704,99.5483877815614
4.98927093029342,99.5152119048494
4.99131849806711,99.4816527120895
4.99337262895279,99.4479982993455
4.99542902734028,99.4143224713782
4.99748676279196,99.3806415602398
4.99954554255629,99.3469609270687
5.00160521761497,99.3132834415013
5.00366567569009,99.2796113144295
5.00572681713331,99.2459465116762
5.00778855360716,99.2122907817984
5.00985080290732,99.1786457439641
5.01191348939621,99.1450128835916
5.01397654464495,99.1113935441416
5.01603990792723,99.0777889211673
5.01810352048517,99.044200157758
5.02016732971612,99.0106282782303
5.02223128941931,98.9770741856216
5.02429535512601,98.9435387392175
5.02635948721055,98.9100227054516
5.02842365043008,98.8765267665616
5.0304878116889,98.8430515580997
5.03255194066297,98.8095976599105
5.03461601129439,98.7761655728304
5.03667999909337,98.7427557633068
5.03874388140196,98.7093686600119
5.04080763868596,98.6760046336469
5.04287125200468,98.6426640385362
5.04493470537799,98.6093471750285
5.04699798399457,98.5760543189643
5.04906107456277,98.5427857165814
5.05112396518253,98.5095415870437
5.05318664455677,98.4763221355918
5.05524910265008,98.4431275433251
5.05731133161317,98.4099579526471
5.05937332327967,98.3768135078909
5.06143507112884,98.343694324098
5.0634965685325,98.3106005154233
5.065557810084,98.277532174061
5.06761879118191,98.2444893771207
5.06967950697554,98.2114722037696
5.07173995474947,98.1784806971973
5.07380013047575,98.1455149199965
5.07586003102734,98.112574918937
5.07791965473166,98.0796607161799
5.07997899924166,98.046772343466
5.08203806293585,98.0139098199033
5.08409684395737,97.9810731673801
5.08615534132005,97.9482623930194
5.08821355429404,97.9154774990462
5.09027148135733,97.8827184996019
5.09232912308369,97.8499853748173
5.09438647884268,97.8172781233697
5.09644354756176,97.784596750492
5.09850033110684,97.7519412142323
5.10055682769116,97.719311530192
5.10261303857604,97.686707665291
5.10466896459548,97.6541295928085
5.10672460538597,97.6215773047413
5.10877996158064,97.5890507770513
5.1108350333771,97.5565499923204
5.11288982272119,97.5240749052541
5.11494432928893,97.4916255062356
5.11699855416289,97.4592017633095
5.11905249881498,97.4268036381792
5.12110616381557,97.3944311066507
5.12315955071642,97.3620841289652
5.12521265881899,97.3297627007179
5.12726549053657,97.2974667684331
5.12931804742229,97.2651962920239
5.13137032980599,97.2329512506347
5.13342233961853,97.2007315982199
5.13547407744934,97.1685373097301
5.1375255446377,97.1363683483427
5.13957674184964,97.1042246877488
5.14162767133934,97.0721062767249
5.14367833338745,97.0400130949304
5.14572872938544,97.0079451046695
5.14777886040635,96.9759022731882
5.14982872952286,96.943884536468
5.15187833607435,96.9118918888258
5.1539276821785,96.8799242812831
5.155976768853,96.8479816819637
5.15802559708759,96.8160640594723
5.16007416885425,96.7841713671153
5.16212248575542,96.7523035639613
5.16417054901061,96.720460615091
5.16621835924756,96.6886424948329
5.16826591734634,96.6568491736213
5.17031322540848,96.6250806029143
5.17236028476453,96.5933367461479
5.17300101763165,96.5834154962446
5.17364175049877,96.5735163187602
5.17410558405919,96.56635350954
5.17456941761961,96.5595347062266
5.17497014846148,96.5537128588164
5.1769738026708,96.5245738760307
5.17896938361533,96.4954924177114
5.18099184334726,96.4660233204897
5.18301875414705,96.4365008752998
5.18504786805916,96.4069601757244
5.18707840677808,96.3774133194884
5.18911012966962,96.3478642673201
5.19114289301238,96.3183154751173
5.19317658165648,96.2887689385971
5.19521109487066,96.2592264111669
5.19724633992071,96.2296895017512
5.19928223315033,96.2001596619736
5.20131869706026,96.1706382308315
5.2033556620012,96.1411264122632
5.20539306364688,96.1116253136506
5.2074308441162,96.0821359313546
5.20946895027615,96.0526591768698
5.2115073327732,96.0231958923433
5.21354594870625,95.9937468132501
5.21558475749698,95.9643126292829
5.21762372323585,95.9348939516689
5.21966281217852,95.9054913502905
5.22170199613206,95.8761053058025
5.22374124569505,95.8467363079283
5.22578053705799,95.8173847583315
5.22781984899634,95.7880510144951
5.22985916056339,95.7587354236873
5.23189845302078,95.7294382958003
5.23393771110295,95.7001598856459
5.23597691953396,95.6709004434942
5.23801606517562,95.6416601847445
5.240055134569,95.6124393255499
5.24209411855678,95.5832380169229
5.24413300689741,95.5540564221995
5.24617179034413,95.5248946876781
5.24821046196683,95.4957529239041
5.25024901431119,95.4666312465528
5.25228744008774,95.4375297668561
5.25432573501781,95.4084485511079
5.25636389354619,95.3793876820392
5.25840191183226,95.3503472163964
5.26043978502057,95.3213272239516
5.26247751126298,95.2923277303657
5.26451508559746,95.2633488044335
5.26655250638013,95.2343904667472
5.26858977105493,95.2054527498474
5.27062687848169,95.1765356653277
5.27266382622408,95.1476392424073
5.27470061276841,95.1187634965474
5.27673723670269,95.0899084411106
5.2787736973908,95.0610740778901
5.28080999383572,95.0322604132709
5.28284612631403,95.003467435162
5.28488209279529,94.9746951636915
5.28691789381047,94.94594358244
5.28895352897337,94.9172126875548
5.29098899879193,94.888502462287
5.29302430216014,94.8598129123918
5.29505944024308,94.8311440113822
5.29709441287088,94.8024957513286
5.2991292205317,94.7738681148815
5.30116386313087,94.7452610927158
5.30319834116056,94.7166746671097
5.30523265489042,94.6881088233208
5.3072668053855,94.6595635353173
5.30930079307549,94.6310387858763
5.31133461753643,94.6025345696847
5.31336828064789,94.5740508490499
5.31540178258696,94.5455876100251
5.31743512403554,94.5171448315817
5.31946830629772,94.4887224839193
5.32150132998754,94.4603205468426
5.32353419584173,94.43193899843
5.32556690437991,94.4035778197604
5.32759945666882,94.3752369842511
5.32963185296312,94.3469164766197
5.33166409415572,94.3186162726822
5.33369618178572,94.2903363392214
5.33572811651703,94.2620766552001
5.33775989875388,94.2338372032193
5.33979153040832,94.2056179449116
5.34182301068326,94.1774188795411
5.34385434222231,94.1492399586365
5.34588552479197,94.1210811736026
5.34791656001945,94.092942490111
5.34994744828304,94.0648238911193
5.35197819058228,94.0367253510197
5.35400878857349,94.0086468351107
5.35603924155754,93.980588341295
5.35806955238846,93.9525498184019
5.36009972135093,93.9245312507183
5.36212974943031,93.8965326129465
5.36415963676113,93.8685538915344
5.36618938488659,93.840595053529
5.36821899431557,93.8126560802238
5.37024846666066,93.784736937757
5.37227780247822,93.7568376068144
5.37430700207782,93.7289580715275
5.37500186991917,93.7194246002427
5.37549067206656,93.71299991253
5.37597947421394,93.7067300492381
5.37796657772324,93.6812164948147
5.37994427774213,93.6557752914351
5.38194826345788,93.6299998846903
5.38395668270595,93.6041771351413
5.38596751215739,93.5783349814669
5.38797999746174,93.5524837779174
5.38999389261092,93.5266271035136
5.39200904305005,93.500767283452
5.39402532260984,93.4749062382944
5.39604261961278,93.4490456720535
5.39806082871825,93.423187180769
5.40007985850101,93.3973321580113
5.40209962362334,93.3714818972761
5.40412004542457,93.3456375866026
5.40614105261022,93.3198003015321
5.40816258310818,93.2939709830119
5.41018457602272,93.2681505418225
5.41220698012587,93.2423397515871
5.41422974593499,93.2165393510884
5.4162528293752,93.1907499988354
5.41827619095512,93.1649722845607
5.42029979487092,93.1392067416477
5.42232360770701,93.1134538645986
5.42434760065817,93.0877140815547
5.4263717470324,93.0619877867825
5.42839602280882,93.0362753343005
5.43042040592596,93.0105770475182
5.43244487613703,92.9848932216316
5.43446941590823,92.9592241127107
5.43649400888197,92.9335699576463
5.43851864111294,92.9079309589186
5.44054329790209,92.8823073250762
5.44256796850646,92.8566992114575
5.44459264291239,92.8311067612726
5.44661731156527,92.805530109387
5.44864196532178,92.7799693831694
5.45066659613625,92.7544246940282
5.45269119780691,92.7288961281787
5.4547157645654,92.7033837646378
5.45674029057958,92.6778876816995
5.45876477029754,92.6524079527459
5.46078919955904,92.6269446323646
5.4628135746262,92.6014977686639
5.46483789243364,92.5760674002711
5.46686214985082,92.55065356571
5.46888634386588,92.5252563011911
5.4709104723242,92.4998756314091
5.4729345331654,92.4745115791847
5.47495852501789,92.4491641580962
5.47698244686623,92.4238333767079
5.47900629425203,92.3985192862147
5.4810300702056,92.3732218436764
5.48305377123925,92.3479410871528
5.48507739678176,92.3226770180302
5.48710094653296,92.2974296339117
5.48912442086918,92.2721989236636
5.49114781833664,92.2469848987335
5.49317113886703,92.2217875530968
5.49519438180325,92.1966068878228
5.49721754759541,92.1714428900123
5.49924063589521,92.1462955565189
5.50126364782343,92.1211648657955
5.50328658231183,92.0960508233585
5.50530944031972,92.0709534094616
5.50733222095628,92.0458726271824
5.5093549262977,92.0208084427252
5.51137755543485,91.9957608591847
5.51340010885974,91.9707298622862
5.51542258648699,91.9457154448057
5.51744498999444,91.9207175776485
5.51946731836803,91.8957362649443
5.52148957308343,91.870771480057
5.52351175447503,91.8458232103647
5.52553386375612,91.8208914323977
5.52755589970162,91.795976152738
5.52957786467965,91.7710773336775
5.53159975810382,91.7461949738319
5.53362158036429,91.7213290598389
5.53564333336503,91.6964795596668
5.53766501616265,91.6716464762801
5.53968663044417,91.64682978036
5.54170817619821,91.6220294633958
5.54372965587765,91.5972454866642
5.54575106740096,91.5724778670439
5.54777241331954,91.5477265646896
5.54979369348237,91.5229915727801
5.55181490884449,91.4982728710171
5.55383606029481,91.4735704398983
5.55585714714498,91.4488842792263
5.55787817133275,91.4242143567334
5.5598991333985,91.3995606571829
5.5619200348798,91.3749231532185
5.56394087421443,91.3503018553053
5.56596165286804,91.3256967370464
5.56798237290319,91.3011077647148
5.57000303358481,91.276534938675
5.57202363588718,91.2519782385611
5.57404418068681,91.2274376451698
5.57606466779274,91.2029131522905
5.57808509911852,91.1784047281817
5.58010547517757,91.1539123580811
5.5821257961836,91.1294360309177
5.58414606286411,91.1049757294098
5.58616627585213,91.0805314374223
5.58818643643333,91.0561031309377
5.59020654342694,91.0316908157933
5.59222659848105,91.0072944636662
5.59424660376087,90.982914039942
5.59626655938772,90.9585495347295
5.59828646458303,90.9342009490696
5.6003063214274,90.9098682495289
5.60232612889775,90.8855514400484
5.60434588957802,90.8612504811856
5.60636560331407,90.8369653664217
5.60838527031711,90.8126960849213
5.61040489179198,90.7884426139018
5.61242446858806,90.764204934852
5.61444400037277,90.7399830434879
5.61646348857349,90.7157769144347
5.618482934143,90.6915865279951
5.620502336105,90.6674118876311
5.6225216971644,90.6432529527489
5.62454101712916,90.6191097173924
5.62656029568533,90.5949821771464
5.62857953506653,90.5708702971399
5.63059873425991,90.5467740812694
5.63261789641313,90.5226934838276
5.63463701965553,90.4986285189504
5.63665610517356,90.4745791644194
5.63867515509946,90.4505453866885
5.64069416878949,90.4265271852979
5.6427131465412,90.4025245486555
5.6447320895703,90.3785374542301
5.64675099858566,90.3545658855182
5.64876987450672,90.3306098235504
5.6507887169095,90.3066692653287
5.6528075281621,90.2827441747581
5.65482630641975,90.2588345656774
5.6568450539152,90.2349404036846
5.65886377067754,90.2110616804138
5.66088245923398,90.187198357999
5.66290111645102,90.1633504655239
5.66491974699699,90.1395179399422
5.66693834947665,90.115700789727
5.66895692378897,90.091899008214
5.67097547224661,90.0681125602304
5.67299399350602,90.0443414536953
5.67501248994763,90.0205856527236
5.67703096114802,89.9968451544026
5.67904940865599,89.9731199326818
5.68106783093921,89.9494099977329
5.68308623154077,89.9257153001268
5.68510461035065,89.9020358332878
5.68712296600363,89.8783716054795
5.68914130102049,89.8547225793878
5.69115961495279,89.8310887524562
5.69317790765399,89.8074701186648
5.69519618141571,89.7838666434385
5.69721443590901,89.7602783228526
5.69923267289199,89.7367051286484
5.70125089141754,89.7131470641711
5.70326909382334,89.6896040944584
5.70528727961913,89.6660762175224
5.70730545033865,89.642563407837
5.70932360505145,89.6190656685854
5.71134174476602,89.5955829804107
5.71335987065713,89.5721153219906
5.71537798261915,89.5486626869238
5.71739608131045,89.5252250599639
5.7194141681071,89.5018024175218
5.72143224357584,89.478394745423
5.72345030593941,89.4550020567352
5.72546835908895,89.4316242988104
5.72748640086347,89.4082614890822
5.72950443471406,89.3849135800994
5.73152245898171,89.3615805834976
5.73354047512454,89.3382624749557
5.73555848339782,89.3149592440115
5.7375764840012,89.2916708808837
5.73959447698434,89.2683973775311
5.74161246484444,89.245138697677
5.74363044781983,89.2218948310882
5.74564842471315,89.1986657841517
5.74766639761192,89.1754515254378
5.7496843664967,89.1522520477247
5.75170233266429,89.1290673287103
5.75372029475204,89.1058973766626
5.75573825591069,89.0827421480436
5.7577562150068,89.0596016484516
5.75977417288843,89.0364758608456
5.76179212985177,89.0133647744815
5.7638100874725,88.9902683639759
5.76582804546785,88.9671866252329
5.76784600440475,88.9441195444808
5.76986396501985,88.9210671059997
5.77188192738097,88.8980293017272
5.77389989275272,88.875006109953
5.77591786139034,88.8519975204895
5.77793583244235,88.8290035358091
5.77995380982844,88.8060241040042
5.78197179046505,88.7830592529205
5.78398977798434,88.760108934062
5.78600777154507,88.7371731497417
5.78802577014127,88.7142519042473
5.7900437766407,88.6913451578293
5.79206179102393,88.6684529034883
5.79407981334248,88.6455751335025
5.79609784378086,88.6227118386463
5.79811588465719,88.59986298551
5.80013393395842,88.577028589746
5.80215199472694,88.5542086098486
5.80417006531588,88.5314030573023
5.80618814816939,88.5086118974251
5.80820624237359,88.4858351334303
5.81022434933935,88.4630727423496
5.81224246911095,88.4403247166111
5.81426060158859,88.4175910503057
5.81627874896119,88.3948717117337
5.81829691045845,88.3721667025174
5.82031508787052,88.3494759955245
5.82233327986778,88.3267995986936
5.82435148765029,88.3041374915781
5.82636971233295,88.281489654649
5.82838795376616,88.2588560826032
5.83040621318666,88.2362367546185
5.83242449010487,88.2136316692243
5.83444278554808,88.1910408079883
5.8364610991039,88.1684641685852
5.83847943328039,88.1459017160349
5.84049778741131,88.1233534508446
5.84251616251577,88.100819354758
5.84453455819539,88.078299425335
5.84655297705744,88.0557936266127
5.84857141705672,88.033301974514
5.85058988003186,88.010824441741
5.85260836565517,87.9883610250726
5.85462687554253,87.965911699696
5.85664540911859,87.9434764651715
5.85866396698691,87.9210553079961
5.86068255083074,87.8986482026532
5.86270115946785,87.8762551554622
5.86471979428379,87.8538761442948
5.86673845581711,87.8315111563829
5.86875714453499,87.8091601797859
5.87077586124034,87.7868231988613
5.87279460590461,87.7645002071837
5.87481337938385,87.7421911885646
5.87683218216982,87.7198961308418
5.87885101466183,87.6976150228971
5.88086987625488,87.6753478647164
5.8828887685107,87.6530946323877
5.8849076916934,87.6308553162885
5.88692664737526,87.6086298924228
5.88894563415874,87.5864183695109
5.89096465354438,87.5642207244223
5.89298370642711,87.5420369406476
5.89500279231483,87.5198670169624
5.89702191306783,87.4977109263288
5.89904106852735,87.4755686638597
5.9010602581764,87.4534402286498
5.90307948330016,87.4313256000325
5.90509874517732,87.4092247573945
5.90711804218385,87.3871377119405
5.90913737614846,87.3650644371319
5.9111567478039,87.3430049183683
5.91317615645623,87.3209591566885
5.91519560298314,87.2989271359904
5.91721508816808,87.2769088411801
5.91923461239765,87.2549042615144
5.92125417701473,87.2329133758486
5.92327378144879,87.2109361838935
5.92529342685341,87.1889726666285
5.92731311310128,87.1670228189532
5.92933284163125,87.1450866187689
5.93135261178513,87.1231640667593
5.93337242520134,87.1012551387098
5.93539228026093,87.0793598457358
5.93741217906209,87.0574781586854
5.9394321210604,87.0356100770012
5.94145210782089,87.013755577334
5.94347214038191,86.9919146420224
5.94549221789526,86.9700872738539
5.94751234137709,86.9482734554946
5.94953251072239,86.9264731816984
5.95155272595151,86.9046864458907
5.95357298916641,86.8829132190359
5.95559329913326,86.8611535080629
5.95761365675888,86.8394072968942
5.95963406286635,86.8176745703214
5.96165451758898,86.7959553205802
5.96367502153261,86.7742495348482
5.96569557498825,86.7525572036912
5.9677161793816,86.7308783055033
5.96973683422412,86.7092128392335
5.97175753971333,86.6875607965111
5.97377829838202,86.66592214392
5.97579910785108,86.6442969006661
5.9778199697065,86.6226850435771
5.97984088497866,86.601086555361
5.98186185273921,86.5795014397059
5.98388287478808,86.5579296711795
5.98590395051122,86.5363712501007
5.98792508163146,86.5148261518981
5.98994626793402,86.4932943726489
5.99196750985426,86.471775901547
5.99398880704939,86.4502707360705
5.99601016041485,86.4287788605278
5.99803157133888,86.4073002539745
6.00005303944901,86.385834914206
6.00207456534055,86.3643828287762
6.00409614840965,86.3429439979609
6.0061177907279,86.3215183936649
6.00813949264301,86.3001060060532
6.01016125425499,86.2787068279709
6.012183074369,86.257320865987
6.01420495562182,86.2359480861258
6.01622689760993,86.2145884865282
6.01824890082548,86.1932420559393
6.02027096532802,86.1719087876657
6.02229309212997,86.1505886649683
6.02431528145681,86.1292816794097
6.02633753351735,86.1079878227549
6.02835984925309,86.0867070790576
6.03038222854545,86.0654394435362
6.03240467178508,86.0441849060767
6.03442717997856,86.0229434500864
6.03644975310875,86.0017150697379
6.03847239066468,85.9804997644164
6.0404950948297,85.9592975052346
6.04251786421013,85.9381083008001
6.04454070045616,85.9169321278793
6.04656360397096,85.8957689762636
6.04858657510911,85.8746188362942
6.05060961505157,85.8534816896824
6.05263272259998,85.8323575430187
6.05465589872299,85.8112463802895
6.05667914394765,85.7901481900582
6.05870245873584,85.769062961591
6.06072584373867,85.7479906821958
6.06274929971728,85.7269313380476
6.06477282527548,85.7058849378005
6.06679642258527,85.6848514530015
6.06882009116061,85.6638308827989
6.07084383107249,85.6428232206074
6.07286764498503,85.6218284329022
6.07489153034721,85.6008465402823
6.07691548976204,85.5798775099633
6.07893952420918,85.5589213259212
6.08096363015149,85.5379780189812
6.08298781170966,85.5170475407305
6.08501206800457,85.4961298943814
6.08703639998698,85.4752250643322
6.08906080743933,85.4543330470356
6.09108529066918,85.4334538335449
6.09310985155994,85.4125873986493
6.09513448931366,85.3917337447919
6.09715920436337,85.3708928617817
6.09918399552986,85.3500647560107
6.10120886492707,85.3292493999893
6.10323381268014,85.3084467866487
6.10525884036688,85.287656894044
6.10728394826283,85.2668797136136
6.10930913428806,85.2461152610137
6.11133440102928,85.225363504042
6.11335974788196,85.2046244431517
6.11538517558029,85.1838980651454
6.11741068602852,85.1631843448361
6.11943627719302,85.1424832973412
6.12146195030912,85.1217949044076
6.1234877053604,85.1011191605191
6.12551354343318,85.0804560489271
6.1275394644512,85.0598055647471
6.12956546962874,85.0391676899624
6.13159155873122,85.0185424213206
6.13361773210279,84.9979297497066
6.13564399065188,84.9773296602571
6.13767033417978,84.9567421493768
6.1396967621486,84.9361672169412
6.14172327704272,84.915604832122
6.14374987808532,84.8950549971795
6.14577656443198,84.8745177151231
6.14780333826997,84.8539929582112
6.14983020019447,84.8334807148067
6.15185714950123,84.8129809864838
6.15388418665364,84.792493763022
6.15591131265507,84.772019028722
6.15793852822374,84.7515567707757
6.15996583359752,84.7311069812522
6.16199322777536,84.7106696647427
6.16402071145406,84.6902448087217
6.16604828725282,84.6698323812622
6.16807595316432,84.6494323970495
6.17010371146167,84.6290448277553
6.17213156120277,84.6086696773435
6.17415950221079,84.5883069421389
6.17618753516911,84.5679566098032
6.17821566103097,84.5476186652817
6.18024387949189,84.527293106153
6.18227219118612,84.5069799206104
6.18430059725183,84.4866790917913
6.18632909838951,84.4663906072307
6.18835769399489,84.4461144675495
6.19038638398128,84.425850668212
6.19241516998726,84.4055991874263
6.19444405131121,84.3853600267655
6.19647302887405,84.3651331716517
6.19850210220386,84.3449186213816
6.20053127279341,84.3247163556919
6.20256053975991,84.3045263779688
6.20458990420626,84.2843486718698
6.20661936745225,84.2641832188749
6.20864892881244,84.2440300204233
6.21067858826616,84.2238890713852
6.21270834632359,84.2037603613443
6.21473820509887,84.1836438639686
6.2167681634221,84.1635395854983
6.21879822120716,84.1434475214897
6.22082838105578,84.1233676408584
6.22285864082337,84.1032999594794
6.22488900156772,84.0832444616259
6.22691946305613,84.0632011442719
6.22895002628257,84.0431699922992
6.2309806920346,84.0231509926219
6.23301146097758,84.0031441333843
6.23504233200013,83.9831494202632
6.23707330669074,83.9631668323606
6.23910438453997,83.9431963693999
6.24113556829333,83.923237999125
6.24316685454531,83.9032917497343
6.24519824585052,83.8833575909429
6.24722974256607,83.8634355139571
6.24926134393644,83.843525520956
6.25129305200007,83.8236275867393
6.25332486586839,83.803741714766
6.25535678555724,83.7838678996881
6.25738881325009,83.7640061149286
6.2594209479121,83.7441563653785
6.26145318884065,83.7243186527359
6.26348553884968,83.7044929443348
6.26551799685559,83.6846792455252
6.26755056375914,83.6648775423736
6.26958324000776,83.6450878253417
6.27161602442511,83.6253101007259
6.27364891960206,83.6055443381663
6.27568192350163,83.5857905522885
6.27771503817806,83.5660487180106
6.27974826404744,83.5463188261171
6.28178160005076,83.5266008817596
6.28381504841379,83.5068948582359
6.28584860669406,83.4872007740755
6.28788227825579,83.4675185916017
6.28991606161666,83.4478483200051
6.2919499573422,83.4281899487408
6.29398396575755,83.4085434695559
6.29601808771948,83.3889088690712
6.29805232373381,83.369286137305
6.30008667484054,83.3496752591427
6.30212113999609,83.330076239577
6.304155720218,83.3104890637619
6.30619041433123,83.2909137379427
6.30822522391936,83.271350241835
6.31026015006396,83.2517985599555
6.31229519091252,83.2322587050596
6.31433035021436,83.2127306361224
6.31636562453403,83.1932143810439
6.31840101604395,83.1737099140153
6.32043652591193,83.1542172187797
6.32247215376051,83.1347362939321
6.32450790017472,83.1152671288846
6.32654376331103,83.0958097362759
6.32857974650666,83.0763640792224
6.33061584875731,83.0569301622784
6.33265206964967,83.0375079844335
6.3346884106331,83.0180975268825
6.33672487219197,82.9986987800109
6.33876145287173,82.9793117527143
6.34079815493765,82.9599364184768
6.34283497802766,82.9405727757517
6.34487192270179,82.9212208142749
6.34690899017282,82.9018805175733
6.34894617865209,82.8825518976937
6.35098348998775,82.8632349321924
6.35302092407753,82.8439296170834
6.35505848206109,82.8246359366504
6.35709616273934,82.8053538973313
6.35913396556371,82.7860834994312
6.36117189285404,82.7668247160903
6.36320994457425,82.7475775427065
6.36524812110664,82.72834197078
6.36728642195079,82.7091180001478
6.36932484811484,82.6899056164217
6.37136340053555,82.6707048058743
6.37340207999027,82.6515155563042
6.37544088453667,82.6323378811432
6.37747981694581,82.6131717494883
6.3795188750939,82.5940171764207
6.38155805934667,82.5748741536865
6.38359737276899,82.5557426476367
6.38563681387403,82.5366226673465
6.38767638368276,82.5175141984444
6.38971608162573,82.4984172414343
6.39175590860991,82.4793317830118
6.39379586413009,82.4602578230773
6.39583594982991,82.4411953414511
6.39787616395766,82.422144349681
6.39991650832148,82.4031048260974
6.40195698342918,82.3840767611298
6.40399758904693,82.3650601521675
6.40603832658491,82.3460549812872
6.408079195042,82.327061253026
6.4101201961044,82.3080789469331
6.41216132904882,82.289108064954
6.4142025941398,82.2701485998867
6.41624399132437,82.2512005474633
6.41828552145181,82.2322638950417
6.42032718458032,82.213338637319
6.42236898172122,82.194424760174
6.42441091222938,82.1755222648379
6.42645297614558,82.1566311462124
6.42849517604804,82.1377513757022
6.43053751063211,82.1188829606232
6.43257997862884,82.1000259080207
6.43462258374067,82.0811801789949
6.43666532432133,82.0623457839837
6.43870820047046,82.0435227174048
6.44075121244059,82.0247109722323
6.44279436023177,82.0059105437643
6.44483764732811,81.9871213952332
6.44688107107684,81.9683435463275
6.44892463194538,81.9495769881321
6.45096832989458,81.9308217163265
6.45301216579532,81.9120777182408
6.45505614152743,81.8933449719482
6.45710025612633,81.8746234816227
6.4591445091486,81.8559132467071
6.46118890204114,81.837214249315
6.46323343471116,81.8185264856359
6.46527810686575,81.7998499537213
6.46732291876638,81.7811846465553
6.46936787235094,81.762530541806
6.47141296589953,81.7438876505272
6.47345820034664,81.7252559596092
6.47550357733332,81.7066354494665
6.47754909578072,81.6880261253037
6.47959475583084,81.669427981252
6.48164055866529,81.6508410019643
6.48368650420481,81.6322651835544
6.48573259252669,81.6137005207411
6.48777882498408,81.5951469966623
6.48982520072208,81.5766046144857
6.49187172081281,81.5580733599417
6.49391838375495,81.5395532420536
6.4959651921431,81.5210442327876
6.49801214376854,81.5025463475305
6.50005924021014,81.4840595674824
6.5021064839958,81.4655838652243
6.50415387296316,81.4471192557163
6.50620140781855,81.4286657280957
6.50824908870401,81.4102232765398
6.51029691661938,81.3917918875096
6.512344890939,81.3733715621055
6.51439301220331,81.3549622909575
6.51644127966545,81.3365640762565
6.51848969578457,81.3181768913952
6.5205382606567,81.2998007309718
6.52258697359847,81.2814355966341
6.52463583358386,81.2630814931061
6.52668484337878,81.2447383911121
6.52873400245957,81.2264062908136
6.53078331086316,81.2080851874157
6.53283276966769,81.1897750668034
6.53488237771787,81.1714759348226
6.53693213468615,81.1531877899477
6.53898204403317,81.1349105968161
6.54103210372064,81.1166443691062
6.54308231513121,81.09838909008
6.54513267795205,81.0801447580615
6.54718319159747,81.0619113738294
6.5492338587893,81.0436889087348
6.55128467664576,81.0254773839285
6.55333564894418,81.0072767614638
6.55538677214528,80.9890870682875
6.55743804921293,80.9709082737305
6.55948947944666,80.9527403795375
6.56154106408577,80.934583370328
6.56359280296998,80.9164372431026
6.56564469545047,80.8983019992095
6.56769674177971,80.8801776320241
6.56974894301452,80.8620641277988
6.57180129998162,80.8439614748228
6.57385381241155,80.8258696710826
6.57590648063548,80.8077887092878
6.57795930530404,80.7897185793274
6.58001228563263,80.7716592837355
6.58206542248397,80.7536108105624
6.58411871691177,80.7355731461627
6.58617216827299,80.7175462918203
6.58822577631786,80.6995302453884
6.59027954282857,80.6815249868735
6.59233346805804,80.6635305096886
6.59438755065861,80.6455468213137
6.59644179294743,80.6275738971372
6.59849619335682,80.6096117465202
6.60055075308651,80.5916603546657
6.60260547070999,80.5737197296997
6.60466034913969,80.5557898418707
6.60671538556175,80.5378707113825
6.60877058387145,80.5199622999757
6.61082594227544,80.5020646189236
6.61288146162276,80.4841776565615
6.61493714192692,80.4663014084641
6.61699298240289,80.448435877167
6.61904898468515,80.4305810441716
6.62110514943218,80.412736899442
6.62316147634988,80.3949034412477
6.62521796516869,80.3770806676611
6.62727461669383,80.3592685674292
6.6293314305684,80.3414671393607
6.63138840796525,80.3236763690354
6.63344554939456,80.3058962477613
6.63550285339771,80.2881267838936
6.63756032290418,80.2703679478833
6.63961795620364,80.2526197502151
6.64167575400702,80.2348821805407
6.64373371670731,80.2171552312197
6.64579184563206,80.1994388865712
6.64785013860344,80.1817331611099
6.64990859816664,80.1640380287335
6.6519672230839,80.1463534958269
6.65402601426981,80.1286795503288
6.65608497165245,80.1110161886259
6.6581440960105,80.093363399823
6.66020338647173,80.0757211871821
6.66226284453954,80.0580895336209
6.66432246956413,80.0404684404806
6.666382263199,80.0228578894194
6.66844222428075,80.0052578861774
6.67050235478746,79.9876684096776
6.67256265317052,79.9700894689432
6.6746231208485,79.9525210477098
6.67668375553585,79.9349631612765
6.67874456101442,79.91741577325
6.68080553578041,79.8998788922165
6.682866680625,79.8823525073035
6.6849279956738,79.8648366132731
6.68698948235033,79.847331193869
6.68905113977712,79.8298362523861
6.69111296735928,79.8123517897486
6.69317496568698,79.7948777968082
6.69523713671573,79.7774142528277
6.69729947856267,79.7599611696007
6.69936199326106,79.7425185258075
6.70142467912689,79.7250863315401
6.70348753857423,79.7076645622824
6.70555056957928,79.6902532309803
6.70761377381681,79.6728523193989
6.70967715196893,79.6554618176403
6.71174070262891,79.6380817334507
6.71380442749769,79.6207120484072
6.71586832589934,79.6033527640709
6.71793239911069,79.5860038656058
6.7199966472777,79.5686653476732
6.72206107062993,79.551337204258
6.72412567029139,79.5340194218396
6.72619044392484,79.5167120159451
6.72825539241613,79.4994149750947
6.73032051836475,79.4821282734009
6.73238581881975,79.4648519314723
6.73445129691591,79.4475859190442
6.73651695306578,79.430330228561
6.73858278479091,79.4130848766879
6.74064879269275,79.3958498543779
6.74271498054742,79.3786251260391
6.74478134311444,79.3614107312857
6.74684788475482,79.3442066297883
6.74704633271792,79.3425571977114
6.747046332718,79.3425571977107
6.74704633271806,79.3425571977107
6.74911305434387,79.3425571977107
6.75117977596968,79.3425571977107
6.7553132192213,79.3425571977107
6.75947076647993,79.3425571977107
6.76363408268615,79.3425571977107
6.7678047919951,79.3425571977107
6.771983378877,79.3425571977107
6.77617024386136,79.3425571977107
6.78036576431652,79.3425571977107
6.78457032080649,79.3425571977107
6.78878428528098,79.3425571977107
6.79300801569794,79.3425571977107
6.79724187398342,79.3425571977107
6.80148621155272,79.3425571977107
6.80574138098229,79.3425571977107
6.81000772585695,79.3425571977107
6.81428558713976,79.3425571977107
6.81857530421607,79.3425571977107
6.82287720699731,79.3425571977107
6.82719162458579,79.3425571977107
6.83151888348088,79.3425571977107
6.83585931147519,79.3425571977107
6.84021322613631,79.3425571977107
6.8445809459142,79.3425571977107
6.84896279282744,79.3425571977107
6.85335907502357,79.3425571977107
6.85777010321234,79.3425571977107
6.86219618883357,79.3425571977107
6.86663764530839,79.3425571977107
6.87109478137189,79.3425571977107
6.87556790249245,79.3425571977107
6.8800573102951,79.3425571977107
6.88456331170803,79.3425571977107
6.88908621744353,79.3425571977107
6.89362632655325,79.3425571977107
6.89818394245712,79.3425571977107
6.90275937090262,79.3425571977107
6.90735291611028,79.3425571977107
6.91196488123389,79.3425571977107
6.91659557235878,79.3425571977107
6.92124529134148,79.3425571977107
6.92591434497239,79.3425571977107
6.93060303871966,79.3425571977107
6.93531168720049,79.3425571977107
6.94004059110593,79.3425571977107
6.94479006828385,79.3425571977107
6.94956042170566,79.3425571977107
6.95435196784863,79.3425571977107
6.95916501846989,79.3425571977107
6.96399989466174,79.3425571977107
6.96885690616448,79.3425571977107
6.9737363822078,79.3425571977107
6.9786386389347,79.3425571977107
6.98356400531015,79.3425571977107
6.9885128095683,79.3425571977107
6.99348538228512,79.3425571977107
6.99848205132349,79.3425571977107
7.00350315467371,79.3425571977107
7.00854902751411,79.3425571977107
7.01362001904527,79.3425571977107
7.01871647158627,79.3425571977107
7.02383873277755,79.3425571977107
7.02898715607731,79.3425571977107
7.03416209880261,79.3425571977107
7.03936391775964,79.3425571977107
7.04459297667928,79.3425571977107
7.04984965159885,79.3425571977107
7.05513431255784,79.3425571977107
7.0604473370838,79.3425571977107
7.06578910445301,79.3425571977107
7.07116000081361,79.3425571977107
7.0765604275843,79.3425571977107
7.08199077573091,79.3425571977107
7.08745145161996,79.3425571977107
7.09294285509529,79.3425571977107
7.09846541769123,79.3425571977107
7.10401954421099,79.3425571977107
7.10960566626055,79.3425571977107
7.11522421864874,79.3425571977107
7.12087563575141,79.3425571977107
7.12656036553761,79.3425571977107
7.13227886305858,79.3425571977107
7.13803158574131,79.3425571977107
7.14381900716406,79.3425571977107
7.14964159325899,79.3425571977107
7.15549983466157,79.3425571977107
7.16139421408093,79.3425571977107
7.16732523817305,79.3425571977107
7.17329341453848,79.3425571977107
7.17929925790248,79.3425571977107
7.18534329482039,79.3425571977107
7.19142605422606,79.3425571977107
7.19754809142836,79.3425571977107
7.20370995773983,79.3425571977107
7.20991220955043,79.3425571977107
7.21615543449415,79.3425571977107
7.22244020310457,79.3425571977107
7.22876711632678,79.3425571977107
7.23513678660585,79.3425571977107
7.2415498267099,79.3425571977107
7.24800687657568,79.3425571977107
7.25450857358962,79.3425571977107
7.26105558661608,79.3425571977107
7.2676485875274,79.3425571977107
7.27428824373261,79.3425571977107
7.2809761749644,79.3425571977107
7.28771777188597,79.3425571977107
7.29451387632231,79.3425571977107
7.30136539879801,79.3425571977107
7.30827326176953,79.3425571977107
7.31523839950389,79.3425571977107
7.32226179721892,79.3425571977107
7.32934444188285,79.3425571977107
7.3364873650328,79.3425571977107
7.3436915891924,79.3425571977107
7.3509581893678,79.3425571977107
7.35828825024505,79.3425571977107
7.36568290443924,79.3425571977107
7.37314329877082,79.3425571977107
7.38067060934381,79.3425571977107
7.38826606643731,79.3425571977107
7.39593088014996,79.3425571977107
7.40366633486574,79.3425571977107
7.41147372357816,79.3425571977107
7.41935441791253,79.3425571977107
7.42730978320788,79.3425571977107
7.43534122764499,79.3425571977107
7.44345023374146,79.3425571977107
7.45163827605251,79.3425571977107
7.45990689048293,79.3425571977107
7.46825766360715,79.3425571977107
7.47669222114291,79.3425571977107
7.48521224494696,79.3425571977107
7.49381945607823,79.3425571977107
7.50251564025911,79.3425571977107
7.51130262425389,79.3425571977107
7.52018229381401,79.3425571977107
7.52915656514637,79.3425571977107
7.53822745306924,79.3425571977107
7.54739703672135,79.3425571977107
7.55666743708535,79.3425571977107
7.56604084747281,79.3425571977107
7.57551954866712,79.3425571977107
7.58510589372194,79.3425571977107
7.59480228069742,79.3425571977107
7.60461121456989,79.3425571977107
7.61453529466123,79.3425571977107
7.62457719482792,79.3425571977107
7.63473969085105,79.3425571977107
7.64502563347533,79.3425571977107
7.6554379757643,79.3425571977107
7.66597981749995,79.3425571977107
7.67665435352778,79.3425571977107
7.68746484172799,79.3425571977107
7.69841474628227,79.3425571977107
7.70950761058835,79.3425571977107
7.72074712536729,79.3425571977107
7.73213708662348,79.3425571977107
7.74368150809553,79.3425571977107
7.75538453060941,79.3425571977107
7.7672504656076,79.3425571977107
7.77928379004548,79.3425571977107
7.7914891669324,79.3425571977107
7.80387144747818,79.3425571977107
7.81643572728043,79.3425571977107
7.82918729412973,79.3425571977107
7.84213163387569,79.3425571977107
7.85527453255963,79.3425571977107
7.8686220037279,79.3425571977107
7.88218031263189,79.3425571977107
7.89595608351578,79.3425571977107
7.90995617969707,79.3425571977107
7.92418787022567,79.3425571977107
7.93865868421739,79.3425571977107
7.95337663419093,79.3425571977107
7.96835002496575,79.3425571977107
7.983587613593,79.3425571977107
7.99909864111297,79.3425571977107
8.01489283699749,79.3425571977107
8.03098041769356,79.3425571977107
8.04737215720838,79.3425571977107
8.06407944304111,79.3425571977107
8.0811143667224,79.3425571977107
8.09848959753522,79.3425571977107
8.11621858489544,79.3425571977107
8.13431568915122,79.3425571977107
8.1527959997427,79.3425571977107
8.17167564880662,79.3425571977107
8.19097166002034,79.3425571977107
8.21070232551878,79.3425571977107
8.23088706407249,79.3425571977107
8.25154658425058,79.3425571977107
8.27270307870812,79.3425571977107
8.29438017178662,79.3425571977107
8.31660354248073,79.3425571977107
8.33940038927761,79.3425571977107
8.36280015249811,79.3425571977107
8.38683461333332,79.3425571977107
8.4115378787546,79.3425571977107
8.43694699300984,79.3425571977107
8.46310215815696,79.3425571977107
8.49004702933244,79.3425571977107
8.51782895399891,79.3425571977107
8.54649981488707,79.3425571977107
8.57611636427355,79.3425571977107
8.60674071281452,79.3425571977107
8.63844130013245,79.3425571977107
8.67129372800729,79.3425571977107
8.70538145394709,79.3425571977107
8.74079739034647,79.3425571977107
8.77764498085444,79.3425571977107
8.81604016572657,79.3425571977107
8.85611258439939,79.3425571977107
8.89800926098185,79.3425571977107
8.94189682135089,79.3425571977107
8.98796482147613,79.3425571977107
9.03643113154741,79.3425571977107
9.08754652546889,79.3425571977107
9.14160225403407,79.3425571977107
9.19893942889191,79.3425571977107
9.25995941741436,79.3425571977107
9.32514054121167,79.3425571977107
9.39505672494609,79.3425571977107
9.47040580193994,79.3425571977107
9.55204601094576,79.3425571977107
9.64104834504113,79.3425571977107
9.73876887496309,79.3425571977107
9.84696326080233,79.3425571977107
9.96795097787049,79.3425571977107
10,79.3425571977107
