Slip_Ratio,Tractive_Force_N
0,0
-9.56906824024601e-10,-6.13171848097793e-05
-5.74137152231008e-09,-0.000367898660408996
-2.96618768410424e-08,-0.00190068953253707
-1.49208614375954e-07,-0.00956106900833378
-7.44252588752944e-07,-0.0476906130286486
-1.89016410156234e-06,-0.121118932983961
-2.68519754836467e-06,-0.172063493005463
-3.42603970413269e-06,-0.219535542362325
-4.02525417526672e-06,-0.257932289265509
-4.53117054846361e-06,-0.290350623088247
-4.95804406415829e-06,-0.31770399968797
-5.31072269841443e-06,-0.340303071724675
-5.59111424570656e-06,-0.358270089676191
-5.79985175283188e-06,-0.371645620324426
-5.93691348998439e-06,-0.380428273534167
-6.00191433028752e-06,-0.384593373369598
-5.99425774991153e-06,-0.38410269798108
-5.91321766792735e-06,-0.378909723723097
-5.75798011409483e-06,-0.368962295102799
-5.52765867088274e-06,-0.354203614217184
-5.22128991465861e-06,-0.334571948563545
-4.83781060481459e-06,-0.309999169281096
-4.37601498157357e-06,-0.280408014781932
-3.83448697734811e-06,-0.245707746873974
-3.21149721224302e-06,-0.205787550296294
-2.50484647879513e-06,-0.160506503352899
-1.70694029340587e-06,-0.109377962991214
-8.07793374096904e-07,-0.0517620867850839
2.0067620720785e-07,0.0128590052745238
1.33002931740452e-06,0.0852261200851946
2.59835055031269e-06,0.166498097592453
4.03825279352326e-06,0.258764732725383
5.72418856619056e-06,0.366796848192971
7.96830866323153e-06,0.510596638537432
9.71847256186919e-06,0.622744569812445
1.15066597413987e-05,0.737329086738449
1.3172109961092e-05,0.84404890777449
1.47689530009716e-05,0.94637259194397
1.63205160667212e-05,1.04579491819021
1.78372107726775e-05,1.14298305401652
1.9324977348005e-05,1.23831764742682
2.07879841487193e-05,1.33206580768786
2.22297014228943e-05,1.42444991074253
2.36534349822951e-05,1.51568179630432
2.5062722903495e-05,1.60598818824048
2.64614036163016e-05,1.69561505782923
2.78537752601563e-05,1.78483783548522
2.92447747012871e-05,1.87397288246524
3.06404686110244e-05,1.96340895963379
3.20481415808716e-05,2.05361287471194
3.34765411203557e-05,2.14514518275545
3.49364994584535e-05,2.23870003269436
3.64417853294445e-05,2.3351597521244
3.80105586619328e-05,2.43568806767084
3.96680930720046e-05,2.5419045693899
4.14525750579411e-05,2.65625633763034
4.34301703589163e-05,2.78298343145896
4.57510792785447e-05,2.93171104284228
4.84735974185522e-05,3.10617506971338
5.1363936600101e-05,3.29139409875978
5.38719647669966e-05,3.45211440265993
5.63107134876432e-05,3.60839561005048
5.87853938740035e-05,3.76697989648895
6.1332968154567e-05,3.93023593014803
6.39753741200147e-05,4.09956959865882
6.67295867999723e-05,4.27606878226051
6.96103864164114e-05,4.46068073102648
7.26316157239639e-05,4.65429263987943
7.58069654236358e-05,4.85778198261238
7.91506110544676e-05,5.07205732956894
8.26778663848915e-05,5.29810022438956
8.64059886003467e-05,5.5370167907524
9.03553064200719e-05,5.79011003716556
9.45509561210584e-05,6.05899112458653
9.90257830380561e-05,6.34576533261413
0.00010382564695184,6.65337209650966
0.000109020303325536,6.98628241145413
0.000114729738697237,7.35218671950392
0.000121208051022591,7.76737092986407
0.000129335641316843,8.2882615247285
0.00013626889679131,8.73261457349416
0.000143346180131693,9.18620475849314
0.000149865286228766,9.60402675541711
0.000155974431288475,9.99557895021625
0.000162142126686167,10.3908892724427
0.000168270645638035,10.7836942499162
0.000174396775322263,11.1763518435455
0.000180554075614045,11.5710132759516
0.00018677360075909,11.9696692792044
0.000193087090908137,12.3743546615676
0.000199529612004415,12.7873175329325
0.000206142388006032,13.2112008769223
0.000212976635642377,13.649288409026
0.000220099714218475,14.1058988688688
0.000227606474463893,14.5871136500159
0.000235643654032045,15.1023409058024
0.000244474770031368,15.6684760654824
0.000254732371789036,16.3260745802858
0.000266296294667086,17.0674392799744
0.000278249077320775,17.8337557031267
0.000288363672694041,18.4822394095069
0.000298015377565194,19.1010599601147
0.000307618307181415,19.7167672001387
0.00031731643231404,20.3385921264075
0.000327197339054675,20.9721512335085
0.000337331572226626,21.621968892317
0.00034778515505274,22.2922800608739
0.000358627154030064,22.9875153948872
0.000369936935211874,23.7127666594837
0.000381813978308785,24.4744162753422
0.000394394670278403,25.2812146286793
0.000407886931235617,26.1465013338759
0.000422658452530281,27.0938656516337
0.000439552764881882,28.1774216323075
0.000462704960316062,29.6624267205895
0.000479025753596213,30.7093200826233
0.000495614506627165,31.7734552269258
0.000511386078992569,32.7852211808434
0.000526834880364435,33.7763304792088
0.000542212080322879,34.7628957233496
0.000557676460831502,35.7551047624212
0.000573358768065006,36.7613484467323
0.0005893879635615,37.7899047535029
0.000605909297208846,38.8500986391273
0.00062310533246215,39.9536517736382
0.000641231377274917,41.1169573924587
0.00066069329590091,42.3660763788015
0.000682275116913179,43.7513511345986
0.000708260106934843,45.4193833801165
0.000732687513386123,46.9875599217068
0.000757687256424778,48.5926071367353
0.000780323378730757,50.046014993171
0.000802299973321317,51.4571770080307
0.000824250202545386,52.8667452173821
0.000846487124680485,54.2948253339898
0.000869249999816992,55.7567892992945
0.000878463839836348,56.3485864749251
0.000902850530828768,57.9150098357433
0.000927934496708014,59.5263540099309
0.000954665421414001,61.24364647598
0.000983795612232623,63.1152573437969
0.00101713212413601,65.2573602073657
0.0010552206485354,67.7051293709323
0.0010940525603377,70.2010286544857
0.00112648227942123,72.285712175605
0.00115705966660864,74.2515607516735
0.00118724456674939,76.1924060221577
0.00121758094480043,78.1432234150177
0.00124845406533474,80.12879715561
0.00128024500267772,82.1736535768626
0.00131341434239564,84.3074465531219
0.0013486222493093,86.5726875934187
0.00138701830655657,89.0434090687968
0.00143136442867178,91.8974690507898
0.00148068578373281,95.0723058693047
0.0015310707848977,98.3162335227123
0.00157350101163416,101.048497482738
0.00161422104492189,103.671053501102
0.001655018211448,106.298989957996
0.00169667430140445,108.982682678257
0.00173988572963357,111.76704032831
0.00178552884167963,114.708602539509
0.00183504196861156,117.900185357539
0.00189177398892057,121.557886323929
0.00195480953430611,125.623008320306
0.00201893653054652,129.759630546511
0.00207267579851996,133.227052472948
0.00212379574755311,136.526219094471
0.00217465414034909,139.809237237988
0.00222625233682841,143.1407599963
0.00227943916227519,146.575645296543
0.00233522375107148,150.179158602551
0.00239513159895612,154.049999450856
0.00241179998005114,155.127177140528
0.00249612452215536,160.577758560489
0.00258916337338985,166.593912395708
0.00266749277306152,171.660770545519
0.0027361272644707,176.101894694609
0.0028038191711258,180.483308597618
0.00287328510391047,184.980879227088
0.00294667793751013,189.734175421903
0.00302758473760937,194.97589528359
0.00312778937549009,201.470491991463
0.00321007886349014,206.806151022309
0.00329345047579325,212.214025907335
0.00337131714238707,217.266704124007
0.00344780843430149,222.23191320166
0.00352498847822178,227.243619997179
0.00360437502891081,232.400481453051
0.00368765386523119,237.812219201711
0.00377731346711066,243.640922830399
0.00387833245182642,250.21096079133
0.00400964646709048,258.755835537472
0.00414046474937859,267.273513262316
0.00424942931611288,274.372137645837
0.00435814110994507,281.457806254385
0.00447599480612155,289.143322892108
0.00462391465478273,298.795465230047
0.00473632076936405,306.134717415814
0.00483077192154759,312.304660081055
0.00493712576780074,319.255445841233
0.00504222778405967,326.127872182714
0.00514800641979569,333.048010167838
0.00525657950147318,340.154575409149
0.00537020737507846,347.595901260071
0.00549198362594104,355.575260837442
0.00562729496551631,364.446822072059
0.00578971137493744,375.102855991258
0.00596921829111044,386.889496807877
0.00615143306216844,398.863953932879
0.0063598357154227,412.571829057124
0.00650599498089906,422.193579297564
0.00665364926608759,431.920484736461
0.00679187602483247,441.032502718781
0.0069270860125048,449.951427331715
0.00706278697948641,458.908474971815
0.0072015138157622,468.071168613805
0.00734576344434963,477.604951241445
0.00749850463389841,487.706938159463
0.00766369060249731,498.640025889252
0.00784670244480806,510.762639096115
0.00805264442775755,524.416284143282
0.00808556000486088,526.599730189638
0.00825100961985707,537.579772921019
0.00844804620349777,550.666962020385
0.00863229642963106,562.915626599609
0.00880458532188823,574.378548791647
0.00897125769965054,585.476469190819
0.00913654734775204,596.490744365632
0.00930342093640683,607.619049768059
0.00947443603942087,619.032338183484
0.00965213139913589,630.900831113793
0.00983914723630364,643.402099646973
0.0100379036817643,656.699633316737
0.0102491492667713,670.845615877784
0.0104689097302382,685.575853053315
0.0106879247240921,700.270393953599
0.0108989514307719,714.442473092889
0.0111016110213996,728.065130292794
0.0112990515088661,741.348738583825
0.011494704352986,754.523520790721
0.0116915548485832,767.790403160923
0.0118922778918349,781.330041406639
0.0120281358616707,790.500949575862
0.0122442631852457,805.101407540372
0.0124660909597998,820.101019960647
0.0126982000463019,835.811006256321
0.0129379453049043,852.054072245192
0.0131797107721945,868.450701690755
0.0134179361171893,884.623640597694
0.0136506966934225,900.441313117033
0.0138794166021704,915.999532628482
0.0141068545692911,931.485394105741
0.0143359597635088,947.099674577147
0.0145695678129471,963.036148295626
0.0148102998306143,979.474676379527
0.0150602560922758,996.560234340794
0.0153202040340475,1014.34720407506
0.0155883034534341,1032.7115770461
0.0158597338284003,1051.32441597459
0.0161291954521907,1069.82247233512
0.0163943616101021,1088.04533908107
0.0164442026366185,1091.47271680013
0.016693792621203,1108.64644138928
0.0169548230668115,1126.62582009656
0.0172194614273523,1144.87289988462
0.0174912985111833,1163.6363610784
0.0177735433120406,1183.13958258071
0.0180681001267582,1203.51671612851
0.0183737308838924,1224.68491490327
0.0186846983365936,1246.24891288764
0.0189936642598114,1267.70037407103
0.0192973517110784,1288.81097024381
0.0195977404753749,1309.7173240273
0.0198994470535675,1330.7405217912
0.020207803606489,1352.25312743705
0.0205281799301829,1374.63218969554
0.020865121648002,1398.19913587093
0.0210852695931204,1413.61420835309
0.0214480043181928,1439.04315370315
0.021809440554286,1464.41827027332
0.0221643667600173,1489.37291920291
0.0225158003960047,1514.11812692943
0.0228722265651615,1539.25196918084
0.0232442106785862,1565.52319199217
0.0236440896877519,1593.81103606952
0.0240837216377789,1624.9678199797
0.0245571925854019,1658.59104812421
0.0250234697748334,1691.77474824118
0.0254678060602754,1723.46493310791
0.0256873678279733,1739.14926346849
0.0262245369203311,1777.59394771053
0.0268210394991683,1820.40975662917
0.0273770122973095,1860.44111507493
0.0278971683583161,1898.00923583832
0.0284808310567138,1940.30589691714
0.029052458320395,1981.88592120912
0.0295382501044989,2017.35241436358
0.0299817334417795,2049.84241212919
0.0304525696000988,2084.46262591838
0.0309900542399141,2124.15571959537
0.0315664183836374,2166.94379728629
0.0320651197489189,2204.17322571546
0.0325632254120749,2241.57175601729
0.0330088487521682,2275.23105945946
0.0334435294604817,2308.2676694563
0.0337068265150972,2328.38632903321
0.0340829883460538,2357.28380136965
0.0344416674422271,2385.02452796024
0.0347726121655028,2410.79959523186
0.0350824352682372,2435.10301924656
0.0353765933788257,2458.35001631279
0.0356572394797569,2480.70327121177
0.0359247197671856,2502.18424111093
0.0361791623877654,2522.79661801708
0.036421249948321,2542.58892847783
0.0366274112136011,2559.5993521482
0.0368483989498595,2578.01087810818
0.037059516657439,2595.7931629735
0.0372613990331079,2612.99754789844
0.0374546027290855,2629.67087673977
0.0376391044782415,2645.81138943781
0.0378146060241327,2661.39268826336
0.037980933698208,2676.3979802795
0.0381382297266857,2690.83834498582
0.0381660639040967,2693.42553524124
0.0381929833438803,2695.95965606352
0.0382477972999239,2701.24063166556
0.0382989469743044,2706.32743226902
0.038348854837259,2711.43723193982
0.038397744980372,2716.55725469794
0.0384438823583585,2721.44803928529
0.0384897904475075,2726.32055752321
0.0385091260333977,2728.36403058324
0.0385573837214852,2733.42391341083
0.0386066312834497,2738.51921481957
0.0386561416572641,2743.57857151739
0.0387069738267814,2748.72930240263
0.0387599259403977,2754.08263490132
0.0388141625568795,2759.60012414698
0.0388645165122561,2764.80690819306
0.0389117485392613,2769.82388996544
0.0389563555011086,2774.74962680608
0.0389971723445695,2779.49706759147
0.0390320900602598,2783.8215406197
0.0390627726138245,2787.89641821493
0.0390905503423596,2791.86764507385
0.0391168623347125,2795.90880850531
0.0391399183557049,2799.65783171177
0.0391614885828866,2803.28645194731
0.0391830649719202,2806.96476155689
0.0392049708914723,2810.69921507042
0.0392260436260825,2814.28426996153
0.0392468027567866,2817.84218703707
0.0392673416164533,2821.46176599428
0.0392866024779791,2825.07384896767
0.0393023634901973,2828.37993414439
0.0393046121846396,2828.89874926457
0.0393143261736544,2831.39665907122
0.0393228391100138,2834.38790423218
0.0393264397795517,2837.04322587414
0.0393254279051078,2839.36220937651
0.0393201842789984,2841.46067257607
0.0393106849407942,2843.4356991332
0.0392982503324049,2845.17156566407
0.0392838058085472,2846.72451225643
0.0392672800566517,2848.19555231668
0.0392491246111926,2849.57444159621
0.0392301558646239,2850.80067494742
0.0392092358680355,2851.91143449017
0.0391846344352661,2852.90507973339
0.0391574118462462,2853.65310890903
0.0391268234706917,2854.1359245224
0.0390909477375176,2854.33867313101
0.0390482073570754,2854.21402805022
0.0390017547957835,2853.76411873177
0.0389491731935573,2852.98163313384
0.0388883923415384,2851.82552736351
0.038827747959434,2850.47971488072
0.0387642813064997,2848.91633964518
0.0386951852512505,2847.06763739693
0.0386271787776563,2845.1157729646
0.0385566606563676,2842.96030887784
0.0384797016207179,2840.45852840937
0.0383992137045758,2837.68006261761
0.0383158213618642,2834.63686130617
0.0382248447268709,2831.14378439366
0.0381204901918824,2826.94289971779
0.0380126148600067,2822.41523055477
0.0378926265815367,2817.19459842679
0.0377739788934948,2811.87121965392
0.0376542988346994,2806.36132162242
0.0375957107224016,2803.61727839256
0.0374759580401763,2797.91917854993
0.0373539492610333,2791.99593261524
0.0372262946531958,2785.6765245536
0.0370864675725721,2778.61667648387
0.036945930120618,2771.38227533742
0.0367977725366701,2763.61386049516
0.0366307406031468,2754.69405304359
0.0364363408431057,2744.1157495383
0.0362320808802332,2732.79405836154
0.0360503848296426,2722.56014189492
0.0358703886826708,2712.28110924617
0.0356983065571646,2702.32970763486
0.0355251995955464,2692.20160635422
0.0354535584261086,2687.97663475403
0.0352609650072696,2676.52467769683
0.0350602189372983,2664.44713190094
0.0348524520736477,2651.80271016111
0.0346211452560381,2637.56135244613
0.0343031572801924,2617.71645004119
0.0340361083363398,2600.82524493555
0.0338052830309122,2586.06764888704
0.0335886797021428,2572.09158746066
0.0333738320099995,2558.11083053826
0.0331541888525604,2543.70064311743
0.0329242567107204,2528.49268277263
0.032734751308931,2515.86735071426
0.0324682509147181,2497.9777355894
0.0321860768669792,2478.87032772698
0.0318966242599241,2459.09927493911
0.0316195634384696,2440.01784244278
0.0313582988541864,2421.88795576082
0.0311059166207511,2404.25234006755
0.0308553678178913,2386.62961179148
0.0306010610295472,2368.62876613607
0.0303381640608489,2349.90325736035
0.0300624806935646,2330.14388797042
0.0297717248577044,2309.17211398249
0.029654932533259,2300.7108331629
0.029346262117714,2278.2482021032
0.0290428969367577,2256.03291309538
0.028749050955106,2234.38702285776
0.0284635413061534,2213.23806572139
0.0281813453300954,2192.22434031925
0.0278970650872607,2170.94806157639
0.027605714742169,2149.03458197872
0.0273029622493483,2126.15163808076
0.0269862418298233,2102.09512599672
0.0266574264864105,2076.9966435879
0.0264120683385874,2058.18892207114
0.0260828910543741,2032.85225197688
0.0257607681597744,2007.94652416046
0.0254441308441425,1983.36043421039
0.0251273238603047,1958.66120863236
0.0248038954815394,1933.34665501161
0.024467358411343,1906.90420457323
0.024112167610131,1878.88814732903
0.0237373898534875,1849.21197373272
0.0233526119961514,1818.62596665982
0.0231815678812749,1804.99259322978
0.0227979851565802,1774.33852865567
0.0224262546115184,1744.53033164975
0.0220446735842674,1713.83405897056
0.0216759592371898,1684.08365599435
0.0213135667663262,1654.76272317043
0.0209441465836482,1624.7953274172
0.0205614611476583,1593.67330558084
0.020171554877119,1561.88631277869
0.0201206201888319,1557.72832680445
0.0198673989436517,1537.03863231308
0.0195016631094634,1507.10408994709
0.019156118840448,1478.76923489398
0.0188161587972402,1450.84522524376
0.0184917489879691,1424.15745154007
0.0181791675702206,1398.40676193132
0.0178744396983313,1373.27061370251
0.0175764817126929,1348.66324857718
0.0173735472948388,1331.88739697537
0.0170912376089083,1308.52880899696
0.0168173125161848,1285.84114076655
0.0165524645119238,1263.88425342791
0.0162953540193168,1242.54907633874
0.0160447742444473,1221.7367851202
0.0158000655630562,1201.39339329434
0.01556119614012,1181.51671613877
0.0153285914245127,1162.14242064914
0.0151027927809409,1143.31572905767
0.0150740552192884,1140.9181880747
0.0149320696198854,1129.06737723135
0.0147193315693023,1111.29415803192
0.0145138049855054,1094.10166363498
0.0143145647947048,1077.4115121638
0.0141211993664368,1061.18765186456
0.0139337373299152,1045.43047654461
0.0137526147663516,1030.17435111141
0.0135784590031125,1015.46969314984
0.0134117935585716,1001.35819729898
0.0133423332593211,995.463698709833
0.0131847119852435,982.053266827826
0.0130372972908898,969.459405898997
0.0128972546763057,957.436885115976
0.0127644327308593,945.967011703166
0.0126390554525404,935.062026360793
0.0125217743991907,924.770386976118
0.0124134629178829,915.159935331315
0.0123148910985266,906.289879282083
0.0122769580181769,902.83415991554
0.0121902791527106,894.814294847322
0.0121174077933734,887.877348556565
0.0120553181237143,881.723772040749
0.0120049759274549,876.411143898907
0.0119678709811467,872.035325528078
0.0119461620677598,868.74723575407
0.0119426637922696,866.691961264978
0.011957908722054,866.189727249091
0.0119892395161539,866.955646903712
0.0120356512898849,868.882300091182
0.012096920210452,871.929831608452
0.0121730632440598,876.086537461736
0.0122638553966744,881.332559906889
0.0123580321858033,886.976826712547
0.0124759830366483,894.236002317588
0.0126058708552886,902.398345124889
0.0127487562958626,911.522503391917
0.012904662499715,921.605873143787
0.0130735625438092,932.643733995167
0.0132534766791597,944.50288709255
0.0134442656930022,957.169840725355
0.0134882348807062,960.100403963667
0.013687754153256,973.44461432049
0.0139014040708228,987.807246944825
0.014125177091849,1002.91902446257
0.0143587876777449,1018.75921286941
0.0146022173995265,1035.32556553873
0.0148554926824804,1052.61938274365
0.0151185852558671,1070.63866050742
0.0152457226729466,1079.36475578836
0.0155202409107505,1098.24411669676
0.0158066937885988,1117.99538863004
0.0161023524167317,1138.4319294732
0.0164069996247475,1159.5397621646
0.0167205490171881,1181.31416220763
0.0170429360007473,1203.75216413139
0.0173740571038872,1226.84833747098
0.0174983746549909,1235.53241807721
0.0178376505433068,1259.26670840369
0.0181884567786837,1283.85957535546
0.018547288500614,1309.0685223857
0.018913828603703,1334.87394465023
0.0192878840177359,1361.26514002072
0.0196692806348478,1388.23298223135
0.020082530214561,1417.52006669682
0.0204738596921889,1445.31831486867
0.020873217505769,1473.75246182614
0.021276478629817,1502.532881959
0.0216838096447612,1531.67499432023
0.0220948540709007,1561.15724108392
0.0225092905960374,1590.96084586111
0.0228175425882403,1613.18079765218
0.0232488828021482,1644.35125502414
0.023669419333316,1674.83194700475
0.0240935571540353,1705.6690545993
0.0245193460556907,1736.72768817243
0.0249467660133122,1768.01351922312
0.0253756032691492,1799.51897569656
0.025519626069038,1810.12732171387
0.0259811074244272,1844.21702509242
0.0264094849610974,1876.00361435663
0.0268426063684919,1908.29335799411
0.02727669501155,1940.8214956546
0.0277127118840953,1973.67822899684
0.0280144625845442,1996.53541160779
0.0284685232813034,2031.13134983111
0.028917517184717,2065.60692758397
0.0293830164111679,2101.66940588931
0.0298481750095304,2138.08387364901
0.0301489395037608,2161.86282878371
0.0305249417698848,2191.89210619655
0.0308701897634304,2219.81081931835
0.0311870174022406,2245.77931579894
0.0314786894117734,2270.04089374482
0.0317474064890854,2292.75986190646
0.0318020329457883,2297.42846739801
0.0320434663835995,2318.30088315202
0.0322662123882357,2337.96731653397
0.0324694827965942,2356.35477956946
0.0326537174542463,2373.49906045362
0.0328191800903656,2389.424762441
0.0328937438029607,2396.81887903135
0.0330309495323641,2410.91218570699
0.0331492618977205,2423.80037732426
0.0332461924706426,2435.21702757407
0.033322187788423,2445.19966848676
0.0333772221366367,2453.73683254254
0.03339016415681,2456.11609844515
0.0334184850535888,2463.06997048577
0.0334234258482159,2468.10116873699
0.0334068926655787,2471.63578479802
0.0333684407854087,2473.61542018204
0.0333030567625015,2473.96085690534
0.0332167549044429,2472.54804627262
0.0331154497170428,2469.67105252081
0.0330007492461336,2465.53249725959
0.0328738843414428,2460.26529342752
0.0327358269501293,2453.9657835894
0.0326838112988806,2451.47300993975
0.0325291619635129,2443.7520839984
0.032367556019432,2435.27595675205
0.0321969669881731,2425.96581705979
0.0320179351791081,2415.86439683157
0.0318308964798377,2405.00663149389
0.0316362428413158,2393.42335729611
0.0316134332169404,2392.04889788953
0.0314976666928534,2385.0216474084
0.0312883688062251,2372.11364125674
0.0310748825949857,2358.7035054668
0.0308548731514235,2344.65240356648
0.0306286599282419,2329.98347932533
0.0303964748032642,2314.71409174643
0.0301912241614418,2301.05021682301
0.0299474266770011,2284.63286008747
0.0296992797221433,2267.72807930957
0.029445861732665,2250.27541916357
0.0291873560985515,2232.2883995421
0.028923895786616,2213.77704570236
0.028655599938814,2194.75037135753
0.028524597580926,2185.39869877999
0.0282427678194302,2165.14963870188
0.0279630403789214,2144.88302085296
0.027678483496597,2124.10275237461
0.0273894174306968,2102.83215891855
0.0270958377678207,2081.07097146996
0.0267977228365173,2058.81748801666
0.0267213960704473,2053.09543347041
0.0264097559926898,2029.63229493079
0.0261014597692916,2006.26760812911
0.0257877681325278,1982.34389962813
0.0254689127692423,1957.87728945492
0.0251444767072284,1932.83406057094
0.0248848816248686,1912.69181016061
0.0245459920944017,1886.26238995787
0.024202492200849,1859.32277737452
0.023858671841268,1832.211048798
0.0235190743968235,1805.29216751721
0.0231843618992137,1778.627660472
0.0231107523599776,1772.7462329314
0.0227800906982254,1746.24986522728
0.0224570548167111,1720.24505926074
0.0221396196565534,1694.57695548539
0.0218280590327651,1669.27384853604
0.0215226660554814,1644.36494063428
0.0214852320550342,1641.3043407532
0.0213001058702485,1626.14450259441
0.0209922135813126,1600.84150486998
0.0207079693197118,1577.37840170574
0.0204307475143758,1554.39363368712
0.0201693621041125,1532.62339259976
0.0200833732948198,1525.43921763621
0.0198417397194485,1505.1872808711
0.0196127932773457,1485.90359898567
0.0193963962997703,1467.5803024892
0.0191921525831721,1450.18640844057
0.018999831044898,1433.70348769609
0.0189670461926231,1430.88214709325
0.0188089533316622,1417.2233670494
0.0186405611008426,1402.56089173699
0.0184845787049975,1388.84771025838
0.0183407062277627,1376.05375019568
0.018209231410359,1364.19846136186
0.0181825111018519,1361.76474855314
0.018061125575863,1350.57289743788
0.0179595431897981,1340.97332226265
0.0178716978719721,1332.39507703753
0.0177987280784092,1324.92323715343
0.0177578839959782,1320.48185089502
0.0177126032077953,1315.05426701072
0.017686108716614,1311.02525436286
0.0176797662903318,1308.60990376056
0.0176918226352604,1307.66904600724
0.0177010844443031,1307.67307266667
0.0177369393606894,1308.60087457973
0.017788276438177,1310.76940809875
0.0178547425780472,1314.12590094966
0.0179357773005728,1318.62379442699
0.0179989215053684,1322.31196114223
0.0181066351366316,1328.8418857967
0.0182244830033722,1336.22242443046
0.0183555903762747,1344.63404764474
0.0184991954220305,1354.02385312413
0.0186177948038798,1361.88563405889
0.0187878491111611,1373.29166098074
0.0189637585901051,1385.22426127886
0.0191514548472906,1398.07861897725
0.0193496742036961,1411.76794419772
0.0195061385178884,1422.64504170835
0.0197304121108456,1438.33221254952
0.0199548148783967,1454.12907197808
0.0201895526561291,1470.74970626673
0.020432594834655,1488.05257842777
0.0205983675434264,1499.90556225433
0.0208684171584592,1519.29797361189
0.0211301402259188,1538.18631507682
0.021400807998715,1557.81315952772
0.021677320941974,1577.95849583442
0.0218198266721041,1588.37746004227
0.0221281775361287,1611.00652152697
0.0224152352194842,1632.17706647528
0.0227100589075274,1654.02586471125
0.0230082494802766,1676.23509484172
0.0230921690023027,1682.50596558167
0.0234251604551216,1707.48025821374
0.0237274244643252,1730.28125692789
0.0240354641669065,1753.65375873019
0.0243386558174164,1776.8011135055
0.0246507292999761,1800.78592398375
0.0249645175748512,1825.08035216545
0.0252813463834967,1849.81039781732
0.025488989319653,1866.13877356519
0.0258044473927062,1891.15108471075
0.0260993049328722,1914.78547945011
0.0263695795639603,1936.70384778554
0.0264833893838859,1946.01716941849
0.0267266552652009,1966.11732763206
0.0269472885966451,1984.61442428911
0.0271500180710073,2001.88720947178
0.0272756872281332,2012.75764751575
0.0274508794373215,2028.17329157201
0.0276079135523147,2042.32392709225
0.0277481847211188,2055.32985248599
0.0278352560430257,2063.64354642525
0.0279475571719266,2074.76375139295
0.0280415243549579,2084.60996670897
0.0281173580082337,2093.22754628674
0.0281476760207918,2096.99599068321
0.028194694137108,2103.74271861746
0.0282165887197075,2108.35169086948
0.0282182467926779,2111.48193001606
0.0282141538730615,2112.18928055061
0.0281884053164891,2113.23661116629
0.0281422140915055,2112.72010217835
0.0280756176114629,2110.62361577542
0.0280498610068754,2109.61078579915
0.0279675155574764,2105.93896242861
0.0278649648907749,2100.77171716831
0.0277513742330438,2094.56755685269
0.0276814848018362,2090.57185515297
0.0275508259958287,2082.82769194283
0.0274121225249588,2074.3002124456
0.0272648916494461,2064.97860413216
0.0271443476899136,2057.17695806287
0.0269813648619825,2046.42477601749
0.0268134391833427,2035.13655070545
0.0266387947718586,2023.20196556505
0.0264794350030308,2012.15940513338
0.026291970197644,1999.00331701509
0.0261004415496519,1985.39487122359
0.0259035413699155,1971.24493164098
0.0257305916066547,1958.69315049726
0.025522176319195,1943.42571232136
0.0253117582267414,1927.86464290348
0.0250966895578027,1911.81642850229
0.0249420404946512,1900.19155361774
0.0247295388037064,1884.10666498347
0.0245097130039189,1867.33663360315
0.024290618257884,1850.49417868144
0.0241562746047462,1840.10477690937
0.0239469490165196,1823.8238940227
0.0237358488371344,1807.29098486581
0.023528298065809,1790.92382617035
0.0234123060238,1781.72768909412
0.0232100626349207,1765.60688166831
0.0230148061348719,1749.93486971364
0.0228251633973804,1734.60567847302
0.0227442300567799,1728.02934426667
0.0225491607846435,1712.0875128895
0.0223781030163023,1697.99125689392
0.0222125734156624,1684.23094448476
0.0221800670511361,1681.51315411541
0.0220253195242871,1668.49438674772
0.0218795378292522,1656.0860509271
0.021740872694438,1644.11427951991
0.0216257326968168,1634.00092149041
0.0215256476928737,1625.02352968977
0.0214401388270013,1617.13772095426
0.0213707034613411,1610.47872373155
0.0213170693955734,1605.01464943798
0.0212835229143841,1601.23717578758
0.0212624983414576,1598.29255843993
0.02125878246648,1596.74141267507
0.0212689532156055,1596.43247373064
0.0212929783757441,1597.16213036559
0.0213295107653411,1598.90865827429
0.0213776118342922,1601.59915498056
0.0213871271792546,1602.16046814465
0.0214397609371871,1605.37640265731
0.0215098366968223,1609.85938743923
0.021589087314157,1615.1068794653
0.021622394637882,1617.35331963614
0.0217193196655616,1623.99547649258
0.0218193659543872,1630.98085358051
0.0219275922493983,1638.65178184052
0.0219539728292414,1640.53690601801
0.0220813701068226,1649.71342253865
0.0222047528918612,1658.70211923432
0.0223351317568834,1668.29425559924
0.0223574082857802,1669.94201204563
0.0224705464038955,1678.34790530695
0.0226134402374959,1689.04872539732
0.0227586981880071,1700.01697689579
0.0228061765447124,1703.62102437178
0.022965367598955,1715.7717277286
0.0231188406092368,1727.5819342914
0.0232733036840282,1739.56343334644
0.02343222777175,1751.99243390221
0.0235927803557771,1764.65726557941
0.0237328993637634,1775.80422080784
0.0238951057260371,1788.82586671826
0.0240588775408333,1802.11358928301
0.0241615070319459,1810.52022168006
0.0243179786814305,1823.47106805167
0.0244677760546337,1836.04485583725
0.0245391990246097,1842.11069689081
0.0246751723214756,1853.81001848391
0.0247945886129939,1864.28554744055
0.0248503691341502,1869.25956484514
0.0249551320219624,1878.78155650698
0.0250448384690941,1887.18690489088
0.0250842001031021,1890.97787802061
0.0251574349662376,1898.28049712481
0.0252157886100456,1904.47811270371
0.0252348105763803,1906.6263919515
0.0252749514361605,1911.59561755167
0.0252967164917141,1914.98202369281
0.0253011056913004,1915.91885668927
0.0253041873400888,1918.02103364378
0.0252932414871625,1918.85537648614
0.0252863751211582,1918.90758079936
0.0252585452971636,1918.38801981946
0.0252187675938618,1916.90198140249
0.0251976951175716,1915.95350438161
0.0251451817026447,1913.31892863112
0.0250807866859852,1909.75679930513
0.0250451939167071,1907.68334570507
0.0249729207120868,1903.30923430129
0.0248893618010637,1898.04591874357
0.0248412429614053,1894.93703458622
0.0247539461758487,1889.17999982434
0.024656803361922,1882.62681475935
0.0245996259413274,1878.7085927571
0.0245019848526858,1871.92718961903
0.0243966001382721,1864.49547188085
0.0243347323556792,1860.08399268205
0.0242311952989458,1852.62841560976
0.0241224053046911,1844.70416541156
0.0240608097408492,1840.17931230895
0.0239554634483882,1832.38009115439
0.0238476272048185,1824.32113625792
0.023791300282058,1820.08236230652
0.0236876661742436,1812.23226517278
0.0235847113793864,1804.36841801069
0.0235382793915346,1800.80055996285
0.0234391166631711,1793.13573627141
0.0233446890823293,1785.77788682197
0.0233120077776083,1783.21729174593
0.0232187836619877,1775.87067542847
0.023136584971956,1769.33578757882
0.0231206040771147,1768.05837374091
0.0230459510815402,1762.05704504745
0.0229773413197026,1756.48297634295
0.0229698413309062,1755.86951917028
0.0229345416621563,1752.9689273065
0.0228760102647759,1748.09705726681
0.0228630664556289,1747.0049881468
0.0228228106945998,1743.54988934838
0.0228012400412166,1741.62709797848
0.0227859894049059,1740.15208284168
0.0227830826132872,1739.71524080118
0.0227899019978657,1740.03626418821
0.0228053230832625,1741.08362012914
0.0228297168889219,1742.87150512782
0.0228630202630388,1745.40518398004
0.0229016506650854,1748.41332877194
0.0229499454119086,1752.24051737392
0.0230000372069554,1756.26781498774
0.02305899635109,1761.06935404763
0.0231180150795325,1765.93439670196
0.0231826220913762,1771.32307883429
0.0232482024460111,1776.85918188172
0.0233132331360859,1782.41641230392
0.0233829939483502,1788.45737824949
0.023443577453779,1793.77686083979
0.0235105995295238,1799.75168181922
0.0235670649192347,1804.87072068527
0.0236277538790748,1810.47776991615
0.0236780281834303,1815.22476607257
0.0237303204350719,1820.28988894809
0.0237719114009236,1824.4429564965
0.0238142675629011,1828.83484361886
0.0238453854280965,1832.21795493159
0.0238765469561339,1835.82819506144
0.0238963901589259,1838.33735561108
0.023915284055391,1841.07460695569
0.0239241101653992,1842.68488258865
0.0239296095710014,1844.38065509457
0.0239288919708527,1845.23697138137
0.0239220260088675,1845.90170344111
0.023912113387429,1846.05531634445
0.0238946776496408,1845.81771733329
0.0238760172113197,1845.27614321837
0.0238496734499839,1844.26597919318
0.0238235211775892,1843.09699691092
0.0237899857493936,1841.44572453352
0.0237580157868436,1839.76188292793
0.0237190809426778,1837.60810904213
0.0236831611872612,1835.54563422743
0.0236406388751542,1833.03252253404
0.0236026924420515,1830.7382981827
0.0235583279585329,1828.00760176516
0.023520241273521,1825.63028664927
0.0234756556759901,1822.8175950973
0.0234391805310175,1820.49891727997
0.0233958236882492,1817.72968628007
0.0233624960043214,1815.5968546265
0.0233216192792641,1812.98401116389
0.0232926884864532,1811.14281664772
0.0232553254473686,1808.78546000019
0.0232317074200054,1807.31476824882
0.0231986527266077,1805.29789738935
0.0231809159699127,1804.24567944632
0.0231526601780512,1802.64056333685
0.0231410860197805,1802.02179198138
0.0231193809974935,1800.97039524965
0.0231124206476936,1800.68323753055
0.0230987191111533,1800.2706216918
0.0230946001370058,1800.22671670999
0.0230882085881881,1800.40780501719
0.0230868467282678,1800.60986804937
0.0230867621518507,1801.31934490923
0.0230880053219278,1801.75708850094
0.023093124342813,1802.9162278707
0.0230966321429782,1803.5661881539
0.0231057830323395,1805.08920643298
0.0231110886130328,1805.91563543641
0.0231230762555813,1807.71195425625
0.0231296344328096,1808.67191696164
0.0231432949897578,1810.65163125083
0.0231505161352312,1811.69669982365
0.0231647514355091,1813.7732791174
0.0231720471966225,1814.85347330667
0.023185856469699,1816.94678463956
0.0231926769564432,1818.01343213087
0.0232051748397943,1820.05134601425
0.0232110462438077,1821.06041133402
0.0232214754220011,1822.98008253037
0.0232260285545874,1823.89475264007
0.0232337662739465,1825.64329326593
0.0232367563956347,1826.43604020114
0.0232413185293457,1827.97099083029
0.023242633181135,1828.62470247141
0.0232436769559113,1829.91432607862
0.0232433316952977,1830.42252715848
0.0232406585627551,1831.44607919512
0.0232387806568057,1831.81217995694
0.0232323395869091,1832.56017386821
0.0232291412969155,1832.79585221241
0.0232190316156363,1833.27029505511
0.0232147761063498,1833.39318819448
0.0232012472994167,1833.6076332344
0.0231962120160199,1833.63865870308
0.0231833088641023,1833.63586279672
0.0231741006995517,1833.57858599706
0.0231572964490699,1833.38932472649
0.0231491752125859,1833.26778024817
0.0231298026921514,1832.92015320858
0.0231222135669933,1832.76657721052
0.0231014014793708,1832.30958072308
0.0230939964026209,1832.1373726401
0.0230723412889884,1831.61570794705
0.0230652756675838,1831.44190623203
0.0230432320136648,1830.89757416284
0.0230367439831871,1830.73857317929
0.023019510667218,1830.32418669949
0.0230090123643058,1830.08034509218
0.0229898758843437,1829.66121839937
0.0229825901159406,1829.51287318779
0.0229669894353785,1829.22245439847
0.0229578784567937,1829.07363184209
0.022940716818366,1828.84641899493
0.0229351587845779,1828.79072721476
0.0229220105933427,1828.70199299576
0.0229146001899033,1828.68317331912
0.0229004538282803,1828.72488026548
0.022896256579398,1828.76047754722
0.022883465747802,1828.95009731271
0.0228800849096973,1829.02383992427
0.0228690392301735,1829.3490424422
0.0228659499650262,1829.46643417261
0.0228563340901936,1829.92073092416
0.0228536449001421,1830.07490657018
0.0228452967591004,1830.64136571025
0.0228429052163389,1830.83044927497
0.0228355619941891,1831.49325125799
0.0228334271946839,1831.71024817236
0.0228268386821759,1832.44980104007
0.0228248844633564,1832.6888323436
0.0228187861300116,1833.48576918883
0.0228169443894781,1833.73943933988
0.0228110822806866,1834.57394353527
0.0228092826451259,1834.83526546575
0.0228034160902932,1835.68851219257
0.0228015959461078,1835.95059127967
0.0227955069996253,1836.80503884394
0.0227936124424534,1837.06173520824
0.0227871104998705,1837.90176004865
0.0227850996539666,1838.14781928569
0.0227780259819045,1838.96004356023
0.022775869859571,1839.19133339109
0.0227681002075378,1839.96491585592
0.0227657830085755,1840.1784972528
0.0227572290819083,1840.90529190702
0.0227547473080154,1841.09942725749
0.0227453569069766,1841.77404571128
0.0227427177250386,1841.94812274751
0.0227324736589216,1842.5678971499
0.0227296927053639,1842.722292515
0.0227186105592817,1843.28714342374
0.0227157094487134,1843.42304649656
0.0227038342319594,1843.93526598265
0.0227008381050082,1844.05448061775
0.0226882399829902,1844.51843597484
0.0226851752576203,1844.623184003
0.0226746366463505,1844.96284191433
0.0226688375238172,1845.13773333363
0.0226554416763645,1845.51489412241
0.0226519521039109,1845.6079409551
0.0226407298420086,1845.89545295916
0.0226346562947671,1846.04475868535
0.0226206208002634,1846.37724638499
0.022617081853764,1846.45903899308
0.0226054946122663,1846.72331948709
0.0225993609752632,1846.86190585671
0.0225850891917004,1847.1842679013
0.0225816093734444,1847.2634113918
0.0225699714145702,1847.53143377969
0.0225639353946098,1847.6731412269
0.0225497888778353,1848.01514544088
0.0225464243662095,1848.09897070662
0.0225349826315393,1848.39258886695
0.0225291499648831,1848.54785204378
0.0225153816577065,1848.93126010895
0.0225121603580949,1849.02471927081
0.0225010675828608,1849.35842927003
0.0224954913851007,1849.53343239777
0.022482225126575,1849.97036426363
0.0224791543401111,1850.07582499806
0.022468465209369,1850.45605782877
0.0224631504785475,1850.65277222639
0.0224503896495794,1851.14593511247
0.022447460007051,1851.26334922086
0.0224371436575486,1851.68915058495
0.0224320573640322,1851.90598070299
0.0224197110493921,1852.45031086113
0.0224169008761118,1852.57766682422
0.0224093202607262,1852.92689584472
0.0224019033970465,1853.2717067299
0.0223932094366259,1853.6680050544
0.0223866343357581,1853.95425671491
0.0223769959123081,1854.34296222
0.0223705327234167,1854.57964759334
0.0223614352118218,1854.8775768249
0.0223531604537085,1855.1102833967
0.0223451012401938,1855.29980116285
0.0223366191438653,1855.45598367595
0.0223339222863508,1855.49552620512
0.0223236411538179,1855.60062020577
0.0223127529332777,1855.63348792601
0.022311572227896,1855.63234458967
0.0223054979667261,1855.61275059929
0.0222922844998489,1855.4961811013
0.0222844802328406,1855.3839170797
0.0222696781634108,1855.09448098116
0.0222534752244886,1854.67950732841
0.0222510026897026,1854.6082916987
0.022238101436407,1854.2070027751
0.022217823261776,1853.4880967365
0.0222096424875919,1853.17172065801
0.0221866968851303,1852.2166615873
0.0221624039224923,1851.11371045382
0.022159212108248,1850.96272868492
0.0221427499752519,1850.16425006913
0.0221102629129523,1848.503232286
0.0220989105924873,1847.89967864369
0.0220651533645503,1846.04546523598
0.0220325533701134,1844.18200620356
0.0220284820995076,1843.94485354327
0.0220076831763579,1842.71938901865
0.0219648903747287,1840.13200035566
0.0219479858278645,1839.08807031325
0.0219065756442889,1836.48539332383
0.0218578032061468,1833.34764801579
0.0218070076463393,1830.00913609202
0.021758767966952,1826.78143324052
0.0217088143233087,1823.38795478893
0.021651883496852,1819.46518904194
0.0215944137379424,1815.453163057
0.0215384438329317,1811.50180463181
0.0214799096461677,1807.32841015782
0.0214199371182496,1803.0139797806
0.0213596044439324,1798.63882069174
0.0212978961424413,1794.13192624925
0.0212354087218241,1789.53896093428
0.021173862920615,1784.98988430394
0.021111905128418,1780.38802882561
0.0210492902954615,1775.71751717776
0.0209867329646218,1771.03409543708
0.0209255070329672,1766.4362324293
0.0208641902596852,1761.8199472614
0.0208036896881693,1757.25609631177
0.0207411682550696,1752.53294716158
0.0206849538706045,1748.28250291832
0.0206277251416298,1743.95379198437
0.0205701247002824,1739.5974955545
0.0205136877610102,1735.33186693783
0.0204597589765463,1731.26040876611
0.0204031353136234,1726.9927407396
0.0203543249182581,1723.32189311577
0.0203041525510751,1719.55817787128
0.0202539943501911,1715.80720404613
0.020202656689015,1711.98242520007
0.0201588362879056,1708.73114836898
0.0201112507401783,1705.21658896879
0.020068797014264,1702.09684583645
0.0200256096141986,1698.93997164856
0.0199835257508645,1695.88147207667
0.0199392001792704,1692.6805247094
0.0199026388035735,1690.05717895772
0.0198621049160784,1687.16766492177
0.0198257013997966,1684.59020006923
0.0197866558158524,1681.84477534395
0.0197522047138688,1679.43914566984
0.0197143797630275,1676.81608884167
0.0196816131374378,1674.55902434411
0.0196454718436885,1672.08543643302
0.0196133578123672,1669.90092760545
0.0195778351704937,1667.49836025691
0.0195468700641172,1665.41491866986
0.0195122435012242,1663.0958362819
0.0194816121014638,1661.05274464796
0.0194454685261569,1658.6509862902
0.019417207778389,1656.77883527513
0.0193841646792804,1654.59492003699
0.0193532533907724,1652.55548559139
0.0193192661897307,1650.31560461339
0.0192893488200815,1648.34510445781
0.0192530997508626,1645.957954548
0.0192252807099199,1644.12539730206
0.019192253235646,1641.94801177881
0.0191608145035725,1639.8728659794
0.0191242533743727,1637.455957729
0.0190958409712568,1635.57455554061
0.0190618558745797,1633.31975401237
0.0190302325273774,1631.21669306101
0.0189951746394819,1628.87904035523
0.0189638373663981,1626.78377418744
0.0189255106049967,1624.21386181536
0.0188967044383392,1622.27710239578
0.018860265850693,1619.8209160886
0.0188289693288331,1617.70597416887
0.0187913052849316,1615.1545734504
0.0187608223445536,1613.0850688135
0.0187232667700916,1610.5302714214
0.0186924686179379,1608.43115519792
0.0186566982507943,1605.98870934075
0.0186239874878762,1603.75122989104
0.0185852838340458,1601.09949205434
0.0185555196436921,1599.05744623336
0.0185179660551364,1596.47800146115
0.0184872550057481,1594.36642315257
0.0184500464103136,1591.80604086886
0.0184193602447895,1589.69320563937
0.0183817212966756,1587.10062640765
0.018352005750301,1585.05339380355
0.0183153316054778,1582.5267231696
0.0182853286268397,1580.46000485681
0.0182486140864547,1577.93185206059
0.018219440420647,1575.92397546665
0.0181834044470476,1573.44545285482
0.018154436556542,1571.45485306815
0.0181162988858228,1568.83748199208
0.0180905035896083,1567.06975807188
0.0180566525921077,1564.75351617198
0.0180277294552693,1562.77785905661
0.0179933335179728,1560.43275863656
0.0179660996043619,1558.57954439381
0.0179319816989035,1556.26252655523
0.0179055867752783,1554.47375277644
0.017870440833267,1552.09755983452
0.0178462280306343,1550.46449304246
0.01781445397367,1548.32632667413
0.0177879751261609,1546.54861311573
0.0177560203707513,1544.40813074779
0.0177307029237423,1542.71610271272
0.017696427606397,1540.43110721108
0.0176743968134937,1538.96583881343
0.0176445635996947,1536.98560462014
0.0176189391793304,1535.28804562016
0.0175879923745358,1533.24154109709
0.0175641598837346,1531.66809793436
0.0175313899195667,1529.50824999657
0.0175100075908606,1528.10103603316
0.0174810309745894,1526.19615422691
0.0174563616830111,1524.57611240508
0.0174244617897624,1522.48351291407
0.0174031670894028,1521.08788722925
0.0173742555845113,1519.19420409848
0.0173503323395285,1517.62795759865
0.0173193183794636,1515.59844479322
0.0172978207261902,1514.19240257492
0.0172667480239585,1512.16122656051
0.0172456756540366,1510.78430507104
0.0172176333288048,1508.95221289306
0.017193806374808,1507.3956176554
0.0171623225602665,1505.33908214947
0.0171422117424193,1504.02569968591
0.0171123752346588,1502.07762880919
0.0170909480743969,1500.67901618441
0.0170611683208997,1498.73596203621
0.0170400653740891,1497.35974141602
0.0170100461923293,1495.40331247767
0.0169896333195204,1494.07393297076
0.0169603989009884,1492.17163346536
0.0169396882022439,1490.82500815454
0.0169122629705337,1489.04272367694
0.01689013895729,1487.60553362563
0.0168605557831961,1485.68464600631
0.0168409385813921,1484.41145537083
0.0168120166086068,1482.53521618994
0.0167920963564459,1481.2434873362
0.0167637399354566,1479.40551073083
0.0167436080948934,1478.10123814832
0.016714812598478,1476.23664410979
0.0166954905994568,1474.98614343339
0.0166674256998699,1473.17079470492
0.0166477508032255,1471.89886200531
0.0166195934095971,1470.07964257351
0.0166003939346164,1468.83992903522
0.0165725977245998,1467.04621341723
0.0165534179528165,1465.80926951607
0.0165257823027581,1464.02805615733
0.0165068131762224,1462.80613725298
0.0164793872723826,1461.04044932921
0.0164605633893772,1459.82919210793
0.016433339913699,1458.07833648598
0.0164146624756237,1456.87791090005
0.0163854387284088,1455.00169965429
0.0163692161883742,1453.96145025665
0.016343438586677,1452.31037959014
0.0163242671647368,1451.08388693789
0.0162978844862789,1449.39808772195
0.0162797833010205,1448.24281909834
0.0162532611357769,1446.55199311051
0.0162357287389579,1445.43537264908
0.0162100314828923,1443.80008056861
0.0161920320647932,1442.65543954416
0.0161660485076579,1441.00397361667
0.0161486363360117,1439.89794867147
0.0161210049964329,1438.14436418767
0.0161055935876513,1437.16719983963
0.016080966348485,1435.60685715361
0.0160628998735685,1434.46289910758
0.0160377570627125,1432.87169769299
0.0160205012247156,1431.78032500097
0.015998402467356,1430.38384566905
0.0159784636900311,1429.12511245303
0.0159530591838705,1427.52280964361
0.0159367882408905,1426.49748908362
0.0159103038315444,1424.83070064642
0.015895523354982,1423.90177157786
0.0158717283919657,1422.40800849103
0.0158546634859647,1421.33776273364
0.0158308232919804,1419.84374626268
0.0158141203745634,1418.79788271372
0.0157930331808676,1417.47881604885
0.0157739274824999,1416.284969564
0.0157495744489692,1414.76454174899
0.0157340484166703,1413.79590756069
0.0157086006212602,1412.2098949121
0.0156944956584097,1411.33171758137
0.0156715648377648,1409.90503981559
0.0156552336402808,1408.8893427559
0.0156322647335965,1407.46090221935
0.0156161491324948,1406.45871998995
0.0155901336342858,1404.84136853277
0.015577273136017,1404.04221100371
0.0155534257337666,1402.56121806639
0.0155386700342046,1401.6453632192
0.0155161889889602,1400.25049058523
0.0155003089901939,1399.26553866946
0.0154755187403465,1397.72900957054
0.0154622273013749,1396.90598027293
0.0154383842969963,1395.43132937376
0.0154245040245138,1394.57381452152
0.0154028156448279,1393.23500780569
0.0153870926738374,1392.26525026563
0.0153676279572401,1391.06591234168
0.0153499964202934,1389.98066617386
0.0153268234220785,1388.55535045567
0.0153131593871964,1387.71525730644
0.0152898218681722,1386.28127956617
0.0152765624711251,1385.4672358711
0.0152530933273113,1384.02782571606
0.0152402579882078,1383.24120983786
0.015219526023208,1381.97105382801
0.0152041673040229,1381.03030530547
0.0151804081763314,1379.57570867185
0.0151682882094983,1378.83416553045
0.0151458831715179,1377.46432130263
0.0151326604072862,1376.65627685285
0.0151120628766969,1375.39762425299
0.0150972031139711,1374.48950532632
0.0150739502680743,1373.06859285823
0.0150619083633576,1372.33294023174
0.0150397735900446,1370.98122549662
0.0150268262403814,1370.190941038
0.015004927860692,1368.85516055828
0.0149919839675674,1368.06599802497
0.0149715086323585,1366.81777475114
0.0149573189423369,1365.95264687848
0.0149350671701926,1364.59601413935
0.0149228095270511,1363.84884378279
0.0149008069342575,1362.50803246957
0.0148884843073969,1361.75707886975
0.0148686958377328,1360.55050669824
0.0148542501613892,1359.66902032447
0.0148317158830205,1358.2930105102
0.0148200861890908,1357.58251868454
0.0147985653705285,1356.26724584058
0.0147860340353787,1355.50110989913
0.0147647278026083,1354.19821975635
0.0147521143383309,1353.42660726478
0.0147320979959115,1352.20116712965
0.0147182632540036,1351.35329974483
0.0146964755464623,1350.0167513334
0.0146844600929937,1349.27913454293
0.014662818298313,1347.9497913376
0.0146507527508471,1347.20828113037
0.014629743440071,1345.91662635948
0.0146171642195049,1345.14283256712
0.0145972976550896,1343.91961680397
0.0145836314036162,1343.07717144866
0.0145620184066399,1341.74338297479
0.0145501346609186,1341.0093714486
0.0145286815334398,1339.68334596955
0.014516721399669,1338.94360273703
0.0144958738957662,1337.65358132659
0.0144834298216215,1336.88335191195
0.014462013142004,1335.55770447944
0.014450304647498,1334.83281177741
0.0144310767608536,1333.64161583591
0.0144172761526464,1332.78588575666
0.0143957792431413,1331.45185808672
0.0143843204765289,1330.74034826421
0.0143633157960789,1329.43549157621
0.0143514766898698,1328.69969423746
0.0143309680399732,1327.42472498867
0.0143187716997012,1326.66642252649
0.0142977044770412,1325.35674158293
0.0142862549414858,1324.645153451
0.0142658244374259,1323.37591640032
0.0142539531362702,1322.63856064722
0.0142350071937641,1321.4614295915
0.0142217836377711,1320.63936163895
0.0142009067399722,1319.34079009099
0.0141897058083212,1318.64378358
0.0141692066061911,1317.36768929907
0.0141577403923586,1316.65361798201
0.0141377488259787,1315.40822794343
0.0141258984234073,1314.66984454502
0.0141053687698786,1313.39062281315
0.0140942139596205,1312.69559778669
0.0140742598270982,1311.45255722637
0.0140627162833592,1310.73367097709
0.0140426462297611,1309.48430205341
0.0140314191291434,1308.78549874628
0.0140131215238631,1307.64609156278
0.0140002264487349,1306.84244715315
0.0139799465791154,1305.57745781873
0.013969083516087,1304.89933504211
0.0139491118687486,1303.65164283027
0.0139380003952937,1302.95687863681
0.0139185315572274,1301.73857155868
0.0139069787133478,1301.01508981373
0.0138869085869539,1299.7574526112
0.0138760461778408,1299.07642834785
0.0138565196715692,1297.85170118207
0.0138452283677988,1297.14326061246
0.013825540850961,1295.90779493242
0.0138145525018113,1295.21817159789
0.0137950560019042,1293.99463059694
0.0137840436674576,1293.30361026167
0.0137646441543962,1292.08658606974
0.0137537216093617,1291.40157063018
0.0137344311986825,1290.19224917148
0.0137236013745097,1289.51363035454
0.0137044568762535,1288.31462926755
0.0136936918262235,1287.64079716152
0.0136746681976953,1286.45074386397
0.0136639962351189,1285.7835476192
0.0136451080220455,1284.60335605484
0.0136344980960994,1283.9405118915
0.0136171955709309,1282.85889466316
0.0136050728613695,1282.10022732777
0.0135858803637624,1280.89748911585
0.0135756390768039,1280.2548454054
0.0135566771082204,1279.06325003071
0.0135461828976734,1278.40270490483
0.0135276555787848,1277.23458332281
0.0135166868509052,1276.54185659027
0.0134975123947294,1275.32890344567
0.0134871639593517,1274.6732290514
0.0134684342685899,1273.4847314936
0.0134576305110353,1272.79816165804
0.0134386742919757,1271.5918582364
0.01342810911108,1270.91866563171
0.0134092534158603,1269.7158244566
0.0133986249111824,1269.03707302072
0.0133797917496628,1267.83320260557
0.0133692017431583,1267.15565983042
0.0133504007263438,1265.95186520798
0.0133398621945439,1265.27663531119
0.0133211385795841,1264.07627081174
0.0133106254825515,1263.40192860743
0.0132919615555643,1262.20426177778
0.0132815073269724,1261.53316066769
0.0132629280037537,1260.34012561747
0.0132525194876379,1259.67158849175
0.0132340230883421,1258.48333455533
0.0132236697111808,1257.81808913359
0.0132052611457388,1256.63510917392
0.0131949619291369,1255.97316980006
0.0131766448738069,1254.79586780375
0.0131664105141152,1254.13829066986
0.0131504335503078,1253.11277975328
0.0131381276292513,1252.3241169284
0.0131195709508585,1251.13704344793
0.013110178051952,1250.53716832069
0.0130926514700591,1249.41973411551
0.0130825526929005,1248.77704565885
0.0130645665612334,1247.63455279349
0.0130552439989004,1247.0433830555
0.0130381287078828,1245.95967714767
0.0130282108488385,1245.33255906823
0.0130108148098048,1244.23391440232
0.0130014077879165,1243.64038961121
0.0129843615636311,1242.56562853668
0.0129747830495367,1241.96197262356
0.012957747265721,1240.88852557185
0.0129482829151234,1240.29210713429
0.0129313060755462,1239.22186855689
0.0129218566955729,1238.62578764638
0.0129049202317146,1237.5564415611
0.0128954571122205,1236.95826611708
0.0128784988173338,1235.88482677388
0.0128690429789173,1235.28532780862
0.0128520686254628,1234.20722515362
0.0128425796610227,1233.60335802252
0.0128255568967218,1232.51781812344
0.0128160534442204,1231.9107145982
0.0128010705816924,1230.95264135782
0.0127895572191538,1230.21592472596
0.0127720262976003,1229.09336851166
0.012763147485658,1228.52440833273
0.0127464592818549,1227.45429336715
0.012736816180623,1226.83553937157
0.0127195237688415,1225.72523116131
0.0127105646207064,1225.14954020212
0.0126939899666755,1224.08356305617
0.0126843675049124,1223.46407758361
0.0126673932682074,1222.37005104087
0.0126582001008357,1221.77678957212
0.0126414546286398,1220.69473479743
0.0126320489603237,1220.08632558365
0.012617324098962,1219.1335275159
0.0126059994547544,1218.40074849398
0.0125887432323786,1217.28416901228
0.01258009844689,1216.72472379977
0.0125637586549675,1215.66715040086
0.0125543253182234,1215.05650339092
0.0125373925109116,1213.96016736195
0.0125286681834839,1213.39508204986
0.0125124744700021,1212.34559613336
0.0125030884771549,1211.73684154394
0.0124865077242077,1210.6604263038
0.0124775486349359,1210.07814768941
0.0124611918856708,1209.01372790322
0.012452023439635,1208.4164641823
0.0124376464295601,1207.47954184874
0.0124265869911394,1206.75875125423
0.0124097039940793,1205.65824116356
0.0124012771409294,1205.10875590961
0.0123852922356162,1204.06604162552
0.0123760662346709,1203.4639642809
0.012359471138086,1202.38040942445
0.012350937186304,1201.82278853981
0.0123350529682751,1200.78398718995
0.0123258616029087,1200.18249101332
0.0123118335613653,1199.26446391323
0.0123009106300959,1198.54985132832
0.012284337927733,1197.4658496069
0.0122761142586202,1196.92792508902
0.012260448564861,1195.90305825868
0.0122514346972473,1195.31323173794
0.0122351769706621,1194.24906663056
0.0122268582714785,1193.70449218542
0.0122129154571549,1192.7921133788
0.0122024429147814,1192.10730292856
0.0121862080618193,1191.04637372641
0.0121782084985719,1190.52376856956
0.0121629312512968,1189.52582556802
0.0121541064231467,1188.9493490131
0.0121382329673718,1187.91213472936
0.0121300958848124,1187.38011540737
0.0121148854459126,1186.38474712886
0.012106127078195,1185.81116050717
0.012092700800101,1184.93169896431
0.0120822497824142,1184.24713182633
0.0120663339619343,1183.20436631815
0.0120584765688354,1182.68928219575
0.012043423458229,1181.70182718031
0.0120347689040808,1181.13388644678
0.0120216121668039,1180.27071242224
0.0120111982885223,1179.58782473288
0.011995701945197,1178.57194493332
0.0119877744185071,1178.0522028196
0.0119728545150659,1177.07374938559
0.0119644433236702,1176.52188422724
0.0119490945551104,1175.51413494499
0.0119411730699241,1174.9937283035
0.0119279589045948,1174.12553902596
0.0119180032916017,1173.47149865793
0.0119025088395746,1172.45341943971
0.0118949397436585,1171.95581951935
0.0118803582310521,1170.99653093862
0.0118719357756296,1170.44216598912
0.0118591718938658,1169.60215184747
0.011849051306779,1168.93630948783
0.0118339385737145,1167.94205148676
0.0118262877284689,1167.43851128257
0.0118117812171485,1166.48315271238
0.0118035829244501,1165.94276432245
0.0117885999737651,1164.95401531389
0.0117808988019452,1164.44525476635
0.0117679944128779,1163.59228327718
0.011758269951277,1162.94921524458
0.0117431002289475,1161.94527684243
0.011735699192712,1161.45492790711
0.0117214002671973,1160.50634698972
0.0117131389467945,1159.95770298208
0.0117005997594523,1159.12460005499
0.0116906489810037,1158.46328315817
0.0116757573946386,1157.47297629812
0.0116682326568653,1156.97208707492
0.0116539262821704,1156.01870726053
0.0116458440183019,1155.47963220245
0.0116333876617462,1154.64860452626
0.0116235431613752,1153.99175711042
0.0116088305828441,1153.00965626317
0.0116013296305218,1152.50854225826
0.0115871357519722,1151.55936195482
0.0115791548159888,1151.02525486446
0.0115668111691866,1150.19905224797
0.0115570743602041,1149.54731700582
0.0115425040639086,1148.57174923211
0.0115350966877176,1148.07567355566
0.0115228262693254,1147.25422125209
0.0115132631062253,1146.61447213553
0.0114981415545716,1145.60345184702
0.0114915864173982,1145.16517974865
0.0114779883159769,1144.25575425059
0.0114700027836081,1143.72163467621
0.0114580844614974,1142.92480320234
0.0114485549825245,1142.28803870789
0.0114343640562251,1141.3399041441
0.0114272242991149,1140.8626643083
0.0114136012439983,1139.95136903429
0.0114059413456141,1139.43865532533
0.0113941053961678,1138.64632870817
0.0113847432593582,1138.01955734084
0.0113707361591412,1137.08133184772
0.0113636213416226,1136.60452581493
0.0113518147507925,1135.81333314429
0.0113426020518391,1135.19614750687
0.0113279932309498,1134.21741565929
0.0113216867335875,1133.79464116642
0.0113085321107002,1132.91193973354
0.0113008032493205,1132.3928721871
0.0112892435904753,1131.61629192879
0.0112799882572148,1130.99435143331
0.0112661681319495,1130.06495906464
0.0112592330241785,1129.59822952159
0.0112476232827858,1128.81675837244
0.0112385605163891,1128.20675235237
0.0112241274211227,1127.23502851976
0.0112179835801981,1126.82126617765
0.01120634583443,1126.03765083396
0.0111975209339916,1125.44368322483
0.0111832328859628,1124.482105617
0.0111771696673099,1124.07383827522
0.0111643957656149,1123.21291008244
0.0111568521596063,1122.70404153449
0.0111456095352963,1121.94537244645
0.0111365955511779,1121.33687558617
0.0111230880946408,1120.42419115426
0.0111163843524322,1119.97079460852
0.0111050613341257,1119.20467437719
0.0110962337946304,1118.60725391913
0.011082129821606,1117.65213899428
0.0110761508448203,1117.24697766137
0.0110647739524946,1116.47590031872
0.0110561493724666,1115.89135795885
0.0110421585123051,1114.94280410002
0.0110362356169006,1114.54109160017
0.0110249382079968,1113.77490590263
0.011016422216228,1113.19748546072
0.0110026381836353,1112.26278536177
0.0109967099487617,1111.8607124464
0.0109855379328121,1111.10314198519
0.0109771073358443,1110.53167463456
0.0109634841806607,1109.60824580966
0.0109576098774982,1109.21001154929
0.010946563336838,1108.4613128202
0.0109382212424955,1107.89612513093
0.0109247375711963,1106.98257389007
0.0109189325839522,1106.58919684988
0.0109080006260747,1105.84850702185
0.0108997436459049,1105.28920972214
0.0108863868842744,1104.38431507909
0.0108806424956398,1103.99500634696
0.0108698097560937,1103.26085254761
0.0108616264234453,1102.70629545708
0.0108483778926214,1101.80811298977
0.0108426818487231,1101.42172582488
0.0108319295719312,1100.69220554765
0.0108238050723198,1100.14088242849
0.0108106413570539,1099.24697669913
0.0108049822202916,1098.8623619971
0.0107942905463885,1098.13541205764
0.0107862098386259,1097.58575699781
0.0107731073721724,1096.69364559021
0.0107674748398223,1096.30972878501
0.0107568253226999,1095.58339653308
0.0107487749186158,1095.03397668855
0.0107357130876975,1094.14144935248
0.0107300984978516,1093.75730800107
0.0107194759018597,1093.0299492653
0.0107114449625218,1092.47959149881
0.0106984077430146,1091.58489613665
0.0106928046119846,1091.19982472212
0.010682197842033,1090.47021446828
0.0106741787247584,1089.91807293343
0.0106611553122286,1089.01999825004
0.0106555595315666,1088.63353503875
0.0106419614320612,1087.69344811667
0.0106369624975331,1087.34771734172
0.0106263253586827,1086.612163466
0.0106184707105203,1086.06908132339
0.0106066467123279,1085.25126930991
0.0106000652870148,1084.79590759259
0.0105898634431877,1084.09017578491
0.0105817632074816,1083.53000506748
0.0105690792653218,1082.65266751782
0.0105635502180101,1082.27006222608
0.0105532741981952,1081.55891886789
0.0105454165961121,1081.01513043504
0.0105326387431447,1080.13031677496
0.0105273439323995,1079.76338315433
0.0105141619196415,1078.84952235114
0.0105093313039531,1078.51468897787
0.0104990583484123,1077.80302338487
0.0104914465691536,1077.27597862391
0.0104800129366875,1076.48424397181
0.0104736559151496,1076.04396037095
0.0104637957842883,1075.36121114649
0.0104559622057947,1074.81894907905
0.0104436733739816,1073.96796487059
0.0104383392990435,1073.59833853579
0.0104253578590778,1072.69854843624
0.0104207793476788,1072.38128084959
0.0104107392539965,1071.68597398507
0.0104033441390435,1071.17408903352
0.0103922216908749,1070.4040558371
0.0103859914536865,1069.97257281098
0.0103763749112122,1069.30660336743
0.0103687178255507,1068.77636214939
0.0103567080578292,1067.94409477787
0.0103514911630148,1067.58219133407
0.0103387734226613,1066.6993420572
0.0103342988211796,1066.38867418873
0.0103244555947719,1065.70542554121
0.0103171989540514,1065.20172530456
0.0103062710907145,1064.44264092251
0.0103001473312107,1064.01689267625
0.0102869338408182,1063.09790727152
0.0102831517507277,1062.83491759582
0.0102710104582857,1061.99109137655
0.0102662680246253,1061.66155224244
0.010255814652035,1060.93486788055
0.0102494493376037,1060.49211164254
0.0102401056010752,1059.84204876251
0.0102326899947242,1059.32598684323
0.0102211063801985,1058.51891130856
0.0102159514034519,1058.1592138302
0.0102035456114459,1057.29256934996
0.0101992175568957,1056.99003061433
0.0101896121973153,1056.3184709043
0.0101825426545905,1055.82394564466
0.0101718638309587,1055.07595447448
0.0101658804270849,1054.65624503037
0.0101529424180161,1053.74777385902
0.0101492373882963,1053.48751380671
0.0101373154959362,1052.65001042051
0.0101326688955608,1052.32345746305
0.0101223906205803,1051.60043444924
0.0101161293869697,1051.15947526627
0.0101033133363376,1050.25621300159
0.0100996269869368,1049.99636071511
0.0100878314729587,1049.16500869776
0.0100832127085678,1048.83941218879
0.0100730153138309,1048.11999307679
0.0100668387693504,1047.68380711313
0.0100541906218403,1046.79007619883
0.0100505093330354,1046.52993900734
0.0100388218568805,1045.70433408716
0.0100342832562714,1045.3839188677
0.0100227505840556,1044.57054773804
0.0100181970278079,1044.2496636062
0.0100080333116665,1043.53358882727
0.0100022151478003,1043.12367979567
0.00999034775608224,1042.28792552702
0.00998632943540003,1042.00515875045
0.00997718037510629,1041.3619164122
0.00997057591697274,1040.89789290926
0.00996045143537905,1040.18640035147
0.00995489185007774,1039.79548298983
0.00994278389912335,1038.94392708856
0.00993926183851422,1038.69626049037
0.00992802258266202,1037.90628150201
0.0099237294338225,1037.6047074018
0.00991270288093978,1036.83080714886
0.00990831559380194,1036.52306305517
0.00989854565881857,1035.83763820101
0.00989297239443274,1035.44643734464
0.00988155033787336,1034.6444766903
0.00987768144365485,1034.37286395204
0.00986885523798563,1033.75339047044
0.009862470761289,1033.30522513182
0.00985266118471783,1032.61579755908
0.00984727277972174,1032.23650807974
0.00983550037943756,1031.4067164767
0.0098320691722212,1031.16465794108
0.00982109095227542,1030.38977546931
0.00981690263723274,1030.09402047839
0.00980609912328601,1029.33101048101
0.00980179524559794,1029.02690621092
0.00979218808225289,1028.34732767685
0.00978670217129504,1027.95868879618
0.00977543268512452,1027.15925797154
0.00977160922632124,1026.88780771887
0.00976050683514799,1026.09922619907
0.00975656131295665,1025.81890056083
0.00974585493064959,1025.05820193449
0.00974158269698037,1024.75455796973
0.00973206479831532,1024.07741698658
0.00972662709545845,1023.69002744021
0.0097154344388213,1022.89169223643
0.00971167918877078,1022.62365195724
0.00970070045716374,1021.83973304416
0.00969678143365729,1021.55983938082
0.00968617635012536,1020.80245242754
0.00968195564343495,1020.50093566589
0.00967253516571235,1019.82730857013
0.00966715327750342,1019.44194172136
0.00965607321906389,1018.64759363883
0.00965235670768335,1018.38095134275
0.00964148195222696,1017.60041166196
0.0096376062754258,1017.32215234175
0.00962710434932493,1016.56820683826
0.00962293348615101,1016.26889755076
0.0096145636369656,1015.6686788505
0.00960837426786303,1015.2250694655
0.00959877685117871,1014.53694451634
0.00959387572313317,1014.1852627615
0.00958286111152146,1013.39445327419
0.00957941293840642,1013.14683820992
0.00956883069994398,1012.38696275723
0.00956502019655461,1012.11337493299
0.00955480219363133,1011.38002748465
0.00955071888710655,1011.08716987773
0.00954257485235857,1010.50359193067
0.00953653630439556,1010.07118709515
0.00952718567058072,1009.40138686831
0.00952241113587607,1009.05908970456
0.00951166508081742,1008.28812409855
0.00950831074341325,1008.04737901461
0.00949797863299549,1007.30569113602
0.00949426282457912,1007.03890512464
0.00948427457956041,1006.32181026419
0.00948028332267692,1006.03534987412
0.0094723119592716,1005.46352859088
0.00946639544585834,1005.03920721511
0.00945722150828003,1004.38067328561
0.00945253539724008,1004.04381807888
0.00944196955343629,1003.28328129235
0.00943866910158637,1003.04548577083
0.00942848415784526,1002.31111453016
0.00942482383244218,1002.04699101138
0.00941495995304203,1001.3348608743
0.00941101611001907,1001.05005469165
0.00940066721689578,1000.30283752645
0.009397282140133,1000.05852702428
0.00938737140082963,999.343674888409
0.00938364456652814,999.074902757015
0.00937505120411967,998.454685928846
0.00937003870584865,998.092442105951
0.0093597244060269,997.346068157559
0.00935643119621119,997.107539654709
0.00934645455803037,996.384374083712
0.00934284441200375,996.122484338679
0.00933312689291667,995.417153855193
0.00932929222204167,995.13872558828
0.00931915602137221,994.402802199039
0.00931580709051793,994.15972583709
0.0093060608675207,993.452735623415
0.00930241965120272,993.188820528634
0.00929474115365277,992.632792382143
0.00928914731854133,992.227988891632
0.00928035153975718,991.591153650094
0.00927592104545459,991.270020125948
0.00926586499347332,990.540300278535
0.00926269791504259,990.310284732995
0.00925295418641812,989.60209438341
0.00924949395697222,989.350390243331
0.00924006504433109,988.664043487616
0.00923631552451607,988.390968119645
0.00922642498418205,987.670517707251
0.00922318867543015,987.434777867034
0.00921368930035998,986.743010613292
0.00921013884354563,986.484575002347
0.00920056251526871,985.788072225427
0.00919719066590963,985.543071117718
0.00918774364389142,984.857514153954
0.00918436714889476,984.612837181357
0.00917700594315497,984.080115636118
0.00917167466964691,983.694695396374
0.00916326999877862,983.086901678195
0.00915903222245977,982.78011401186
0.00914940169154542,982.082054812164
0.00914638560925574,981.863209280434
0.0091370522560796,981.185269259005
0.00913373973663176,980.944364075051
0.00912468376811347,980.284990154811
0.00912109157618193,980.02315577279
0.00911157324332785,979.32877907292
0.00910845931611771,979.101455120895
0.00909928700743813,978.431539265767
0.00909586242832392,978.181330744519
0.00908658703507921,977.503597732692
0.00908332147193003,977.265010616748
0.00907413898538352,976.594355747947
0.00907085718523692,976.354779862591
0.00906174259168019,975.689881227407
0.00905848680486761,975.452575754785
0.00904943320640965,974.793383969434
0.00904622469408581,974.56004247788
0.00903917834642737,974.048113492956
0.00903406978124041,973.677179919654
0.00902600626447129,973.09112867285
0.00902193458214906,972.794681146285
0.00901265864369486,972.117923657195
0.00900975961131126,971.906027345989
0.00900074315099079,971.245760687502
0.0089975456134165,971.01111831565
0.00898876882259495,970.365744703176
0.0089852869125359,970.109206975539
0.00897602788806211,969.425811051431
0.00897300038289891,969.201997457311
0.00896404802103116,968.539284870103
0.00896070556501711,968.291545296324
0.00895162276558553,967.617685076811
0.00894842426237018,967.380198120037
0.00893940351826665,966.710070904427
0.00893617949870301,966.470479219089
0.00892719988209833,965.80309425422
0.00892399163930606,965.564659708318
0.00891504837785078,964.900190541951
0.00891187881745497,964.664791935138
0.00890301038140173,964.006547499306
0.00889985552602315,963.772548509549
0.00889105177016699,963.120138974357
0.00888793255062129,962.889205389929
0.00887920824453903,962.24399430227
0.00887611693024222,962.01563042254
0.00886747234720283,961.377808188721
0.00886441204298676,961.152286767405
0.00885584765457329,960.521965042377
0.0088528179637989,960.299267283508
0.00884433292731111,959.67637273824
0.00884133182246455,959.456330499195
0.00883292184337566,958.840458339784
0.00882994827047938,958.622949563908
0.00882160866250012,958.013600073588
0.00881865996114194,957.798363769235
0.00881038428800846,957.194855520617
0.00880745803544335,956.981631580425
0.00879923922703296,956.383196314937
0.00879633259739313,956.171683236245
0.00878816308625426,955.577488631343
0.00878527315576686,955.367370246701
0.00877714513163951,954.776550658821
0.00877426902693705,954.56751104166
0.00876617479483426,953.979204663928
0.00876330968773572,953.770931432058
0.00875524182418575,953.184301449485
0.00875238507463024,952.976499351148
0.00874433666174067,952.390759285359
0.00874148582691554,952.183153520369
0.00873345056880224,951.597582469701
0.00873060347376475,951.389925934071
0.00872257579390929,950.80388086839
0.00871973056729419,950.595958326871
0.00871170570664711,950.008884937891
0.00870886076494055,949.800512929027
0.00870083478809989,949.21194836469
0.00869798886581355,949.00297797931
0.00868995867151184,948.41255260547
0.00868711080639275,948.202868556311
0.00867907410369716,947.610304079398
0.00867622362151664,947.399823364898
0.00866817887185595,946.804927474091
0.00866532537684289,946.593598150858
0.00865727175240346,945.99625958129
0.00865441507896185,945.784056426492
0.00864635236685249,945.184235396919
0.0086434925691932,944.971158180884
0.00863542109891926,944.368878102846
0.00863255840669664,944.154947211027
0.00862447895807406,943.550284652074
0.00862161374609798,943.335537667299
0.00861352745596559,942.728612065911
0.00861066021422247,942.513100343091
0.00860256849148687,941.904064316794
0.00859969978990827,941.687849172159
0.00859160422982631,941.076878846148
0.00858873469020535,940.860028324549
0.00858063700112413,940.247314763898
0.00857776726557985,940.029900216295
0.00856966919263117,939.415640862377
0.0085667999060966,939.197734675585
0.00855870316787948,938.582126047649
0.00855583495991256,938.363799435935
0.00854774121141397,937.747032149933
0.00854487466484638,937.528352061887
0.00853678544539917,936.910605055826
0.0085339210932729,936.691633353288
0.00852583778622861,936.073069345314
0.00852297611012567,935.853862219825
0.00851489994302122,935.234626606358
0.00851204134342393,935.015231974145
0.00850397335053979,934.395449178251
0.00850111816644517,934.175907956196
0.00849305918724086,933.555680822867
0.00849020769039276,933.336026368745
0.00848215838001851,932.715436767685
0.008479310766288,932.495694187874
0.00847127159425542,931.874802946988
0.0084684279946894,931.654989996015
0.0084604024944616,931.034191476388
0.00845757046960369,930.815137486888
0.0084511865731259,930.321998437647
0.00844683012060464,929.986253527624
0.00843872599427299,929.363598758547
0.00843626719202243,929.175170912472
0.00842856752572224,928.586713960867
0.00842587906849902,928.381854272656
0.00841803109335645,927.785715204183
0.00841566758317826,927.606697985932
0.00840835735471056,927.054392298671
0.00840560893310465,926.847238301185
0.00839814328992853,926.285757702662
0.0083956749627397,926.100453625759
0.00838841602955534,925.556247850843
0.00838583377497395,925.362848531866
0.00837858828494508,924.82049490397
0.00837605110132482,924.630609286807
0.00836882562139434,924.089697038086
0.00836629482499312,923.900112677476
0.0083590842871795,923.359383024083
0.00835653484149367,923.167924628865
0.00834929475810193,922.623240598396
0.0083467448857545,922.431012136168
0.00833947852167338,921.882037376659
0.00833691356192763,921.687965592592
0.00833109517121099,921.24773717273
0.0083271145370641,920.946775599818
0.00831966032233887,920.383723096076
0.00831739489340513,920.212698653007
0.00831024716585704,919.673401955663
0.00830774370875214,919.484638768496
0.00830038093155377,918.929819112487
0.00829815878354412,918.762421678328
0.00829123128891522,918.240534674882
0.00828861629387193,918.043465258478
0.00828146577577707,917.504240319981
0.00827909136840985,917.325014949865
0.00827206709391996,916.794112586243
0.00826955822276856,916.604175592124
0.00826247999276954,916.067240798686
0.00825999090244705,915.877997891659
0.00825287355195153,915.335604169094
0.00825037784649889,915.145093895864
0.00824468299035957,914.710307590078
0.00824079082212947,914.413303785024
0.00823348735297579,913.856364980281
0.00823127500234822,913.687708591987
0.00822427011820381,913.153858381536
0.0082218177366493,912.9670257757
0.00821459252179877,912.41673679937
0.00821241520259388,912.25090341826
0.00820560992095612,911.732384536892
0.00820304242982173,911.536622122514
0.00819600909696031,910.999804569492
0.00819367374066324,910.821325347892
0.00818675683327388,910.291928531152
0.0081842935578138,910.103231247088
0.0081787524117157,909.678961179485
0.00817496644451582,909.389435262634
0.00816785385540458,908.846272487618
0.00816573029171011,908.684236145728
0.00815893645717508,908.166198122281
0.00815656432714699,907.985443308953
0.00814955631650404,907.451704340063
0.00814745706130005,907.291836812382
0.00814086313114884,906.789478154821
0.00813837643104079,906.599877929594
0.0081315532234885,906.078990482403
0.00812929047318869,905.905974422554
0.0081225705100815,905.39120529562
0.00812017833626845,905.20772094708
0.00811478611288786,904.794174839736
0.00811110009305554,904.511698463594
0.0081041616291263,903.980388174981
0.00810209039325795,903.821821862341
0.00809544757714688,903.31331497405
0.00809312642715148,903.135636134966
0.00808625433420226,902.609487469739
0.00808419564408293,902.451772162031
0.00807771274823091,901.954585344432
0.00807526590294569,901.766650201765
0.00806854220570181,901.249329414481
0.00806631640047257,901.077889712539
0.0080610142141708,900.669605811892
0.00805740713410385,900.392099144361
0.0080506429939682,899.87217018437
0.00804856914106281,899.712812305932
0.00804204976195533,899.211914341144
0.00803977747875771,899.037334688884
0.0080330493040207,898.5202754038
0.00803101642436209,898.363939587032
0.00802464740248774,897.873544980444
0.00802225113563593,897.688731976993
0.00801564701576715,897.178397227778
0.00801345839898747,897.009048390587
0.00800824414450455,896.605607916349
0.00800469591737841,896.331244363955
0.00799803338496052,895.816346581303
0.0079959931059377,895.658666792213
0.00798956516887086,895.161786378681
0.00798732395713027,894.988483270326
0.00798067890564362,894.47432382622
0.00797867216857405,894.318886829448
0.00797237646986999,893.830574083012
0.0079700132843276,893.647121291003
0.00796492036998999,893.251960747476
0.00796140336764318,892.979401470073
0.00795481861070619,892.469684184266
0.00795287031049949,892.318932666005
0.00794656629125979,891.831221648527
0.00794438275570172,891.662291993949
0.00793785903740985,891.157394891133
0.00793592040104321,891.007223158092
0.0079297709370999,890.530266553206
0.00792745385678601,890.350407630248
0.00792247517225178,889.964151263283
0.00791903450397592,889.697534478363
0.0079125888786268,889.198588099252
0.00791068617371573,889.051342078346
0.00790451159152586,888.573468335406
0.00790237398995175,888.407987202573
0.00789597830528087,887.912645496063
0.00789408521725208,887.766033656645
0.00788914982572023,887.3842395172
0.00788586731983219,887.130783552274
0.00787957888096079,886.646122541753
0.00787773972189192,886.50450633461
0.00787175697813572,886.044035211413
0.00786966412919098,885.882981996199
0.00786346493135382,885.4057360404
0.00786161013462935,885.262794175845
0.00785573504781804,884.809304170824
0.00785354061306573,884.639715391912
0.00784878331238526,884.272124342427
0.00784549908445548,884.018533842959
0.00783932456851017,883.541916505818
0.00783750303659257,883.401242152528
0.00783156988850594,882.942611731068
0.00782951290862538,882.783416889631
0.00782334071937274,882.305026285071
0.00782151247747873,882.163185933443
0.00781673182436172,881.792395445108
0.00781354697906807,881.545580764289
0.00780742786172704,881.071639476006
0.00780563499406193,880.932749940866
0.00779978789426847,880.479491667434
0.00779773873105103,880.320490256463
0.00779165615938091,879.847921678282
0.00778983954055708,879.706675426222
0.00778512742139653,879.340461634948
0.00778198115184996,879.096186206742
0.00777595370562673,878.628552377029
0.00777417963409667,878.490897227724
0.00776841164418757,878.043067042023
0.00776639474742538,877.886324036716
0.00776039699432803,877.419597231551
0.00775860556632492,877.280077458787
0.00775395715783601,876.918188261523
0.00775085354426303,876.676781544106
0.00774490265384088,876.214160625524
0.00774315291106782,876.078096771532
0.00773745481608593,875.63463768452
0.00773546198140134,875.479359825619
0.00772953002882016,875.016428319196
0.00772775873007613,874.878044623883
0.00772315717129872,874.518602251013
0.00772008378845938,874.278679224549
0.00771418569747224,873.818342035193
0.00771245096479865,873.682869766156
0.00770679691357162,873.240834276444
0.00770481854914647,873.085936627437
0.00769892490959543,872.623630222144
0.00769716473992683,872.485370109236
0.00769258826559482,872.125862976728
0.00768953053802313,871.885741790743
0.00768365796723566,871.424522009033
0.00768193036908002,871.288726537806
0.0076762957602969,870.845237854919
0.0076743233598281,870.689731854275
0.00766844446756047,870.225281279098
0.00766668861751402,870.086347915292
0.00766212062125426,869.724815112973
0.00765906802145953,869.483253000573
0.00765320243887504,869.018950781084
0.00765147695403182,868.882234293518
0.00764584992261586,868.435852885578
0.00764388580856483,868.279969126849
0.0076393990344516,867.924198562285
0.00763635238516543,867.682992508645
0.00763075493908099,867.240356574041
0.00762888975891733,867.092895435942
0.00762334415845163,866.654329524352
0.00762145343448877,866.504707494692
0.00761574082602608,866.052145813658
0.00761401890875155,865.915633771922
0.0076095780924498,865.563706216765
0.00760662046508412,865.329516453963
0.00760091439515514,864.877868070279
0.00759926683949973,864.747391568535
0.00759382105506738,864.315729090314
0.00759192124308276,864.165103211885
0.00758758074124889,863.821339873525
0.00758463452811087,863.58839223541
0.00757921687575968,863.160531132229
0.00757741370733099,863.018138228101
0.00757204422144728,862.593990616194
0.00757021924564712,862.449891145713
0.00756597416036277,862.11524405508
0.0075630998352613,861.889166408026
0.00755784172092478,861.47629309063
0.00755605680130787,861.336203724063
0.00755081635345184,860.924890207549
0.00754904618317267,860.786041547104
0.00754491034882449,860.462217444511
0.00754211152622664,860.243604850793
0.00753698615624404,859.843955410955
0.00753524952217524,859.708590168546
0.00753013551743383,859.3097523986
0.00752840207529579,859.174406626126
0.00752313262234708,858.762170166547
0.00752153190076577,858.636732689955
0.0075174128530255,858.31380759127
0.00751466241689637,858.098122581703
0.0075093333027691,857.679706984334
0.00750779395003914,857.558590235431
0.00750267382881077,857.154700219164
0.00750088364143514,857.013206823473
0.00749677518434855,856.68836445801
0.00749397815862513,856.467199706481
0.00748880878331387,856.058054520804
0.00748708266376047,855.921187388971
0.00748191927587337,855.510864849093
0.00748015778303396,855.370676920325
0.00747604619914043,855.043475525773
0.00747325361011215,854.821331214394
0.0074681214743245,854.412916901694
0.00746637452582352,854.273713559952
0.00746122612395452,853.862763564148
0.00745948083158675,853.723314039106
0.00745539354639672,853.396876690331
0.00745262076204188,853.17560590922
0.00744752575053999,852.769035080387
0.00744579653510845,852.630915771207
0.00744069422881571,852.222796499949
0.00743896617280645,852.084473719544
0.00743491928384332,851.760741178568
0.00743217534860888,851.541464912839
0.00742713300248514,851.138604791535
0.00742542392152844,851.00194230152
0.00742037671371365,850.597808440557
0.00741866771003897,850.460873263829
0.00741466447731524,850.140315984657
0.00741195033198722,849.923204062694
0.00740696408274704,849.524513524752
0.00740528003164267,849.389934293307
0.00740135577688911,849.076888684183
0.00739868805716989,848.864676895625
0.00739326354050962,848.434336765114
0.00739218787365114,848.349081809758
0.0073873212977959,847.963424870147
0.00738572627850716,847.837128203254
0.00738192152348167,847.536452923436
0.00737933897761678,847.332884140681
0.00737461369862604,846.960990080935
0.00737301500256105,846.83515866625
0.00736829132640015,846.463020631024
0.00736669690264706,846.337366552754
0.00736295383132235,846.042645486966
0.00736041699383825,845.843134685769
0.00735575549812435,845.476491551358
0.00735416241040777,845.351002940934
0.00734946674242581,844.98026613887
0.00734787834209466,844.854643934586
0.00734413930290751,844.558867167679
0.00734159945640056,844.357931098833
0.00733691117728933,843.986487213001
0.00733531712210804,843.859872251167
0.00733058756291186,843.482994745075
0.00732898120154511,843.354664843308
0.0073252019664609,843.052474342093
0.00732263117006474,842.846739514317
0.00731788242729426,842.466017379248
0.00731627345137024,842.336837458687
0.00731250734657208,842.034510624879
0.00730993914125615,841.828524324002
0.00730468753616957,841.407423525143
0.00730364332824576,841.323607323123
0.00729889769768024,840.942073882585
0.00729733603579739,840.816387762185
0.0072936002418898,840.515845570311
0.00729105681613125,840.311377041114
0.00728638695229551,839.935914231408
0.00728480968643493,839.809092421916
0.00728112521728658,839.513204960963
0.00727861912994992,839.312377270681
0.00727346961691468,838.900405248467
0.00727249426255887,838.822369339522
0.00726787685221428,838.452608338904
0.00726637770504826,838.332512960888
0.00726276176637997,838.04311745812
0.00726030186480431,837.846494107988
0.007255785661223,837.485496307245
0.00725425389984603,837.362874712048
0.0072497122985981,836.99845365628
0.00724817572151292,836.874940144739
0.00724455740061984,836.583996618875
0.00724209962359647,836.386316312371
0.00723756948105184,836.021441812784
0.00723602398277923,835.896812901146
0.00723242649167308,835.606787142079
0.00722997233281525,835.409118914238
0.00722494643463586,835.0043573357
0.00722395308699743,834.924252629242
0.00721940459203087,834.556719276171
0.00721791059639664,834.435812228448
0.007214323878679,834.145531889402
0.0072118794882811,833.947726566412
0.00720738100887912,833.583353805536
0.00720586009915655,833.46005872398
0.00720229910870166,833.171539616671
0.00719987414782832,832.975313554786
0.00719488051417221,832.571610479059
0.00719393891304163,832.495545013242
0.00719033058911695,832.204544654739
0.00718807325423614,832.022982315716
0.00718331318167969,831.640949244775
0.00718228017866927,831.55806634138
0.00717798162748326,831.212897997693
0.0071764982000252,831.093737272007
0.00717307804883534,830.819250591683
0.00717075170973719,830.632759499288
0.00716645374318813,830.288175054649
0.00716503235087171,830.174184194897
0.0071616499599293,829.903187507267
0.00715935245947276,829.719417663423
0.00715460800738212,829.340164682116
0.0071537109797588,829.268371277658
0.00714943454845117,828.92534687721
0.00714804275615065,828.813498631341
0.00714467284650585,828.542591946681
0.0071423736704083,828.35769577542
0.00713813196166454,828.015966023243
0.00713669676676619,827.900143172144
0.00713332642151034,827.628095562977
0.00713102762190175,827.442601964107
0.00712627370626701,827.058828816448
0.00712537898964745,826.986567741187
0.0071219281431874,826.708072669301
0.00711976655660211,826.533871095289
0.00711518868956625,826.165129244549
0.0071141916204478,826.084721627168
0.00711003264053692,825.748592432768
0.00710859245134787,825.631981141082
0.0071052639247313,825.362380160197
0.00710299394768787,825.178459197692
0.0070987842306885,824.836776935515
0.00709738938553576,824.723376292476
0.00709405963665524,824.452617506685
0.00709179334112488,824.2683918562
0.00708710174935951,823.886832262361
0.00708621739357104,823.814873813187
0.00708281035982024,823.537842354063
0.00708067617005104,823.364535660197
0.00707616064384361,822.998141967473
0.00707517957917387,822.918583841533
0.00707186232454008,822.649983274246
0.00706974109695783,822.47862255891
0.00706531109762382,822.121261313342
0.00706435583888775,822.044158364767
0.00706033409169911,821.718968561602
0.00705895711428731,821.607463261666
0.00705574932658706,821.347675426582
0.00705356391189563,821.17066119281
0.00704950611248036,820.841411868004
0.00704816409398442,820.732328443918
0.00704495314609479,820.471249668887
0.00704276736413526,820.293543909978
0.00703823685665376,819.924869132704
0.00703738103249227,819.855160990736
0.00703408394275306,819.586697432429
0.00703201627071216,819.418472738269
0.00702763308318143,819.061875428085
0.00702668033271916,818.984356932376
0.00702345156719079,818.721910056334
0.00702138482048816,818.554182162136
0.00701706269393787,818.203735903066
0.00701613351102522,818.128439882959
0.00701296332936745,817.871927156559
0.007010935272765,817.708189670503
0.00700670481276596,817.366995226393
0.00700578044158139,817.292363344684
0.00700192182586339,816.980079300444
0.00700059846239769,816.872742830949
0.00699751113236323,816.622154538977
0.00699540499247655,816.451049548761
0.00699148428510064,816.131644973987
0.00699018545161244,816.025550663428
0.00698707120656863,815.770889072697
0.00698494786519113,815.59711303531
0.00698053365948595,815.235083825114
0.00697969868395388,815.166474263909
0.00697647410573396,814.901402870184
0.00697444891966061,814.73489707829
0.00697014368501048,814.380539642491
0.00696920634148769,814.303309162169
0.00696602363617181,814.041135602257
0.00696398358582895,813.87319426538
0.00695970674602665,813.521052743067
0.00695878594517963,813.445215728798
0.00695563933777991,813.186267638419
0.00695362411186249,813.020645872747
0.00694941631503826,812.675017266916
0.00694850023992306,812.599790220637
0.00694540690876524,812.34607217027
0.00694342170782624,812.18353626492
0.00693928070852542,811.844831605678
0.0069383874233205,811.771806962947
0.00693534822841824,811.523703749285
0.00693340153903628,811.365106032701
0.00692933809065127,811.034421029645
0.00692846007309818,810.963008583295
0.0069254764407158,810.720678033388
0.00692356459804813,810.565705262183
0.00691957128171613,810.242312348253
0.00691870896134299,810.172504621459
0.00691577414604526,809.935214460623
0.00691389298208493,809.783379772409
0.00690995960467002,809.466074985047
0.00690910917926489,809.397471479546
0.00690621386278079,809.164127642929
0.00690435645119009,809.014634059898
0.00690046813329202,808.701682972634
0.00689962678395835,808.633935730076
0.00689675969486001,808.403207212976
0.00689491888521969,808.255200183342
0.00689106061364044,807.944802131332
0.00689022486089984,807.877502569307
0.00688737503379715,807.648069940116
0.0068855437911464,807.500705134937
0.00688170140591677,807.191151609637
0.00688086837042046,807.123948109345
0.00687802606947094,806.894629073543
0.00687619842401922,806.747179085666
0.00687236023779978,806.43704038372
0.00687152751358031,806.369638951105
0.00686868506025038,806.139488752092
0.00686685639897106,805.991385488092
0.00686301370231094,805.679584074898
0.00686217961637128,805.611775139038
0.00685933164793675,805.380124271554
0.00685749889384768,805.23098176308
0.00685364616670305,804.916820879298
0.00685280971191374,804.848475384706
0.00684995316288773,804.614930649637
0.00684811468277906,804.464537272398
0.00684424931641209,804.147673226147
0.0068434101039994,804.078736933255
0.00684054391345232,803.843149569833
0.0068386993114432,803.691444709594
0.00683482111152506,803.371829795094
0.00683397923590549,803.302308213899
0.00683110391917636,803.064724101614
0.00682925373874192,802.911763525106
0.0068253642779001,802.589570081915
0.00682452017964256,802.519512071078
0.00682163733563748,802.280113317635
0.00681978274207243,802.126031299101
0.00681588470629575,801.801573064623
0.00681503901824356,801.731052761995
0.00681215085397532,801.490100288342
0.00681029332938308,801.335072887551
0.00680638989852472,801.008730313384
0.00680554333168052,800.93783275541
0.00680265224283278,800.695615225482
0.00680079333431242,800.539829338865
0.00679688769518551,800.211989343037
0.00679604092805336,800.140797207295
0.0067931491782811,799.897591211161
0.00679129030214407,799.741220389185
0.00678738528009295,799.412230659302
0.00678653889554319,799.340816025035
0.00678364839417043,799.096858135403
0.00678179071227097,798.940046820438
0.00677788855236095,798.610187679742
0.00677704299402089,798.538606517544
0.00677282925780931,798.18199994651
0.00677230931680687,798.138080941275
0.00676972838065699,797.92056905023
0.00676766085629036,797.746888925612
0.00676428068928528,797.463616355819
0.00676308319561122,797.363465397947
0.00676040265691126,797.139978741616
0.0067585890994304,796.989374972985
0.00675500354204498,796.692509810324
0.00675416793408987,796.623452154313
0.00675154612658742,796.407279542305
0.00674980966681996,796.264542808994
0.00674616056892782,795.965112321699
0.00674549870462598,795.910837213142
0.00674220495570548,795.641152622208
0.00674122228583896,795.560810823657
0.00673813795176947,795.308547210797
0.00673696185998002,795.212263119822
0.006734396100197,795.002199542916
0.00673270690427698,794.86389830562
0.00672916713145627,794.573461568125
0.00672844091792545,794.513732904486
0.00672582498891473,794.298361994424
0.00672415628215602,794.160798614679
0.00672062806758917,793.868943968827
0.00671984052170814,793.803579127227
0.00671589747952311,793.475776784691
0.00671549965776381,793.442711927
0.00671351777700511,793.278151503447
0.00671119940433423,793.085935608765
0.00670767124557584,792.793372343916
0.00670692190595296,792.731222751723
0.00670438477654347,792.521045636271
0.00670267867920474,792.379949679505
0.00669929533033104,792.100128836547
0.00669845920299619,792.030924926015
0.00669593584655285,791.822144165493
0.00669425503374934,791.683151028987
0.00669069614043733,791.388452026892
0.00669005359569553,791.335150324201
0.00668684216713083,791.068585999989
0.00668584578102034,790.985814884006
0.00668277989247605,790.73053038146
0.00668161758494507,790.63347140894
0.00667737283878503,790.278516952893
0.00667483154222711,790.066451722672
0.00667317477049682,789.928418669781
0.00667020015545785,789.680572957877
0.00666900188554496,789.580717696448
0.00666656435536743,789.377847523181
0.0066648634053716,789.236518762706
0.00666150234892073,788.957207871452
0.00666074619251564,788.894312560511
0.00665828233760656,788.689410970768
0.00665663971108811,788.552844467264
0.00665316313801179,788.263290598485
0.00665252951469337,788.210403782801
0.0066493632406512,787.945976587379
0.00664841477380756,787.866848079384
0.00664597272126369,787.663564091778
0.00664435434884719,787.529139485488
0.00664146934887233,787.289585805786
0.0066403240159572,787.194487995282
0.00663796848028316,786.99917723174
0.00663632787127178,786.863384947081
0.00663306155898933,786.592949935128
0.00663234974790322,786.533947157313
0.00662994165742149,786.334327315718
0.00662837584427799,786.204517662497
0.00662504023856972,785.927319808488
0.00662438910005141,785.873058560362
0.00662113126385035,785.601264439533
0.00662038673453788,785.539181134634
0.00661800456880545,785.340868957425
0.00661642606890047,785.209659809147
0.00661360396052928,784.974958958924
0.00661248198325798,784.881581237778
0.00661017049821607,784.689342629114
0.00660855825063914,784.555387796587
0.00660534229548722,784.287836785889
0.00660463877206159,784.229192561799
0.00660225993630985,784.030764952488
0.00660071024960271,783.901389231843
0.00659740264549672,783.624341972693
0.00659675644275015,783.570029748999
0.0065935188531708,783.297434568622
0.0065927756171207,783.234846564419
0.00659040133621192,783.035132052037
0.00658882624597649,782.902758626784
0.00658600664474707,782.665532611081
0.00658488461565414,782.571016148062
0.00658257088425424,782.376167619332
0.00658095590294153,782.240230947537
0.00657773105313985,781.968316615344
0.00657702548009698,781.908691670206
0.00657350190436966,781.610790442801
0.00657309112046417,781.576106205323
0.00657104871935057,781.403959240602
0.00656921132787283,781.249430046136
0.00656631894913514,781.00622673511
0.00656535812018654,780.925422374472
0.00656307981745043,780.73404010664
0.00656153355326831,780.604333088471
0.00655845025932466,780.345462199408
0.00655771857742568,780.283925811166
0.00655390644786258,779.963366527424
0.00655163031172264,779.772719821661
0.00655015248908704,779.649229179122
0.00654750833535071,779.428305322679
0.00654642366682676,779.337657162451
0.00654424553564,779.155825105498
0.00654271970126643,779.028607398184
0.00653970185407883,778.776643647911
0.00653901845294269,778.719458874474
0.00653531102132946,778.409104808512
0.0065330921213875,778.223948316529
0.00653165108664916,778.103914531459
0.00652906671577575,777.888504604774
0.00652800447229588,777.799878379501
0.00652586879124001,777.621773996662
0.00652437034346761,777.496875385817
0.006521400989426,777.248786082593
0.00652072640458723,777.192253799672
0.00651706400536246,776.884928036799
0.00651486651553918,776.700894196587
0.00651343734431367,776.581328914105
0.00651086991386074,776.366228808613
0.00650981311855742,776.27754339451
0.00650620110068546,775.974708974523
0.00650394887341578,775.786835794684
0.0065026536232964,775.67908616671
0.00650015106093736,775.471000882463
0.00649913554501085,775.386570400089
0.0064970786988123,775.215797817145
0.00649564477621828,775.096911417236
0.00649282764218496,774.862959714985
0.00649215408090721,774.806876668586
0.0064886512237875,774.51495414236
0.00648654986389137,774.340280040843
0.00648518574212375,774.22702404905
0.00648272960918079,774.022775334731
0.00648172031143585,773.938678813144
0.00647968324943084,773.768879545584
0.00647825145539143,773.649467796441
0.0064754042365778,773.411084173345
0.00647475492892315,773.356485868041
0.0064712208472536,773.058484003594
0.00646909123073338,772.878915153005
0.00646770266791615,772.761805932386
0.0064651999844595,772.550135676813
0.00646416721683229,772.462534043158
0.00646062479183686,772.161862727828
0.00645840728036386,771.974210598122
0.00645712865053454,771.866170115972
0.00645465229686137,771.656766960181
0.00645364515700772,771.571518196291
0.00645160133287293,771.398589595616
0.00645017390070899,771.27785559865
0.00644736250211181,771.039432205143
0.00644668961894053,770.982179524273
0.00644318208422096,770.683218240503
0.00644107330467166,770.503708499963
0.0064397027492423,770.38709830234
0.00643723230019672,770.176471507617
0.00643621639811619,770.089660354376
0.00643273098803104,769.791823707262
0.00643055300714205,769.606391963845
0.00642929726124152,769.499672837728
0.00642686682620097,769.293022139662
0.00642587935048046,769.208993370708
0.00642248421427923,768.920605926048
0.00642037741258814,768.742703199008
0.00641915773341523,768.640028692271
0.00641680327444871,768.441942643007
0.00641586055119887,768.362630793661
0.00641259485515526,768.088659934629
0.00641057514851209,767.920441145169
0.00640940212707028,767.823101937911
0.00640714322989966,767.63580340386
0.00640623896235438,767.560826992368
0.00640438554886351,767.40733064802
0.00640309427144207,767.300482065988
0.00640054101557151,767.088549583852
0.00639993346539557,767.037909037457
0.00639673804780111,766.770807182068
0.00639480953472414,766.609593413736
0.00639355229094177,766.504417997548
0.0063912752559221,766.313153044523
0.00639033554611499,766.23388296442
0.00638709156573592,765.959583190292
0.00638505071046384,765.787157619731
0.00638386822748362,765.687239411064
0.00638156773354667,765.49228813435
0.0063806282840341,765.41243261958
